data;horario;n_da_ocorrencia;tipo_de_ocorrencia;km;trecho;sentido;tipo_de_acidente;automovel;bicicleta;caminhao;moto;onibus;outros;tracao_animal;transporte_de_cargas_especiais;trator_maquinas;utilitarios;ilesos;levemente_feridos;moderadamente_feridos;gravemente_feridos;mortos
"02/02/2015";"00:10:00";"5";"sem vítima";"523";"BR-163/MS";"Sul";"Colisão c/ obstáculos";1;0;0;0;0;0;0;0;0;0;1;0;0;0;0
"02/02/2015";"06:56:00";"66";"sem vítima";"271";"BR-163/MS";"Norte";"Colisão lateral no sentido contrário";1;0;1;0;0;0;0;0;0;0;2;0;0;0;0
"02/02/2015";"09:57:00";"129";"com vítima";"739";"BR-163/MS";"Norte";"Tombamento de moto";0;0;0;1;0;0;0;0;0;0;0;2;0;0;0
"02/02/2015";"17:13:00";"278";"com vítima";"482,5";"BR-163/MS";"Norte";"Colisão lateral no mesmo sentido";1;0;0;1;0;0;0;0;0;0;1;0;1;0;0
"02/02/2015";"22:15:00";"350";"com vítima";"643";"BR-163/MS";"Norte";"Colisão lateral no mesmo sentido";1;0;1;0;0;0;0;0;0;0;1;0;0;1;0
"03/02/2015";"05:55:00";"40";"sem vítima";"755";"BR-163/MS";"Norte";"Atropelamento - Animal";1;0;0;0;0;0;0;0;0;0;1;0;0;0;0
"03/02/2015";"07:15:00";"56";"com vítima";"411,5";"BR-163/MS";"Sul";"Colisão lateral no mesmo sentido";0;0;0;0;0;0;0;0;0;2;3;1;0;0;0
"03/02/2015";"12:14:00";"163";"com vítima";"469";"BR-163/MS";"Sul";"Engavetamento";2;0;0;0;0;0;0;0;0;2;2;2;0;0;0
"03/02/2015";"15:12:00";"211";"com vítima";"738,6";"BR-163/MS";"Norte";"Saídas de pista";1;0;0;0;0;0;0;0;0;0;1;1;0;0;0
"03/02/2015";"15:24:00";"216";"sem vítima";"466,4";"BR-163/MS";"Norte";"Colisão com veículos (traseira)";1;0;2;0;0;0;0;0;0;0;4;0;0;0;0
"03/02/2015";"17:27:00";"264";"com vítima";"730,5";"BR-163/MS";"Sul";"Colisão lateral no mesmo sentido";1;0;0;1;0;0;0;0;0;0;1;1;0;0;0
"03/02/2015";"21:31:00";"325";"sem vítima";"552";"BR-163/MS";"Norte";"Saídas de pista";1;0;0;0;0;0;0;0;0;0;1;0;0;0;0
"04/02/2015";"06:48:00";"61";"com vítima";"152,5";"BR-163/MS";"Sul";"Colisão com veículos (traseira)";1;0;1;0;0;0;0;0;0;0;1;2;0;0;0
"04/02/2015";"15:28:00";"263";"com vítima";"77,7";"BR-163/MS";"Sul";"Colisão c/ obstáculos";0;0;0;1;0;0;0;0;0;0;0;0;0;1;0
"05/02/2015";"05:55:00";"48";"sem vítima";"23,4";"BR-163/MS";"Norte";"Colisão com veículos (traseira)";0;0;2;0;0;0;0;0;0;0;3;0;0;0;0
"05/02/2015";"18:37:00";"370";"com vítima";"27";"BR-163/MS";"Sul";"Colisão com veículos (traseira)";0;0;1;0;0;0;0;0;0;1;1;1;0;0;0
"05/02/2015";"21:55:00";"424";"sem vítima";"526";"BR-163/MS";"Norte";"Saídas de pista";0;0;0;0;1;1;0;0;0;0;1;0;0;0;0
"05/02/2015";"23:04:00";"445";"sem vítima";"365";"BR-163/MS";"Norte";"Colisão com veículos (traseira)";1;0;0;0;0;0;0;0;0;0;3;0;0;0;0
"06/02/2015";"07:53:00";"111";"sem vítima";"268";"BR-163/MS";"Norte";"Colisão c/ obstáculos";1;0;1;0;0;0;0;0;0;0;2;0;0;0;0
"06/02/2015";"13:34:00";"236";"com vítima";"230";"BR-163/MS";"Sul";"Saídas de pista";0;0;1;0;0;0;0;0;0;0;0;2;0;0;0
"06/02/2015";"18:14:00";"298";"sem vítima";"493";"BR-163/MS";"Norte";"Saídas de pista";1;0;0;0;0;0;0;0;0;0;1;0;0;0;0
"06/02/2015";"18:45:00";"305";"com vítima";"466";"BR-163/MS";"Sul";"Tombamento";0;0;1;0;0;0;0;0;0;0;0;1;0;0;0
"06/02/2015";"19:18:00";"314";"sem vítima";"155,9";"BR-163/MS";"Sul";"Atropelamento - Animal";1;0;0;0;0;0;0;0;0;0;1;0;0;0;0
"06/02/2015";"21:07:00";"340";"com vítima";"168,5";"BR-163/MS";"Sul";"Capotamento";0;0;0;0;0;0;0;0;0;1;0;0;1;0;0
"06/02/2015";"21:28:00";"344";"com vítima";"686";"BR-163/MS";"Norte";"Tombamento de moto";0;0;0;1;0;0;0;0;0;0;0;1;0;0;0
"06/02/2015";"22:48:00";"357";"com vítima";"655";"BR-163/MS";"Sul";"Colisão lateral no sentido contrário";1;0;2;0;0;0;0;0;0;0;2;0;0;0;3
"07/02/2015";"04:40:00";"51";"sem vítima";"352,2";"BR-163/MS";"Norte";"Colisão lateral no sentido contrário";2;0;0;0;0;0;0;0;0;0;4;0;0;0;0
"07/02/2015";"11:44:00";"178";"sem vítima";"491";"BR-163/MS";"Sul";"Colisão com veículos (traseira)";2;0;0;0;0;0;0;0;0;0;2;0;0;0;0
"07/02/2015";"14:34:00";"235";"sem vítima";"577";"BR-163/MS";"Sul";"Colisão lateral no mesmo sentido";0;0;2;0;0;0;0;0;0;0;2;0;0;0;0
"07/02/2015";"18:17:00";"321";"sem vítima";"165";"BR-163/MS";"Sul";"Colisão lateral no mesmo sentido";2;0;1;0;0;0;0;0;0;0;3;0;0;0;0
"07/02/2015";"18:24:00";"323";"com vítima";"675";"BR-163/MS";"Sul";"Saídas de pista";1;0;0;0;0;0;0;0;0;0;0;2;0;0;0
"08/02/2015";"15:18:00";"270";"com vítima";"387";"BR-163/MS";"Norte";"Saídas de pista";1;0;2;0;0;0;0;0;0;0;2;0;0;1;0
"08/02/2015";"17:48:00";"320";"sem vítima";"626";"BR-163/MS";"Norte";"Colisão lateral no sentido contrário";2;0;0;0;0;0;0;0;0;0;2;0;0;0;0
"08/02/2015";"23:57:00";"400";"com vítima";"620";"BR-163/MS";"Norte";"Capotamento";0;0;1;0;0;0;0;0;0;0;0;1;0;0;0
"09/02/2015";"07:00:00";"83";"com vítima";"577";"BR-163/MS";"Norte";"Saídas de pista";1;0;0;0;0;0;0;0;0;0;0;0;1;0;0
"09/02/2015";"07:34:00";"94";"sem vítima";"206";"BR-163/MS";"Norte";"Tombamento";0;0;1;0;0;0;0;0;0;0;1;0;0;0;0
"09/02/2015";"09:07:00";"135";"sem vítima";"796";"BR-163/MS";"Sul";"Tombamento";0;0;1;0;0;0;0;0;0;0;1;0;0;0;0
"09/02/2015";"13:17:00";"229";"sem vítima";"339";"BR-163/MS";"Norte";"Colisão c/ obstáculos";1;0;0;0;0;0;0;0;0;0;1;0;0;0;0
"09/02/2015";"20:53:00";"360";"com vítima";"508,8";"BR-163/MS";"Norte";"Colisão lateral no mesmo sentido";2;0;0;0;0;0;0;0;0;0;2;1;0;0;0
"10/02/2015";"03:04:00";"22";"sem vítima";"489,8";"BR-163/MS";"Norte";"Atropelamento - Animal";0;0;0;0;0;0;0;0;0;1;1;0;0;0;0
"10/02/2015";"07:39:00";"73";"sem vítima";"8";"BR-163/MS";"Sul";"Colisão c/ obstáculos";1;0;0;0;0;0;0;0;0;0;1;0;0;0;0
"10/02/2015";"08:14:00";"96";"sem vítima";"485";"BR-163/MS";"Sul";"Colisão com veículos (traseira)";0;0;0;0;0;0;0;0;0;2;2;0;0;0;0
"10/02/2015";"09:33:00";"131";"com vítima";"123,3";"BR-163/MS";"Norte";"Capotamento";0;0;0;0;0;0;0;0;0;1;0;1;0;0;0
"10/02/2015";"10:26:00";"154";"com vítima";"424";"BR-163/MS";"Norte";"Colisão lateral no sentido contrário";0;1;1;0;0;0;0;0;0;0;1;0;0;0;1
"10/02/2015";"11:05:00";"174";"com vítima";"78";"BR-163/MS";"Sul";"Colisão lateral no sentido contrário";0;1;0;1;0;0;0;0;0;0;0;2;0;0;0
"10/02/2015";"11:27:00";"178";"com vítima";"39";"BR-163/MS";"Norte";"Colisão com veículos (traseira)";0;0;0;2;0;0;0;0;0;0;1;2;0;0;0
"10/02/2015";"15:40:00";"271";"sem vítima";"649,1";"BR-163/MS";"Norte";"Colisão c/ obstáculos";0;0;1;0;0;0;0;0;0;0;3;0;0;0;0
"10/02/2015";"17:25:00";"316";"sem vítima";"661,8";"BR-163/MS";"Norte";"Colisão com veículos (traseira)";0;0;3;0;0;0;0;0;0;0;3;0;0;0;0
"10/02/2015";"19:18:00";"343";"com vítima";"503";"BR-163/MS";"Norte";"Capotamento";0;0;0;0;0;0;0;0;0;1;0;1;0;0;0
"10/02/2015";"19:25:00";"347";"sem vítima";"248";"BR-163/MS";"Norte";"Colisão com veículos (traseira)";0;0;1;0;0;0;0;0;0;0;2;0;0;0;0
"11/02/2015";"01:50:00";"25";"sem vítima";"467,8";"BR-163/MS";"Norte";"Saídas de pista";0;0;1;0;0;0;0;0;0;0;2;0;0;0;0
"11/02/2015";"16:23:00";"372";"sem vítima";"271";"BR-163/MS";"Norte";"Colisão com veículos (traseira)";0;0;0;0;0;0;0;0;0;2;5;0;0;0;0
"11/02/2015";"22:39:00";"469";"com vítima";"840";"BR-163/MS";"Norte";"Tombamento de moto";0;0;0;1;0;0;0;0;0;0;0;1;0;1;0
"12/02/2015";"12:53:00";"266";"sem vítima";"25";"BR-163/MS";"Sul";"Colisão lateral no mesmo sentido";1;0;1;0;0;0;0;0;0;0;3;0;0;0;0
"13/02/2015";"15:21:00";"264";"com vítima";"256";"BR-163/MS";"Norte";"Capotamento";1;0;0;0;0;0;0;0;0;0;1;1;0;0;0
"13/02/2015";"16:21:00";"280";"com vítima";"261";"BR-163/MS";"Norte";"Colisão com veículos (traseira)";0;0;0;1;0;0;0;0;0;1;1;0;1;0;0
"14/02/2015";"05:17:00";"63";"sem vítima";"472";"BR-163/MS";"Sul";"Capotamento";1;0;0;0;0;0;0;0;0;0;2;0;0;0;0
"14/02/2015";"05:56:00";"74";"com vítima";"270";"BR-163/MS";"Sul";"Colisão com veículos (frontal)";1;0;0;1;0;0;0;0;0;0;2;1;0;0;0
"14/02/2015";"14:58:00";"227";"sem vítima";"78";"BR-163/MS";"Sul";"Colisão com veículos (traseira)";0;0;2;1;0;0;0;0;0;0;6;0;0;0;0
"15/02/2015";"04:02:00";"31";"sem vítima";"843,2";"BR-163/MS";"Norte";"Saídas de pista";1;0;0;0;0;0;0;0;0;0;1;0;0;0;0
"15/02/2015";"05:32:00";"46";"com vítima";"437";"BR-163/MS";"Sul";"Capotamento";1;0;0;0;0;0;0;0;0;0;0;3;3;0;0
"15/02/2015";"12:47:00";"188";"sem vítima";"552";"BR-163/MS";"Norte";"Saídas de pista";1;0;0;0;0;0;0;0;0;0;1;0;0;0;0
"15/02/2015";"19:45:00";"334";"com vítima";"566";"BR-163/MS";"Norte";"Tombamento";0;0;1;0;0;0;0;0;0;0;0;1;0;0;0
"16/02/2015";"01:55:00";"15";"com vítima";"473";"BR-163/MS";"Sul";"Tombamento";0;0;1;0;0;0;0;0;0;0;0;1;0;0;0
"16/02/2015";"20:09:00";"372";"sem vítima";"186";"BR-163/MS";"Norte";"Atropelamento - Animal";1;0;0;0;0;0;0;0;0;0;1;0;0;0;0
"16/02/2015";"23:01:00";"406";"sem vítima";"89";"BR-163/MS";"Norte";"Saídas de pista";0;0;1;0;0;0;0;0;0;0;1;0;0;0;0
"17/02/2015";"03:18:00";"35";"com vítima";"20";"BR-163/MS";"Norte";"Capotamento";1;0;0;0;0;0;0;0;0;0;1;3;0;1;0
"17/02/2015";"05:14:00";"56";"sem vítima";"486";"BR-163/MS";"Norte";"Atropelamento - Animal";0;0;1;0;0;0;0;0;0;0;1;0;0;0;0
"17/02/2015";"08:58:00";"123";"com vítima";"767";"BR-163/MS";"Norte";"Tombamento de moto";0;0;0;1;0;0;0;0;0;0;0;2;0;0;0
"17/02/2015";"18:03:00";"267";"com vítima";"548";"BR-163/MS";"Norte";"Colisão lateral no sentido contrário";1;0;0;0;0;0;0;0;0;1;1;1;1;0;0
"17/02/2015";"23:20:00";"350";"sem vítima";"298";"BR-163/MS";"Sul";"Atropelamento - Animal";1;0;0;0;0;0;0;0;0;0;1;0;0;0;0
"18/02/2015";"00:46:00";"2";"sem vítima";"13,5";"BR-163/MS";"Sul";"Colisão c/ obstáculos";0;0;1;0;0;0;0;0;0;0;1;0;0;0;0
"18/02/2015";"10:00:00";"140";"com vítima";"176";"BR-163/MS";"Norte";"Saídas de pista";1;0;1;0;0;0;0;0;0;0;1;5;0;0;0
"18/02/2015";"12:06:00";"170";"sem vítima";"651";"BR-163/MS";"Norte";"Saídas de pista";1;0;0;0;0;0;0;0;0;0;4;0;0;0;0
"18/02/2015";"18:31:00";"290";"com vítima";"490";"BR-163/MS";"Norte";"Colisão lateral no mesmo sentido";1;0;0;1;0;0;0;0;0;0;2;1;1;0;0
"19/02/2015";"02:01:00";"23";"sem vítima";"248,5";"BR-163/MS";"Norte";"Colisão c/ obstáculos";1;0;0;0;0;0;0;0;0;0;5;0;0;0;0
"19/02/2015";"07:23:00";"90";"sem vítima";"326";"BR-163/MS";"Norte";"Saídas de pista";1;0;0;0;0;0;0;0;0;0;1;0;0;0;0
"19/02/2015";"14:47:00";"305";"com vítima";"212";"BR-163/MS";"Sul";"Colisão lateral no sentido contrário";0;0;1;1;0;0;0;0;0;0;1;0;1;0;0
"19/02/2015";"16:29:00";"350";"com vítima";"432";"BR-163/MS";"Sul";"Colisão lateral no mesmo sentido";3;0;1;0;0;0;0;0;0;0;4;3;0;0;0
"20/02/2015";"12:24:00";"322";"com vítima";"372,9";"BR-163/MS";"Sul";"Colisão com veículos (frontal)";1;0;1;0;0;0;0;0;0;0;1;1;1;1;0
"20/02/2015";"18:44:00";"421";"sem vítima";"370";"BR-163/MS";"Norte";"Colisão lateral no mesmo sentido";2;0;0;0;0;0;0;0;0;0;3;0;0;0;0
"21/02/2015";"04:20:00";"27";"sem vítima";"38";"BR-163/MS";"Sul";"Colisão com veículos (traseira)";0;0;0;0;1;1;0;0;0;1;2;0;0;0;0
"21/02/2015";"13:39:00";"212";"sem vítima";"286";"BR-163/MS";"Norte";"Saídas de pista";0;0;0;0;0;0;0;0;0;1;1;0;0;0;0
"21/02/2015";"21:23:00";"360";"sem vítima";"377,4";"BR-163/MS";"Sul";"Saídas de pista";0;0;0;1;0;0;0;0;0;0;1;0;0;0;0
"21/02/2015";"23:54:00";"410";"sem vítima";"690";"BR-163/MS";"Norte";"Colisão lateral no mesmo sentido";0;0;1;0;0;0;0;0;0;1;2;0;0;0;0
"22/02/2015";"05:28:00";"43";"com vítima";"482";"BR-163/MS";"Norte";"Colisão c/ obstáculos";1;0;0;0;0;0;0;0;0;0;0;0;1;0;0
"22/02/2015";"16:34:00";"246";"sem vítima";"355";"BR-163/MS";"Norte";"Saídas de pista";0;0;1;0;0;0;0;0;0;1;6;0;0;0;0
"22/02/2015";"17:57:00";"266";"com vítima";"260,5";"BR-163/MS";"Norte";"Colisão com veículos (traseira)";1;0;0;1;0;0;0;0;0;0;1;2;0;0;0
"22/02/2015";"19:35:00";"290";"com vítima";"727";"BR-163/MS";"Sul";"Tombamento de moto";0;0;0;1;0;0;0;0;0;0;0;1;0;0;0
"22/02/2015";"21:21:00";"305";"com vítima";"633";"BR-163/MS";"Norte";"Colisão lateral no mesmo sentido";2;0;0;0;0;0;0;0;0;0;1;0;1;0;0
"22/02/2015";"22:10:00";"312";"sem vítima";"585";"BR-163/MS";"Norte";"Atropelamento - Animal";1;0;0;0;0;0;0;0;0;0;4;0;0;0;0
"23/02/2015";"00:26:00";"2";"sem vítima";"117";"BR-163/MS";"Norte";"Saídas de pista";1;0;0;0;0;0;0;0;0;0;1;0;0;0;0
"23/02/2015";"01:51:00";"20";"sem vítima";"155";"BR-163/MS";"Norte";"Saídas de pista";0;0;0;0;1;1;0;0;0;0;18;0;0;0;0
"23/02/2015";"19:41:00";"381";"com vítima";"495";"BR-163/MS";"Norte";"Colisão lateral no sentido contrário";0;0;0;1;0;0;0;0;0;0;0;2;0;0;0
"23/02/2015";"23:59:00";"459";"com vítima";"583";"BR-163/MS";"Norte";"Saídas de pista";0;0;1;0;0;0;0;0;0;0;0;1;0;0;0
"24/02/2015";"05:01:00";"83";"com vítima";"94";"BR-163/MS";"Norte";"Colisão c/ obstáculos";1;0;0;1;0;0;0;0;0;0;2;1;0;0;0
"24/02/2015";"06:10:00";"88";"sem vítima";"72";"BR-163/MS";"Sul";"Saídas de pista";0;0;1;0;0;0;0;0;0;0;2;0;0;0;0
"24/02/2015";"07:02:00";"100";"com vítima";"23";"BR-163/MS";"Sul";"Colisão lateral no sentido contrário";2;0;0;0;0;0;0;0;0;0;1;4;0;0;0
"24/02/2015";"16:07:00";"275";"com vítima";"258";"BR-163/MS";"Sul";"Atropelamento - Pedestre";0;0;1;0;0;0;0;0;0;0;1;1;0;0;0
"25/02/2015";"11:10:00";"184";"com vítima";"475";"BR-163/MS";"Norte";"Colisão lateral no mesmo sentido";2;0;0;0;0;0;0;0;0;0;1;1;0;0;0
"25/02/2015";"17:49:00";"293";"com vítima";"468";"BR-163/MS";"Sul";"Colisão com veículos (traseira)";0;0;3;0;0;0;0;0;0;0;2;0;1;0;0
"25/02/2015";"20:26:00";"337";"sem vítima";"732";"BR-163/MS";"Norte";"Atropelamento - Animal";1;0;0;0;0;0;0;0;0;0;1;0;0;0;0
"26/02/2015";"09:11:00";"160";"sem vítima";"485,5";"BR-163/MS";"Norte";"Colisão com veículos (traseira)";1;0;0;1;0;0;0;0;0;0;2;0;0;0;0
"26/02/2015";"11:38:00";"211";"sem vítima";"240";"BR-163/MS";"Norte";"Colisão lateral no mesmo sentido";1;0;1;0;0;0;0;0;0;0;2;0;0;0;0
"26/02/2015";"12:55:00";"221";"sem vítima";"365";"BR-163/MS";"Norte";"Colisão com veículos (traseira)";2;0;0;0;0;0;0;0;0;0;4;0;0;0;0
"26/02/2015";"13:22:00";"229";"sem vítima";"505";"BR-163/MS";"Sul";"Saídas de pista";1;0;0;0;0;0;0;0;0;0;2;0;0;0;0
"26/02/2015";"13:50:00";"232";"com vítima";"459";"BR-163/MS";"Sul";"Saídas de pista";1;0;0;0;0;0;0;0;0;0;2;1;0;0;0
"26/02/2015";"14:43:00";"242";"sem vítima";"476,8";"BR-163/MS";"Sul";"Saídas de pista";0;0;0;0;0;0;0;0;0;1;1;0;0;0;0
"26/02/2015";"16:29:00";"267";"sem vítima";"227";"BR-163/MS";"Norte";"Colisão com veículos (traseira)";2;0;0;0;0;0;0;0;0;0;2;0;0;0;0
"27/02/2015";"06:23:00";"57";"sem vítima";"609";"BR-163/MS";"Sul";"Colisão com veículos (frontal)";0;0;0;0;0;0;0;0;0;1;1;0;0;0;0
"27/02/2015";"07:59:00";"90";"com vítima";"491";"BR-163/MS";"Norte";"Tombamento de moto";0;0;0;1;0;0;0;0;0;0;0;0;0;1;0
"27/02/2015";"17:41:00";"297";"sem vítima";"255";"BR-163/MS";"Norte";"Saídas de pista";2;0;0;0;0;0;0;0;0;0;2;0;0;0;0
"27/02/2015";"18:34:00";"305";"com vítima";"267";"BR-163/MS";"Norte";"Tombamento de moto";0;0;0;1;0;0;0;0;0;0;0;1;0;0;0
"27/02/2015";"21:27:00";"348";"sem vítima";"207";"BR-163/MS";"Sul";"Colisão c/ obstáculos";1;0;0;0;0;0;0;0;0;0;1;0;0;0;0
"27/02/2015";"23:28:00";"372";"sem vítima";"455";"BR-163/MS";"Norte";"Atropelamento - Animal";1;0;0;0;0;0;0;0;0;0;1;0;0;0;0
"28/02/2015";"04:57:00";"59";"com vítima";"782,3";"BR-163/MS";"Norte";"Capotamento";1;0;0;0;0;0;0;0;0;0;0;1;0;0;0
"28/02/2015";"16:25:00";"267";"com vítima";"200";"BR-163/MS";"Sul";"Colisão lateral no sentido contrário";1;0;1;0;0;0;0;0;0;0;1;1;0;0;0
"01/03/2015";"07:31:00";"80";"com vítima";"14";"BR-163/MS";"Sul";"Saídas de pista";1;0;0;0;0;0;0;0;0;0;0;1;0;0;0
"01/03/2015";"12:44:00";"185";"com vítima";"520";"BR-163/MS";"Norte";"Capotamento";1;0;0;0;0;0;0;0;0;0;3;1;1;0;0
"01/03/2015";"13:12:00";"194";"sem vítima";"505";"BR-163/MS";"Norte";"Capotamento";1;0;0;0;0;0;0;0;0;0;1;0;0;0;0
"01/03/2015";"18:24:00";"284";"com vítima";"258";"BR-163/MS";"Norte";"Colisão lateral no sentido contrário";1;0;0;1;0;0;0;0;0;0;1;0;0;1;0
"01/03/2015";"19:43:00";"312";"sem vítima";"365,8";"BR-163/MS";"Norte";"Colisão c/ obstáculos";1;0;0;0;0;0;0;0;0;0;1;0;0;0;0
"02/03/2015";"03:39:00";"37";"sem vítima";"254";"BR-163/MS";"Sul";"Saídas de pista";1;0;0;0;0;0;0;0;0;0;1;0;0;0;0
"02/03/2015";"07:16:00";"85";"com vítima";"225";"BR-163/MS";"Sul";"Colisão lateral no mesmo sentido";1;0;1;0;0;0;0;0;0;0;1;3;0;0;0
"02/03/2015";"08:14:00";"115";"sem vítima";"450";"BR-163/MS";"Norte";"Colisão com veículos (traseira)";0;0;1;0;0;0;0;0;0;1;2;0;0;0;0
"02/03/2015";"20:36:00";"324";"com vítima";"343,2";"BR-163/MS";"Norte";"Colisão com veículos (traseira)";0;0;0;0;0;1;0;0;0;1;1;1;0;0;0
"03/03/2015";"01:39:00";"14";"sem vítima";"276,5";"BR-163/MS";"Sul";"Saídas de pista";1;0;0;0;0;0;0;0;0;0;1;0;0;0;0
"03/03/2015";"02:44:00";"28";"com vítima";"578";"BR-163/MS";"Sul";"Capotamento";0;0;0;0;0;0;0;0;0;1;0;1;0;0;0
"03/03/2015";"06:25:00";"53";"sem vítima";"732,7";"BR-163/MS";"Sul";"Colisão lateral no mesmo sentido";1;0;1;0;0;0;0;0;0;0;2;0;0;0;0
"03/03/2015";"06:41:00";"60";"sem vítima";"246";"BR-163/MS";"Sul";"Saídas de pista";1;0;0;0;0;0;0;0;0;0;1;0;0;0;0
"03/03/2015";"09:17:00";"140";"sem vítima";"203";"BR-163/MS";"Sul";"Engavetamento";1;0;0;0;0;0;0;0;0;2;4;0;0;0;0
"03/03/2015";"09:33:00";"150";"com vítima";"485";"BR-163/MS";"Norte";"Tombamento de moto";0;0;0;1;0;0;0;0;0;0;1;1;0;0;0
"03/03/2015";"13:37:00";"242";"com vítima";"459";"BR-163/MS";"Norte";"Colisão lateral no mesmo sentido";1;0;2;0;0;3;0;0;0;0;5;0;0;0;1
"03/03/2015";"17:22:00";"296";"sem vítima";"496";"BR-163/MS";"Norte";"Saídas de pista";0;0;1;0;0;0;0;0;0;0;1;0;0;0;0
"04/03/2015";"06:08:00";"149";"com vítima";"124";"BR-163/MS";"Sul";"Tombamento";0;0;1;0;0;0;0;0;0;0;0;1;0;0;0
"04/03/2015";"06:50:00";"159";"com vítima";"477,9";"BR-163/MS";"Norte";"Colisão c/ obstáculos";0;0;0;1;0;0;0;0;0;0;0;2;0;0;0
"04/03/2015";"07:35:00";"179";"com vítima";"484,5";"BR-163/MS";"Norte";"Colisão com veículos (traseira)";1;0;0;1;0;0;0;0;0;0;1;0;1;0;0
"04/03/2015";"16:06:00";"330";"sem vítima";"397";"BR-163/MS";"Norte";"Colisão com veículos (traseira)";2;0;0;0;0;0;0;0;0;0;4;0;0;0;0
"04/03/2015";"16:09:00";"333";"com vítima";"422";"BR-163/MS";"Norte";"Atropelamento - Pedestre";1;0;0;0;0;0;0;0;0;0;1;0;1;0;0
"04/03/2015";"17:17:00";"348";"com vítima";"832";"BR-163/MS";"Norte";"Colisão lateral no mesmo sentido";0;0;1;0;0;1;0;0;0;0;1;1;0;0;0
"04/03/2015";"20:56:00";"396";"sem vítima";"789";"BR-163/MS";"Norte";"Saídas de pista";0;0;1;0;0;0;0;0;0;0;1;0;0;0;0
"05/03/2015";"04:12:00";"21";"sem vítima";"276";"BR-163/MS";"Norte";"Saídas de pista";1;0;0;0;0;0;0;0;0;0;1;0;0;0;0
"05/03/2015";"07:58:00";"90";"sem vítima";"644";"BR-163/MS";"Sul";"Colisão lateral no mesmo sentido";1;0;1;0;0;0;0;0;0;0;2;0;0;0;0
"05/03/2015";"08:33:00";"107";"sem vítima";"691";"BR-163/MS";"Sul";"Colisão lateral no mesmo sentido";0;0;1;0;0;0;0;0;0;1;2;0;0;0;0
"05/03/2015";"12:15:00";"200";"sem vítima";"316";"BR-163/MS";"Norte";"Tombamento";0;0;1;0;0;0;0;0;0;0;1;0;0;0;0
"05/03/2015";"18:55:00";"320";"sem vítima";"423";"BR-163/MS";"Sul";"Colisão lateral no sentido contrário";2;0;0;0;0;1;0;0;0;0;3;0;0;0;0
"05/03/2015";"19:29:00";"330";"sem vítima";"292";"BR-163/MS";"Sul";"Saídas de pista";0;0;1;0;0;0;0;0;0;0;1;0;0;0;0
"05/03/2015";"22:22:00";"372";"com vítima";"133,8";"BR-163/MS";"Sul";"Capotamento";0;0;0;0;0;0;0;0;0;1;0;3;0;0;0
"06/03/2015";"02:26:00";"17";"com vítima";"281";"BR-163/MS";"Sul";"Tombamento de moto";0;0;0;1;0;0;0;0;0;0;0;0;1;0;0
"06/03/2015";"03:50:00";"24";"com vítima";"598";"BR-163/MS";"Norte";"Colisão lateral no mesmo sentido";0;0;1;0;0;0;0;0;0;1;1;1;0;0;0
"06/03/2015";"05:03:00";"37";"sem vítima";"363,8";"BR-163/MS";"Sul";"Saídas de pista";1;0;0;0;0;0;0;0;0;0;1;0;0;0;0
"06/03/2015";"05:07:00";"38";"com vítima";"609";"BR-163/MS";"Norte";"Tombamento de moto";0;0;0;1;0;0;0;0;0;0;0;1;0;0;0
"06/03/2015";"05:26:00";"40";"sem vítima";"687";"BR-163/MS";"Norte";"Atropelamento - Animal";1;0;0;0;0;0;0;0;0;0;1;0;0;0;0
"06/03/2015";"05:50:00";"43";"com vítima";"179";"BR-163/MS";"Norte";"Colisão com veículos (frontal)";2;0;0;0;0;0;0;0;0;0;1;1;3;1;0
"06/03/2015";"11:18:00";"164";"sem vítima";"490";"BR-163/MS";"Norte";"Colisão com veículos (traseira)";2;0;0;0;0;0;0;0;0;0;2;0;0;0;0
"06/03/2015";"12:18:00";"187";"sem vítima";"481";"BR-163/MS";"Sul";"Colisão com veículos (traseira)";0;0;1;0;0;0;0;0;0;1;2;0;0;0;0
"06/03/2015";"18:41:00";"296";"com vítima";"107";"BR-163/MS";"Norte";"Saídas de pista";0;0;1;0;0;0;0;0;0;1;1;1;0;0;0
"06/03/2015";"19:07:00";"301";"sem vítima";"169,6";"BR-163/MS";"Norte";"Saídas de pista";0;0;1;0;0;0;0;0;0;0;1;0;0;0;0
"06/03/2015";"22:19:00";"341";"com vítima";"484,3";"BR-163/MS";"Sul";"Colisão lateral no sentido contrário";2;0;0;0;0;0;0;0;0;0;2;1;0;0;0
"06/03/2015";"22:43:00";"343";"sem vítima";"770";"BR-163/MS";"Norte";"Saídas de pista";0;0;0;0;0;0;0;0;0;1;3;0;0;0;0
"07/03/2015";"02:29:00";"25";"sem vítima";"683";"BR-163/MS";"Norte";"Atropelamento - Animal";1;0;0;0;0;0;0;0;0;0;1;0;0;0;0
"07/03/2015";"20:23:00";"376";"sem vítima";"212";"BR-163/MS";"Norte";"Saídas de pista";1;0;0;0;0;0;0;0;0;0;1;0;0;0;0
"07/03/2015";"23:12:00";"417";"sem vítima";"541";"BR-163/MS";"Norte";"Atropelamento - Animal";1;0;0;0;0;0;0;0;0;0;1;0;0;0;0
"08/03/2015";"04:41:00";"40";"com vítima";"480";"BR-163/MS";"Norte";"Tombamento de moto";0;0;0;1;0;0;0;0;0;0;0;1;0;0;0