data;horario;n_da_ocorrencia;tipo_de_ocorrencia;km;trecho;sentido;tipo_de_acidente;automovel;bicicleta;caminhao;moto;onibus;outros;tracao_animal;transporte_de_cargas_especiais;trator_maquinas;utilitarios;ilesos;levemente_feridos;moderadamente_feridos;gravemente_feridos;mortos
"08/03/2015";"15:35:00";"255";"sem vítima";"522";"BR-163/MS";"Norte";"Colisão c/ obstáculos";1;0;0;0;0;0;0;0;0;0;3;0;0;0;0
"08/03/2015";"15:46:00";"261";"sem vítima";"267";"BR-163/MS";"Sul";"Saídas de pista";2;0;0;0;0;0;0;0;0;0;5;0;0;0;0
"08/03/2015";"18:54:00";"318";"com vítima";"495";"BR-163/MS";"Norte";"Tombamento de moto";0;0;0;1;0;0;0;0;0;0;0;1;0;0;0
"08/03/2015";"21:06:00";"363";"com vítima";"200";"BR-163/MS";"Norte";"Colisão lateral no mesmo sentido";1;0;0;0;0;0;0;0;0;1;3;2;0;0;0
"09/03/2015";"00:43:00";"8";"sem vítima";"188";"BR-163/MS";"Sul";"Saídas de pista";0;0;1;0;0;0;0;0;0;0;1;0;0;0;0
"09/03/2015";"04:21:00";"53";"sem vítima";"117";"BR-163/MS";"Norte";"Atropelamento - Animal";1;0;0;0;0;0;0;0;0;0;1;0;0;0;0
"09/03/2015";"04:53:00";"57";"sem vítima";"324,5";"BR-163/MS";"Norte";"Colisão lateral no mesmo sentido";0;0;0;0;0;0;0;0;0;1;15;0;0;0;0
"09/03/2015";"09:54:00";"162";"com vítima";"788";"BR-163/MS";"Sul";"Tombamento de moto";0;0;0;1;0;0;0;0;0;0;0;1;1;0;0
"09/03/2015";"11:07:00";"215";"sem vítima";"225";"BR-163/MS";"Norte";"Colisão com veículos (traseira)";2;0;0;0;0;0;0;0;0;0;5;0;0;0;0
"09/03/2015";"13:36:00";"263";"sem vítima";"400";"BR-163/MS";"Norte";"Saídas de pista";1;0;0;0;0;0;0;0;0;0;3;0;0;0;0
"09/03/2015";"14:08:00";"269";"sem vítima";"174";"BR-163/MS";"Norte";"Saídas de pista";2;0;0;0;0;0;0;0;0;0;2;0;0;0;0
"09/03/2015";"15:18:00";"293";"sem vítima";"714,4";"BR-163/MS";"Norte";"Tombamento";0;0;1;0;0;0;0;0;0;0;6;0;0;0;0
"09/03/2015";"16:58:00";"319";"sem vítima";"256";"BR-163/MS";"Norte";"Colisão lateral no mesmo sentido";1;0;1;0;0;0;0;0;0;0;2;0;0;0;0
"10/03/2015";"00:25:00";"3";"sem vítima";"506";"BR-163/MS";"Norte";"Saídas de pista";1;0;0;0;0;0;0;0;0;0;1;0;0;0;0
"10/03/2015";"09:56:00";"168";"sem vítima";"3";"BR-163/MS";"Sul";"Colisão com veículos (traseira)";1;0;0;0;0;0;0;0;0;1;4;0;0;0;0
"10/03/2015";"14:18:00";"320";"com vítima";"36";"BR-163/MS";"Norte";"Colisão com veículos (traseira)";1;0;1;0;0;0;0;0;0;0;2;1;0;0;0
"10/03/2015";"16:55:00";"411";"com vítima";"478";"BR-163/MS";"Sul";"Colisão lateral no sentido contrário";1;0;0;1;0;0;0;0;0;0;1;1;0;0;0
"10/03/2015";"17:12:00";"415";"com vítima";"184,5";"BR-163/MS";"Norte";"Colisão com veículos (traseira)";0;0;0;0;0;0;0;0;0;2;0;2;0;0;0
"11/03/2015";"05:15:00";"87";"sem vítima";"334";"BR-163/MS";"Norte";"Saídas de pista";1;0;0;0;0;0;0;0;0;0;1;0;0;0;0
"11/03/2015";"11:59:00";"289";"com vítima";"585";"BR-163/MS";"Norte";"Colisão lateral no sentido contrário";0;0;2;0;0;1;0;0;0;0;1;2;0;0;0
"11/03/2015";"15:21:00";"362";"sem vítima";"127,6";"BR-163/MS";"Norte";"Saídas de pista";1;0;0;0;0;0;0;0;0;0;1;0;0;0;0
"11/03/2015";"17:09:00";"405";"sem vítima";"611";"BR-163/MS";"Norte";"Colisão com veículos (traseira)";1;0;0;0;0;0;0;0;0;1;2;0;0;0;0
"11/03/2015";"21:11:00";"469";"com vítima";"526";"BR-163/MS";"Norte";"Saídas de pista";0;0;0;1;0;0;0;0;0;0;0;2;0;0;0
"11/03/2015";"23:23:00";"488";"com vítima";"683";"BR-163/MS";"Norte";"Atropelamento - Animal";0;0;0;1;0;0;0;0;0;0;0;0;0;1;0
"12/03/2015";"12:22:00";"211";"com vítima";"194";"BR-163/MS";"Norte";"Saídas de pista";1;0;0;0;0;0;0;0;0;0;1;3;0;0;0
"12/03/2015";"17:58:00";"332";"com vítima";"490";"BR-163/MS";"Sul";"Colisão com veículos (traseira)";0;0;0;1;0;0;0;0;0;1;1;1;0;0;0
"13/03/2015";"08:31:00";"146";"sem vítima";"367";"BR-163/MS";"Sul";"Saídas de pista";1;0;0;0;0;0;0;0;0;0;2;0;0;0;0
"13/03/2015";"08:43:00";"153";"com vítima";"231";"BR-163/MS";"Norte";"Tombamento de moto";0;0;0;1;0;0;0;0;0;0;1;0;1;0;0
"13/03/2015";"09:59:00";"178";"sem vítima";"479,2";"BR-163/MS";"Sul";"Saídas de pista";0;0;1;0;0;0;0;0;0;0;1;0;0;0;0
"13/03/2015";"11:10:00";"220";"com vítima";"164";"BR-163/MS";"Norte";"Capotamento";1;0;0;0;0;0;0;0;0;0;1;1;0;0;0
"13/03/2015";"12:16:00";"244";"sem vítima";"553";"BR-163/MS";"Sul";"Capotamento";1;0;0;0;0;0;0;0;0;0;2;0;0;0;0
"13/03/2015";"18:07:00";"368";"sem vítima";"324,8";"BR-163/MS";"Norte";"Colisão com veículos (frontal)";1;0;1;0;0;0;0;0;0;0;2;0;0;0;0
"13/03/2015";"19:43:00";"408";"com vítima";"265";"BR-163/MS";"Norte";"Tombamento de moto";0;0;0;1;0;0;0;0;0;0;0;0;1;0;0
"13/03/2015";"21:25:00";"443";"sem vítima";"753";"BR-163/MS";"Norte";"Atropelamento - Animal";1;0;0;0;0;0;0;0;0;0;1;0;0;0;0
"14/03/2015";"00:50:00";"4";"com vítima";"620";"BR-163/MS";"Norte";"Colisão lateral no mesmo sentido";0;0;1;0;1;0;0;0;0;0;1;3;0;0;0
"14/03/2015";"21:41:00";"375";"sem vítima";"788";"BR-163/MS";"Sul";"Atropelamento - Animal";0;0;1;0;0;0;0;0;0;0;1;0;0;0;0
"14/03/2015";"23:04:00";"391";"com vítima";"617";"BR-163/MS";"Norte";"Colisão c/ obstáculos";1;0;0;1;0;0;0;0;0;0;1;1;0;0;0
"15/03/2015";"05:24:00";"56";"sem vítima";"217";"BR-163/MS";"Norte";"Capotamento";1;0;0;0;0;0;0;0;0;0;1;0;0;0;0
"15/03/2015";"12:08:00";"180";"com vítima";"83";"BR-163/MS";"Sul";"Tombamento de moto";0;0;0;1;0;0;0;0;0;0;0;1;0;0;0
"15/03/2015";"13:54:00";"207";"sem vítima";"468";"BR-163/MS";"Sul";"Colisão com veículos (traseira)";2;0;0;0;0;0;0;0;0;0;5;0;0;0;0
"15/03/2015";"13:55:00";"208";"com vítima";"484";"BR-163/MS";"Sul";"Colisão lateral no mesmo sentido";1;0;1;0;0;0;0;0;0;0;1;1;0;0;0
"15/03/2015";"13:57:00";"211";"sem vítima";"575";"BR-163/MS";"Norte";"Tombamento";1;0;3;0;0;0;0;0;0;0;4;0;0;0;0
"15/03/2015";"14:47:00";"221";"sem vítima";"206";"BR-163/MS";"Sul";"Tombamento";0;0;1;0;0;0;0;0;0;0;1;0;0;0;0
"15/03/2015";"17:20:00";"265";"com vítima";"308";"BR-163/MS";"Norte";"Saídas de pista";1;0;0;0;0;0;0;0;0;0;2;1;0;1;0
"15/03/2015";"22:35:00";"334";"com vítima";"837,3";"BR-163/MS";"Norte";"Tombamento de moto";0;0;1;1;0;0;0;0;0;0;1;1;0;0;0
"16/03/2015";"04:20:00";"68";"sem vítima";"736";"BR-163/MS";"Norte";"Saídas de pista";0;0;0;0;0;0;0;0;0;1;1;0;0;0;0
"16/03/2015";"07:49:00";"112";"com vítima";"690";"BR-163/MS";"Sul";"Tombamento";0;0;1;0;0;0;0;0;0;0;0;1;0;0;0
"16/03/2015";"08:08:00";"138";"sem vítima";"26";"BR-163/MS";"Norte";"Colisão com veículos (traseira)";1;0;0;0;0;0;0;0;0;1;6;0;0;0;0
"16/03/2015";"14:38:00";"336";"com vítima";"577";"BR-163/MS";"Norte";"Tombamento de moto";0;0;1;1;0;0;0;0;0;0;1;0;1;0;0
"16/03/2015";"18:19:00";"412";"com vítima";"253";"BR-163/MS";"Sul";"Capotamento";1;0;0;0;0;0;0;0;0;0;0;1;0;0;0
"16/03/2015";"21:18:00";"465";"com vítima";"248";"BR-163/MS";"Sul";"Tombamento";0;0;0;1;0;0;0;0;0;0;0;0;1;0;0
"16/03/2015";"23:45:00";"556";"com vítima";"406";"BR-163/MS";"Norte";"Saídas de pista";0;0;0;0;1;0;0;0;0;0;25;0;1;0;0
"17/03/2015";"02:39:00";"55";"sem vítima";"423";"BR-163/MS";"Norte";"Saídas de pista";1;0;0;0;0;0;0;0;0;0;1;0;0;0;0
"17/03/2015";"04:04:00";"89";"sem vítima";"614";"BR-163/MS";"Norte";"Colisão com veículos (traseira)";0;0;0;1;0;0;0;0;0;1;2;0;0;0;0
"17/03/2015";"08:52:00";"207";"com vítima";"630";"BR-163/MS";"Norte";"Tombamento de moto";0;0;0;1;0;0;0;0;0;0;0;2;0;0;0
"17/03/2015";"16:04:00";"418";"com vítima";"49";"BR-163/MS";"Norte";"Saídas de pista";1;0;0;0;0;0;0;0;0;0;0;1;0;0;0
"17/03/2015";"17:15:00";"463";"com vítima";"549";"BR-163/MS";"Sul";"Colisão lateral no sentido contrário";2;0;0;0;0;0;0;0;0;0;1;1;0;0;0
"17/03/2015";"17:25:00";"466";"sem vítima";"615";"BR-163/MS";"Norte";"Colisão com veículos (traseira)";1;0;1;0;0;0;0;0;0;0;2;0;0;0;0
"17/03/2015";"20:35:00";"519";"sem vítima";"355,2";"BR-163/MS";"Norte";"Saídas de pista";0;0;1;0;0;0;0;0;0;0;1;0;0;0;0
"18/03/2015";"00:20:00";"3";"sem vítima";"321,5";"BR-163/MS";"Sul";"Atropelamento - Animal";0;0;1;0;0;0;0;0;0;0;1;0;0;0;0
"18/03/2015";"00:58:00";"9";"sem vítima";"323";"BR-163/MS";"Norte";"Atropelamento - Animal";0;0;0;0;1;0;0;0;0;0;1;0;0;0;0
"18/03/2015";"05:19:00";"52";"com vítima";"202,1";"BR-163/MS";"Sul";"Colisão com veículos (frontal)";1;0;0;0;1;0;0;0;0;0;15;4;0;0;1
"18/03/2015";"08:28:00";"115";"com vítima";"444";"BR-163/MS";"Sul";"Colisão com veículos (traseira)";0;0;2;0;0;0;0;0;0;0;1;2;0;0;0
"18/03/2015";"11:27:00";"245";"com vítima";"365";"BR-163/MS";"Norte";"Tombamento de moto";0;0;0;1;0;0;0;0;0;0;0;1;0;0;0
"18/03/2015";"16:06:00";"346";"sem vítima";"485,5";"BR-163/MS";"Norte";"Colisão lateral no mesmo sentido";1;0;1;0;0;0;0;0;0;0;2;0;0;0;0
"18/03/2015";"22:06:00";"467";"sem vítima";"662";"BR-163/MS";"Norte";"Atropelamento - Animal";1;0;0;0;0;0;0;0;0;0;1;0;0;0;0
"18/03/2015";"22:51:00";"494";"sem vítima";"778";"BR-163/MS";"Norte";"Colisão c/ obstáculos";1;0;0;0;0;0;0;0;0;0;1;0;0;0;0
"18/03/2015";"23:21:00";"509";"com vítima";"534";"BR-163/MS";"Norte";"Tombamento";0;0;1;0;0;0;0;0;0;0;0;0;0;1;0
"19/03/2015";"01:44:00";"29";"com vítima";"276";"BR-163/MS";"Sul";"Colisão c/ obstáculos";0;0;0;1;0;0;0;0;0;0;0;0;1;0;0
"19/03/2015";"18:13:00";"513";"com vítima";"661,8";"BR-163/MS";"Norte";"Colisão c/ obstáculos";0;0;1;0;1;0;0;0;0;0;3;4;0;0;0
"19/03/2015";"22:08:00";"580";"sem vítima";"521";"BR-163/MS";"Sul";"Saídas de pista";0;0;1;0;0;0;0;0;0;0;1;0;0;0;0
"20/03/2015";"01:15:00";"5";"sem vítima";"695";"BR-163/MS";"Sul";"Atropelamento - Animal";1;0;0;0;0;0;0;0;0;0;1;0;0;0;0
"20/03/2015";"17:23:00";"581";"sem vítima";"485";"BR-163/MS";"Norte";"Colisão lateral no sentido contrário";1;0;0;1;0;0;0;0;0;0;2;0;0;0;0
"20/03/2015";"20:58:00";"644";"com vítima";"616";"BR-163/MS";"Norte";"Colisão lateral no sentido contrário";1;0;1;0;0;0;0;0;0;0;1;0;1;0;0
"20/03/2015";"22:59:00";"714";"sem vítima";"432";"BR-163/MS";"Sul";"Colisão c/ obstáculos";0;0;1;0;0;0;0;0;0;0;1;0;0;0;0
"21/03/2015";"05:28:00";"100";"sem vítima";"342";"BR-163/MS";"Sul";"Colisão com veículos (traseira)";1;0;1;0;0;0;0;0;0;0;3;0;0;0;0
"21/03/2015";"08:24:00";"158";"sem vítima";"476";"BR-163/MS";"Sul";"Colisão com veículos (traseira)";0;0;1;0;0;0;0;0;0;1;2;0;0;0;0
"21/03/2015";"10:57:00";"226";"sem vítima";"271,8";"BR-163/MS";"Sul";"Colisão lateral no mesmo sentido";0;0;1;1;0;0;0;0;0;0;2;0;0;0;0
"21/03/2015";"12:29:00";"277";"com vítima";"0,2";"BR-163/MS";"Sul";"Tombamento de moto";0;0;0;1;0;0;0;0;0;0;0;0;1;0;0
"21/03/2015";"13:27:00";"283";"com vítima";"412";"BR-163/MS";"Norte";"Colisão lateral no sentido contrário";1;0;0;1;0;0;0;0;0;0;3;0;1;0;0
"21/03/2015";"14:03:00";"287";"com vítima";"367";"BR-163/MS";"Norte";"Colisão com veículos (traseira)";0;0;2;0;0;0;0;0;0;0;1;1;0;0;0
"22/03/2015";"03:58:00";"45";"com vítima";"731,3";"BR-163/MS";"Norte";"Tombamento";0;0;1;0;0;0;0;0;0;0;0;1;0;0;0
"22/03/2015";"20:08:00";"328";"sem vítima";"600";"BR-163/MS";"Norte";"Colisão lateral no mesmo sentido";0;0;0;0;0;0;0;0;0;1;4;0;0;0;0
"23/03/2015";"14:31:00";"288";"sem vítima";"475";"BR-163/MS";"Sul";"Colisão lateral no mesmo sentido";1;0;1;0;0;0;0;0;0;0;4;0;0;0;0
"25/03/2015";"09:09:00";"130";"com vítima";"480";"BR-163/MS";"Sul";"Tombamento de moto";0;0;0;1;0;0;0;0;0;0;0;1;0;0;0
"25/03/2015";"16:08:00";"259";"sem vítima";"318";"BR-163/MS";"Sul";"Saídas de pista";1;0;0;0;0;0;0;0;0;0;1;0;0;0;0
"26/03/2015";"01:17:00";"12";"sem vítima";"382,7";"BR-163/MS";"Norte";"Saídas de pista";1;0;0;0;0;0;0;0;0;0;3;0;0;0;0
"26/03/2015";"04:47:00";"39";"sem vítima";"290";"BR-163/MS";"Norte";"Saídas de pista";1;0;0;0;0;0;0;0;0;0;1;0;0;0;0
"26/03/2015";"06:27:00";"49";"com vítima";"265";"BR-163/MS";"Norte";"Colisão com veículos (traseira)";2;0;0;0;0;0;0;0;0;0;2;1;0;0;0
"26/03/2015";"06:28:00";"50";"sem vítima";"344";"BR-163/MS";"Sul";"Capotamento";1;0;0;0;0;0;0;0;0;0;1;0;0;0;0
"26/03/2015";"09:08:00";"103";"com vítima";"333";"BR-163/MS";"Sul";"Colisão lateral no sentido contrário";1;0;1;0;0;0;0;0;0;0;2;2;0;0;0
"26/03/2015";"12:01:00";"130";"sem vítima";"480";"BR-163/MS";"Norte";"Colisão com veículos (frontal)";0;0;1;0;0;0;0;0;0;1;2;0;0;0;0
"26/03/2015";"15:26:00";"179";"com vítima";"520";"BR-163/MS";"Sul";"Colisão com veículos (traseira)";1;0;0;1;0;0;0;0;0;0;1;0;0;1;0
"26/03/2015";"17:40:00";"207";"sem vítima";"520";"BR-163/MS";"Norte";"Colisão com veículos (traseira)";0;0;1;0;0;0;0;0;0;1;2;0;0;0;0
"26/03/2015";"20:45:00";"249";"com vítima";"136,9";"BR-163/MS";"Norte";"Colisão lateral no sentido contrário";2;0;0;0;0;0;0;0;0;0;2;1;0;0;0
"27/03/2015";"04:30:00";"125";"sem vítima";"188";"BR-163/MS";"Norte";"Atropelamento - Animal";1;0;0;0;0;0;0;0;0;0;1;0;0;0;0
"27/03/2015";"17:02:00";"389";"sem vítima";"234,5";"BR-163/MS";"Sul";"Colisão com veículos (traseira)";1;0;1;0;0;0;0;0;0;1;6;0;0;0;0
"27/03/2015";"17:52:00";"403";"com vítima";"626,5";"BR-163/MS";"Norte";"Tombamento de moto";0;0;0;1;0;0;0;0;0;0;0;1;0;0;0
"27/03/2015";"19:01:00";"418";"com vítima";"616";"BR-163/MS";"Sul";"Colisão lateral no sentido contrário";1;0;0;1;0;0;0;0;0;0;1;0;1;0;0
"28/03/2015";"01:52:00";"23";"sem vítima";"402";"BR-163/MS";"Sul";"Saídas de pista";0;0;1;0;0;0;0;0;0;0;1;0;0;0;0
"28/03/2015";"03:03:00";"46";"com vítima";"711";"BR-163/MS";"Norte";"Colisão lateral no mesmo sentido";0;0;2;0;0;0;0;0;0;0;1;1;0;0;0
"28/03/2015";"09:24:00";"166";"sem vítima";"485";"BR-163/MS";"Norte";"Engavetamento";1;0;2;0;0;0;0;0;0;0;4;0;0;0;0
"28/03/2015";"21:52:00";"493";"sem vítima";"272";"BR-163/MS";"Norte";"Colisão lateral no mesmo sentido";0;0;2;0;0;0;0;0;0;0;2;0;0;0;0
"29/03/2015";"03:16:00";"42";"sem vítima";"523,35";"BR-163/MS";"Norte";"Saídas de pista";1;0;0;0;0;0;0;0;0;0;1;0;0;0;0
"29/03/2015";"05:44:00";"63";"sem vítima";"769,2";"BR-163/MS";"Sul";"Saídas de pista";1;0;0;0;0;0;0;0;0;0;1;0;0;0;0
"29/03/2015";"06:11:00";"67";"com vítima";"257";"BR-163/MS";"Norte";"Tombamento";1;0;0;0;0;0;0;0;0;0;1;1;0;0;0
"29/03/2015";"07:22:00";"82";"sem vítima";"472";"BR-163/MS";"Norte";"Colisão lateral no sentido contrário";1;0;1;0;0;0;0;0;0;0;2;0;0;0;0
"29/03/2015";"08:40:00";"120";"com vítima";"289";"BR-163/MS";"Norte";"Colisão lateral no mesmo sentido";0;2;0;0;1;0;0;0;0;0;11;1;0;0;0
"29/03/2015";"08:55:00";"124";"com vítima";"144";"BR-163/MS";"Norte";"Tombamento";0;0;1;0;0;0;0;0;0;0;0;1;0;0;0
"29/03/2015";"18:05:00";"249";"sem vítima";"420,5";"BR-163/MS";"Norte";"Colisão com veículos (traseira)";0;0;0;1;0;0;0;0;0;1;2;0;0;0;0
"29/03/2015";"18:55:00";"259";"sem vítima";"171,4";"BR-163/MS";"Norte";"Saídas de pista";1;0;0;0;0;0;0;0;0;0;2;0;0;0;0
"29/03/2015";"23:36:00";"334";"com vítima";"479";"BR-163/MS";"Norte";"Colisão c/ obstáculos";1;0;0;0;0;0;0;0;0;0;0;0;1;0;0
"30/03/2015";"01:39:00";"8";"sem vítima";"577";"BR-163/MS";"Sul";"Atropelamento - Animal";1;0;0;0;0;0;0;0;0;0;1;0;0;0;0
"30/03/2015";"04:26:00";"35";"sem vítima";"815";"BR-163/MS";"Norte";"Tombamento de moto";0;0;0;1;0;0;0;0;0;0;1;0;0;0;0
"30/03/2015";"14:37:00";"240";"sem vítima";"582";"BR-163/MS";"Norte";"Saídas de pista";0;0;0;0;0;0;0;0;0;1;2;0;0;0;0
"30/03/2015";"14:52:00";"248";"sem vítima";"753";"BR-163/MS";"Norte";"Tombamento";0;0;1;0;0;0;0;0;0;0;1;0;0;0;0
"31/03/2015";"05:04:00";"113";"sem vítima";"660";"BR-163/MS";"Sul";"Atropelamento - Animal";1;0;0;0;0;0;0;0;0;0;1;0;0;0;0
"31/03/2015";"09:44:00";"273";"com vítima";"487";"BR-163/MS";"Sul";"Colisão lateral no sentido contrário";1;0;1;0;0;0;0;0;0;0;1;0;1;0;0
"31/03/2015";"22:32:00";"560";"sem vítima";"711";"BR-163/MS";"Sul";"Saídas de pista";1;0;0;0;0;0;0;0;0;0;1;0;0;0;0
"31/03/2015";"23:27:00";"571";"com vítima";"762";"BR-163/MS";"Norte";"Capotamento";1;0;0;0;0;0;0;0;0;0;0;4;0;0;0
"01/04/2015";"09:52:00";"221";"com vítima";"378";"BR-163/MS";"Sul";"Tombamento de moto";0;0;0;1;0;0;0;0;0;0;0;1;0;0;0
"01/04/2015";"15:01:00";"360";"sem vítima";"389,5";"BR-163/MS";"Sul";"Saídas de pista";1;0;0;0;0;0;0;0;0;0;4;0;0;0;0
"01/04/2015";"18:36:00";"428";"com vítima";"462";"BR-163/MS";"Norte";"Colisão com veículos (frontal)";2;0;1;0;0;0;0;0;0;0;1;1;1;0;0
"02/04/2015";"07:16:00";"73";"com vítima";"233";"BR-163/MS";"Norte";"Colisão lateral no mesmo sentido";1;0;1;0;0;0;0;0;0;1;6;1;0;0;0
"02/04/2015";"10:48:00";"166";"com vítima";"343";"BR-163/MS";"Norte";"Colisão lateral no mesmo sentido";1;0;0;1;0;0;0;0;0;0;1;0;1;0;0
"02/04/2015";"13:06:00";"210";"com vítima";"77";"BR-163/MS";"Norte";"Colisão lateral no sentido contrário";1;0;0;1;0;0;0;0;0;0;1;1;0;0;0
"02/04/2015";"14:43:00";"235";"com vítima";"781,4";"BR-163/MS";"Norte";"Colisão lateral no mesmo sentido";0;0;2;0;0;0;0;0;0;0;1;3;0;0;0
"02/04/2015";"15:36:00";"249";"com vítima";"829";"BR-163/MS";"Norte";"Tombamento de moto";0;0;0;1;0;0;0;0;0;0;0;2;0;0;0
"02/04/2015";"16:34:00";"269";"sem vítima";"548,6";"BR-163/MS";"Sul";"Colisão lateral no sentido contrário";1;0;0;1;0;0;0;0;0;0;2;0;0;0;0
"02/04/2015";"16:51:00";"272";"sem vítima";"551";"BR-163/MS";"Norte";"Capotamento";1;0;0;0;0;0;0;0;0;0;4;0;0;0;0
"02/04/2015";"17:32:00";"279";"sem vítima";"502";"BR-163/MS";"Sul";"Capotamento";1;0;0;0;0;0;0;0;0;0;1;0;0;0;0
"02/04/2015";"18:08:00";"287";"com vítima";"31";"BR-163/MS";"Sul";"Saídas de pista";1;0;0;0;0;0;0;0;0;0;0;0;1;0;0
"02/04/2015";"18:19:00";"292";"com vítima";"223";"BR-163/MS";"Sul";"Tombamento de moto";0;0;0;1;0;0;0;0;0;0;0;2;0;0;0
"03/04/2015";"00:40:00";"10";"sem vítima";"265,5";"BR-163/MS";"Sul";"Capotamento";1;0;0;0;0;0;0;0;0;0;1;0;0;0;0
"03/04/2015";"12:47:00";"242";"com vítima";"511";"BR-163/MS";"Sul";"Tombamento de moto";0;0;0;1;0;0;0;0;0;0;0;1;1;0;0
"03/04/2015";"22:18:00";"373";"sem vítima";"329";"BR-163/MS";"Sul";"Atropelamento - Animal";1;0;0;0;0;0;0;0;0;0;1;0;0;0;0
"04/04/2015";"05:17:00";"58";"com vítima";"412,8";"BR-163/MS";"Norte";"Capotamento";0;0;0;0;0;0;0;0;0;1;0;0;1;0;0
"04/04/2015";"16:17:00";"328";"sem vítima";"256";"BR-163/MS";"Norte";"Colisão com veículos (traseira)";2;0;0;0;0;0;0;0;0;0;6;0;0;0;0
"04/04/2015";"16:35:00";"357";"sem vítima";"258";"BR-163/MS";"Sul";"Colisão com veículos (traseira)";0;0;2;0;0;0;0;0;0;0;2;0;0;0;0
"04/04/2015";"19:45:00";"382";"sem vítima";"20,5";"BR-163/MS";"Norte";"Saídas de pista";1;0;0;0;0;0;0;0;0;0;1;0;0;0;0
"04/04/2015";"23:47:00";"428";"com vítima";"222";"BR-163/MS";"Sul";"Saídas de pista";1;0;0;0;0;0;0;0;0;0;3;0;0;1;0
"05/04/2015";"06:04:00";"43";"sem vítima";"485,5";"BR-163/MS";"Norte";"Colisão com veículos (traseira)";1;0;0;0;0;0;0;0;0;0;1;0;0;0;0
"05/04/2015";"08:41:00";"105";"com vítima";"579";"BR-163/MS";"Norte";"Capotamento";1;0;0;0;0;0;0;0;0;0;0;2;2;0;0
"05/04/2015";"11:57:00";"156";"com vítima";"497";"BR-163/MS";"Norte";"Saídas de pista";0;0;0;0;0;0;0;0;0;1;0;1;0;0;0
"05/04/2015";"20:34:00";"287";"sem vítima";"254";"BR-163/MS";"Norte";"Colisão com veículos (traseira)";2;0;0;0;0;0;0;0;0;0;2;0;0;0;0
"06/04/2015";"07:13:00";"57";"com vítima";"522";"BR-163/MS";"Sul";"Colisão com veículos (traseira)";0;0;0;0;0;0;0;0;0;2;3;1;0;0;0
"06/04/2015";"19:03:00";"275";"sem vítima";"565";"BR-163/MS";"Norte";"Tombamento";0;0;1;0;0;0;0;0;0;0;1;0;0;0;0
"07/04/2015";"02:58:00";"17";"com vítima";"127,5";"BR-163/MS";"Norte";"Saídas de pista";0;0;1;0;0;0;0;0;0;0;0;3;0;0;0
"07/04/2015";"10:13:00";"177";"sem vítima";"610";"BR-163/MS";"Norte";"Saídas de pista";0;0;1;0;0;0;0;0;0;0;1;0;0;0;0
"07/04/2015";"19:43:00";"354";"com vítima";"469";"BR-163/MS";"Norte";"Tombamento";0;0;1;0;0;0;0;0;0;0;0;1;0;0;0
"08/04/2015";"12:42:00";"190";"com vítima";"485,5";"BR-163/MS";"Norte";"Tombamento de moto";0;0;0;1;0;0;0;0;0;0;0;1;0;0;0
"08/04/2015";"14:06:00";"216";"com vítima";"490";"BR-163/MS";"Norte";"Colisão com veículos (traseira)";1;0;0;1;0;0;0;0;0;0;1;1;0;0;0
"09/04/2015";"12:57:00";"301";"com vítima";"480";"BR-163/MS";"Norte";"Tombamento de moto";0;0;1;1;0;0;0;0;0;0;1;0;0;0;1
"09/04/2015";"16:43:00";"405";"sem vítima";"529";"BR-163/MS";"Norte";"Saídas de pista";1;0;0;0;0;0;0;0;0;0;3;0;0;0;0
"10/04/2015";"05:54:00";"49";"sem vítima";"494,6";"BR-163/MS";"Norte";"Saídas de pista";0;0;0;0;0;0;0;0;0;1;2;0;0;0;0
"10/04/2015";"08:21:00";"99";"sem vítima";"169,3";"BR-163/MS";"Sul";"Saídas de pista";1;0;0;0;0;0;0;0;0;0;1;0;0;0;0
"10/04/2015";"12:27:00";"207";"com vítima";"477,9";"BR-163/MS";"Sul";"Tombamento de moto";0;0;0;1;0;0;0;0;0;0;1;1;0;0;0
"10/04/2015";"17:09:00";"329";"sem vítima";"256";"BR-163/MS";"Norte";"Colisão lateral no mesmo sentido";1;0;1;0;0;0;0;0;0;0;2;0;0;0;0
"10/04/2015";"18:48:00";"352";"sem vítima";"365";"BR-163/MS";"Sul";"Saídas de pista";1;0;0;0;0;0;0;0;0;0;2;0;0;0;0
"10/04/2015";"20:11:00";"362";"sem vítima";"584";"BR-163/MS";"Norte";"Colisão lateral no mesmo sentido";1;0;1;0;0;0;0;0;0;0;5;0;0;0;0
"11/04/2015";"04:54:00";"48";"sem vítima";"282";"BR-163/MS";"Sul";"Saídas de pista";1;0;0;0;0;0;0;0;0;0;1;0;0;0;0
"11/04/2015";"09:45:00";"117";"com vítima";"515";"BR-163/MS";"Sul";"Saídas de pista";1;0;1;0;0;0;0;0;0;0;2;1;1;0;0
"11/04/2015";"23:29:00";"357";"com vítima";"614,1";"BR-163/MS";"Norte";"Colisão c/ obstáculos";1;0;0;0;0;0;0;0;0;0;0;1;0;0;0
"12/04/2015";"01:46:00";"21";"sem vítima";"260,5";"BR-163/MS";"Sul";"Atropelamento - Animal";0;0;1;0;0;0;0;0;0;0;1;0;0;0;0