data;horario;n_da_ocorrencia;tipo_de_ocorrencia;km;trecho;sentido;tipo_de_acidente;automovel;bicicleta;caminhao;moto;onibus;outros;tracao_animal;transporte_de_cargas_especiais;trator_maquinas;utilitarios;ilesos;levemente_feridos;moderadamente_feridos;gravemente_feridos;mortos
"12/04/2015";"10:52:00";"154";"sem vítima";"476";"BR-163/MS";"Norte";"Colisão lateral no mesmo sentido";1;0;0;0;1;0;0;0;0;0;2;0;0;0;0
"12/04/2015";"13:35:00";"198";"com vítima";"268,3";"BR-163/MS";"Norte";"Tombamento de moto";0;0;0;1;0;0;0;0;0;0;0;1;0;0;0
"12/04/2015";"16:59:00";"277";"com vítima";"466";"BR-163/MS";"Norte";"Tombamento de moto";0;0;0;1;0;0;0;0;0;0;0;1;0;0;0
"12/04/2015";"21:07:00";"332";"com vítima";"807";"BR-163/MS";"Sul";"Saídas de pista";1;0;0;0;0;0;0;0;0;0;0;1;0;0;0
"13/04/2015";"00:56:00";"8";"com vítima";"279";"BR-163/MS";"Norte";"Colisão c/ obstáculos";0;0;0;1;0;0;0;0;0;0;0;1;0;0;0
"14/04/2015";"13:23:00";"273";"sem vítima";"10";"BR-163/MS";"Norte";"Colisão com veículos (traseira)";1;0;1;0;0;0;0;0;0;0;2;0;0;0;0
"14/04/2015";"15:04:00";"322";"sem vítima";"279";"BR-163/MS";"Norte";"Colisão lateral no mesmo sentido";0;0;1;0;1;0;0;0;0;0;2;0;0;0;0
"14/04/2015";"23:45:00";"439";"sem vítima";"782,7";"BR-163/MS";"Norte";"Atropelamento - Animal";0;0;0;0;0;0;0;0;0;1;1;0;0;0;0
"15/04/2015";"03:25:00";"34";"com vítima";"630";"BR-163/MS";"Norte";"Colisão lateral no mesmo sentido";0;0;2;0;0;0;0;0;0;0;1;1;0;0;0
"15/04/2015";"18:03:00";"419";"com vítima";"679";"BR-163/MS";"Sul";"Colisão lateral no mesmo sentido";0;0;1;0;0;0;0;0;0;0;0;1;0;0;0
"15/04/2015";"18:58:00";"436";"sem vítima";"459";"BR-163/MS";"Sul";"Saídas de pista";0;0;1;0;0;0;0;0;0;0;1;0;0;0;0
"16/04/2015";"07:01:00";"72";"com vítima";"827";"BR-163/MS";"Norte";"Colisão c/ obstáculos";0;0;2;0;0;0;0;0;0;0;1;0;1;0;0
"16/04/2015";"10:10:00";"166";"sem vítima";"227";"BR-163/MS";"Norte";"Colisão com veículos (traseira)";1;0;0;0;0;0;0;0;0;1;3;0;0;0;0
"16/04/2015";"15:51:00";"275";"sem vítima";"575";"BR-163/MS";"Norte";"Colisão com veículos (traseira)";0;0;2;0;0;0;0;0;0;0;2;0;0;0;0
"17/04/2015";"00:01:00";"1";"sem vítima";"685";"BR-163/MS";"Sul";"Saídas de pista";1;0;0;0;0;0;0;0;0;0;1;0;0;0;0
"17/04/2015";"09:59:00";"158";"com vítima";"485";"BR-163/MS";"Norte";"Colisão lateral no mesmo sentido";0;0;2;0;0;0;0;0;0;0;4;1;0;0;0
"17/04/2015";"14:19:00";"245";"com vítima";"465";"BR-163/MS";"Norte";"Saídas de pista";0;0;1;0;0;1;0;0;0;0;1;0;1;0;0
"17/04/2015";"14:24:00";"247";"com vítima";"193,5";"BR-163/MS";"Norte";"Engavetamento";1;0;2;0;0;0;0;0;0;0;3;2;0;0;0
"17/04/2015";"19:23:00";"306";"sem vítima";"263";"BR-163/MS";"Sul";"Saídas de pista";1;0;0;0;0;0;0;0;0;0;1;0;0;0;0
"17/04/2015";"20:09:00";"313";"sem vítima";"167";"BR-163/MS";"Sul";"Outros";1;0;1;0;0;0;0;0;0;0;2;0;0;0;0
"18/04/2015";"01:15:00";"10";"com vítima";"476";"BR-163/MS";"Norte";"Colisão com veículos (frontal)";1;0;0;0;0;0;0;0;0;1;2;1;0;0;0
"18/04/2015";"10:12:00";"103";"sem vítima";"325";"BR-163/MS";"Sul";"Tombamento de moto";0;0;0;1;0;0;0;0;0;0;2;0;0;0;0
"18/04/2015";"11:35:00";"131";"sem vítima";"268";"BR-163/MS";"Sul";"Saídas de pista";1;0;0;0;0;0;0;0;0;0;1;0;0;0;0
"18/04/2015";"12:35:00";"148";"sem vítima";"350";"BR-163/MS";"Sul";"Capotamento";1;0;0;0;0;0;0;0;0;0;1;0;0;0;0
"18/04/2015";"16:47:00";"236";"sem vítima";"396";"BR-163/MS";"Norte";"Saídas de pista";1;0;0;0;0;0;0;0;0;0;5;0;0;0;0
"18/04/2015";"17:50:00";"248";"com vítima";"482";"BR-163/MS";"Norte";"Colisão lateral no sentido contrário";0;0;0;1;0;0;0;0;0;1;1;0;1;1;0
"19/04/2015";"00:08:00";"1";"com vítima";"261";"BR-163/MS";"Sul";"Saídas de pista";0;0;0;1;0;0;0;0;0;0;0;0;1;0;0
"19/04/2015";"18:01:00";"252";"com vítima";"75";"BR-163/MS";"Norte";"Tombamento de moto";0;0;0;1;0;0;0;0;0;0;0;1;0;0;0
"19/04/2015";"19:08:00";"263";"com vítima";"270";"BR-163/MS";"Norte";"Colisão com veículos (traseira)";2;0;0;0;0;0;0;0;0;0;5;1;0;0;0
"20/04/2015";"08:04:00";"65";"sem vítima";"666,2";"BR-163/MS";"Norte";"Saídas de pista";0;0;1;0;0;0;0;0;0;0;1;0;0;0;0
"20/04/2015";"11:04:00";"128";"com vítima";"572";"BR-163/MS";"Norte";"Colisão c/ obstáculos";2;0;0;0;0;0;0;0;0;0;4;2;0;0;0
"20/04/2015";"16:55:00";"219";"com vítima";"501,2";"BR-163/MS";"Sul";"Tombamento";0;0;1;0;0;0;0;0;0;0;0;1;0;0;0
"21/04/2015";"02:35:00";"30";"sem vítima";"265";"BR-163/MS";"Norte";"Saídas de pista";1;0;0;0;0;0;0;0;0;0;1;0;0;0;0
"21/04/2015";"10:27:00";"124";"sem vítima";"665";"BR-163/MS";"Norte";"Tombamento";0;0;1;0;0;0;0;0;0;0;1;0;0;0;0
"21/04/2015";"10:40:00";"128";"com vítima";"485";"BR-163/MS";"Norte";"Engavetamento";2;0;1;0;0;0;0;0;0;0;2;0;1;0;0
"21/04/2015";"14:23:00";"159";"com vítima";"178";"BR-163/MS";"Norte";"Saídas de pista";0;0;0;0;0;0;0;0;0;1;0;4;0;0;0
"22/04/2015";"18:24:00";"265";"sem vítima";"553";"BR-163/MS";"Sul";"Tombamento";0;0;1;0;0;0;0;0;0;0;1;0;0;0;0
"23/04/2015";"04:53:00";"54";"com vítima";"473";"BR-163/MS";"Norte";"Atropelamento - Animal";0;0;0;1;0;0;0;0;0;0;1;0;1;0;0
"23/04/2015";"16:37:00";"318";"sem vítima";"504";"BR-163/MS";"Norte";"Colisão c/ obstáculos";0;0;2;0;0;0;0;0;0;0;2;0;0;0;0
"23/04/2015";"21:27:00";"360";"sem vítima";"438";"BR-163/MS";"Sul";"Saídas de pista";0;0;1;0;0;0;0;0;0;0;1;0;0;0;0
"24/04/2015";"11:36:00";"139";"com vítima";"485";"BR-163/MS";"Norte";"Colisão lateral no mesmo sentido";1;0;0;1;0;0;0;0;0;0;2;1;0;0;0
"25/04/2015";"03:39:00";"67";"sem vítima";"388";"BR-163/MS";"Norte";"Saídas de pista";1;0;0;0;0;0;0;0;0;0;2;0;0;0;0
"25/04/2015";"10:43:00";"174";"com vítima";"270";"BR-163/MS";"Norte";"Colisão lateral no mesmo sentido";1;0;0;0;1;0;0;0;0;0;0;4;0;0;0
"25/04/2015";"16:31:00";"250";"sem vítima";"25,8";"BR-163/MS";"Sul";"Colisão com veículos (traseira)";2;0;0;0;0;0;0;0;0;0;6;0;0;0;0
"25/04/2015";"21:38:00";"307";"com vítima";"658";"BR-163/MS";"Sul";"Saídas de pista";0;0;0;0;0;0;0;0;0;1;0;1;0;0;0
"26/04/2015";"03:08:00";"36";"sem vítima";"402,2";"BR-163/MS";"Norte";"Saídas de pista";1;0;0;0;0;0;0;0;0;0;3;0;0;0;0
"26/04/2015";"04:03:00";"43";"sem vítima";"25,8";"BR-163/MS";"Norte";"Tombamento de moto";0;0;0;1;0;0;0;0;0;0;1;0;0;0;0
"26/04/2015";"05:28:00";"50";"com vítima";"261";"BR-163/MS";"Norte";"Tombamento de moto";0;0;0;1;0;0;0;0;0;0;0;0;2;0;0
"26/04/2015";"05:43:00";"53";"com vítima";"258";"BR-163/MS";"Norte";"Colisão com veículos (traseira)";1;0;1;0;0;0;0;0;0;0;1;1;0;0;0
"26/04/2015";"14:19:00";"225";"com vítima";"677,1";"BR-163/MS";"Sul";"Colisão com veículos (traseira)";0;0;0;1;0;0;0;0;0;1;1;1;0;0;0
"26/04/2015";"16:34:00";"266";"com vítima";"514";"BR-163/MS";"Sul";"Colisão com veículos (frontal)";2;0;0;0;0;0;0;0;0;0;0;0;0;0;5
"27/04/2015";"09:46:00";"135";"sem vítima";"466";"BR-163/MS";"Sul";"Atropelamento - Animal";0;0;1;0;0;0;0;0;0;0;1;0;0;0;0
"27/04/2015";"13:14:00";"191";"com vítima";"127";"BR-163/MS";"Sul";"Tombamento de moto";0;0;0;1;0;0;0;0;0;0;0;2;0;0;0
"27/04/2015";"17:51:00";"292";"com vítima";"471";"BR-163/MS";"Sul";"Atropelamento - Pedestre";0;0;0;1;0;0;0;0;0;0;0;1;0;0;0
"28/04/2015";"21:22:00";"436";"com vítima";"500";"BR-163/MS";"Norte";"Tombamento de moto";0;0;0;1;0;0;0;0;0;1;1;1;0;0;0
"29/04/2015";"02:48:00";"54";"com vítima";"361";"BR-163/MS";"Sul";"Colisão com veículos (traseira)";1;0;0;0;0;0;0;0;0;0;0;1;0;0;0
"29/04/2015";"04:36:00";"70";"sem vítima";"576";"BR-163/MS";"Norte";"Capotamento";1;0;0;0;0;0;0;0;0;0;1;0;0;0;0
"29/04/2015";"13:57:00";"254";"com vítima";"626";"BR-163/MS";"Sul";"Saídas de pista";0;0;0;1;0;0;0;0;0;0;0;2;0;0;0
"29/04/2015";"14:14:00";"259";"sem vítima";"381";"BR-163/MS";"Norte";"Colisão lateral no mesmo sentido";1;0;0;0;0;0;0;0;0;1;4;0;0;0;0
"29/04/2015";"15:21:00";"283";"sem vítima";"501";"BR-163/MS";"Sul";"Tombamento";0;0;1;0;0;1;0;0;0;0;2;0;0;0;0
"30/04/2015";"03:01:00";"40";"sem vítima";"557";"BR-163/MS";"Norte";"Tombamento";0;0;1;0;0;0;0;0;0;0;2;0;0;0;0
"30/04/2015";"06:51:00";"97";"com vítima";"482";"BR-163/MS";"Sul";"Colisão com veículos (traseira)";1;0;0;1;0;0;0;0;0;0;1;1;0;0;0
"30/04/2015";"07:24:00";"108";"com vítima";"485,2";"BR-163/MS";"Norte";"Colisão lateral no mesmo sentido";2;0;0;0;0;0;0;0;0;0;1;1;0;0;0
"30/04/2015";"07:27:00";"111";"com vítima";"254";"BR-163/MS";"Sul";"Saídas de pista";1;0;0;1;0;0;0;0;0;0;1;1;0;0;0
"30/04/2015";"16:02:00";"353";"sem vítima";"258";"BR-163/MS";"Norte";"Colisão lateral no mesmo sentido";1;0;0;1;0;0;0;0;0;0;2;0;0;0;0
"30/04/2015";"22:56:00";"447";"com vítima";"400";"BR-163/MS";"Sul";"Tombamento de moto";0;0;0;1;0;0;0;0;0;0;0;0;1;0;0
"30/04/2015";"22:59:00";"448";"com vítima";"228";"BR-163/MS";"Norte";"Tombamento";0;0;1;0;0;0;0;0;0;0;0;2;0;0;0
"01/05/2015";"20:08:00";"313";"sem vítima";"270";"BR-163/MS";"Norte";"Colisão lateral no mesmo sentido";1;0;1;0;0;0;0;0;0;0;2;0;0;0;0
"01/05/2015";"23:56:00";"344";"com vítima";"279";"BR-163/MS";"Norte";"Colisão c/ obstáculos";0;0;0;1;0;0;0;0;0;0;0;1;0;0;0
"02/05/2015";"03:15:00";"25";"com vítima";"399,6";"BR-163/MS";"Norte";"Saídas de pista";0;0;0;1;0;0;0;0;0;0;0;0;1;0;0
"02/05/2015";"11:27:00";"177";"com vítima";"554";"BR-163/MS";"Norte";"Tombamento";0;0;1;0;0;0;0;0;0;0;0;2;0;0;0
"02/05/2015";"12:32:00";"194";"sem vítima";"591,1";"BR-163/MS";"Norte";"Tombamento";0;0;1;0;0;0;0;0;0;0;1;0;0;0;0
"03/05/2015";"05:47:00";"59";"sem vítima";"442";"BR-163/MS";"Sul";"Atropelamento - Animal";1;0;0;0;0;0;0;0;0;0;5;0;0;0;0
"03/05/2015";"09:37:00";"134";"com vítima";"494";"BR-163/MS";"Norte";"Tombamento";0;0;1;0;0;0;0;0;0;0;0;1;0;0;0
"03/05/2015";"17:31:00";"248";"sem vítima";"661";"BR-163/MS";"Norte";"Saídas de pista";1;0;0;0;0;0;0;0;0;0;3;0;0;0;0
"03/05/2015";"18:33:00";"262";"com vítima";"148";"BR-163/MS";"Norte";"Saídas de pista";0;0;0;0;0;0;0;0;0;1;0;0;2;0;0
"03/05/2015";"19:24:00";"273";"sem vítima";"377";"BR-163/MS";"Norte";"Atropelamento - Animal";0;0;0;0;0;0;0;0;0;1;3;0;0;0;0
"04/05/2015";"03:40:00";"33";"sem vítima";"246";"BR-163/MS";"Norte";"Tombamento";0;0;1;0;0;0;0;0;0;0;2;0;0;0;0
"04/05/2015";"08:42:00";"88";"sem vítima";"682";"BR-163/MS";"Sul";"Colisão com veículos (traseira)";0;0;2;0;0;0;0;0;0;0;2;0;0;0;0
"05/05/2015";"06:13:00";"37";"com vítima";"840,3";"BR-163/MS";"Norte";"Capotamento";1;0;0;0;0;0;0;0;0;0;0;1;0;0;0
"05/05/2015";"06:27:00";"41";"sem vítima";"389";"BR-163/MS";"Sul";"Saídas de pista";1;0;0;0;0;0;0;0;0;0;1;0;0;0;0
"05/05/2015";"06:29:00";"42";"sem vítima";"809";"BR-163/MS";"Norte";"Saídas de pista";1;0;0;0;0;0;0;0;0;1;2;0;0;0;0
"06/05/2015";"04:46:00";"33";"com vítima";"653";"BR-163/MS";"Norte";"Colisão com veículos (frontal)";1;0;1;0;0;0;0;0;0;0;1;0;0;1;0
"06/05/2015";"09:02:00";"61";"sem vítima";"364";"BR-163/MS";"Norte";"Colisão lateral no mesmo sentido";1;0;0;0;0;0;0;0;0;1;2;0;0;0;0
"06/05/2015";"19:07:00";"237";"com vítima";"281,7";"BR-163/MS";"Sul";"Atropelamento - Pedestre";0;0;0;1;0;0;0;0;0;0;1;1;0;0;0
"06/05/2015";"21:49:00";"264";"sem vítima";"125,5";"BR-163/MS";"Sul";"Atropelamento - Animal";0;0;1;0;0;0;0;0;0;0;1;0;0;0;0
"07/05/2015";"01:35:00";"10";"sem vítima";"717";"BR-163/MS";"Norte";"Atropelamento - Animal";0;0;1;0;0;0;0;0;0;0;1;0;0;0;0
"07/05/2015";"06:56:00";"58";"com vítima";"482";"BR-163/MS";"Norte";"Colisão lateral no sentido contrário";1;0;0;1;0;0;0;0;0;0;1;1;0;0;0
"07/05/2015";"10:47:00";"142";"com vítima";"490";"BR-163/MS";"Norte";"Tombamento";0;0;1;0;0;0;0;0;0;0;0;1;0;0;0
"07/05/2015";"16:09:00";"241";"sem vítima";"508,5";"BR-163/MS";"Norte";"Tombamento";0;0;1;0;0;0;0;0;0;0;1;0;0;0;0
"08/05/2015";"05:06:00";"44";"com vítima";"265";"BR-163/MS";"Sul";"Colisão com veículos (traseira)";0;1;0;1;0;0;0;0;0;0;1;1;1;0;0
"08/05/2015";"05:44:00";"48";"com vítima";"353";"BR-163/MS";"Sul";"Colisão com veículos (traseira)";1;0;1;0;0;0;0;0;0;0;3;1;0;0;0
"08/05/2015";"07:13:00";"71";"com vítima";"479";"BR-163/MS";"Norte";"Colisão lateral no sentido contrário";1;0;0;1;0;0;0;0;0;0;1;0;1;0;0
"08/05/2015";"12:35:00";"196";"com vítima";"24";"BR-163/MS";"Norte";"Engavetamento";1;0;2;0;0;0;0;0;0;0;4;1;0;0;0
"08/05/2015";"22:00:00";"344";"com vítima";"14,2";"BR-163/MS";"Sul";"Tombamento de moto";0;0;0;1;0;0;0;0;0;0;0;1;0;0;0
"09/05/2015";"07:16:00";"68";"sem vítima";"523";"BR-163/MS";"Norte";"Colisão com veículos (traseira)";1;0;1;0;0;0;0;0;0;1;7;0;0;0;0
"09/05/2015";"08:28:00";"97";"sem vítima";"6,12";"BR-163/MS";"Sul";"Colisão com veículos (traseira)";1;0;0;0;0;0;0;0;0;1;3;0;0;0;0
"09/05/2015";"11:11:00";"170";"com vítima";"39";"BR-163/MS";"Sul";"Colisão com veículos (traseira)";0;0;0;1;0;0;0;0;0;1;1;1;0;0;0
"09/05/2015";"12:47:00";"193";"com vítima";"263";"BR-163/MS";"Sul";"Tombamento de moto";0;0;0;1;0;0;0;0;0;0;0;0;1;0;0
"09/05/2015";"13:05:00";"201";"com vítima";"479";"BR-163/MS";"Sul";"Atropelamento - Pedestre";1;0;0;0;0;0;0;0;0;0;1;0;1;0;0
"09/05/2015";"18:31:00";"312";"com vítima";"248";"BR-163/MS";"Norte";"Tombamento";0;0;1;0;0;0;0;0;0;0;0;1;0;0;0
"09/05/2015";"23:31:00";"375";"com vítima";"81";"BR-163/MS";"Sul";"Tombamento de moto";0;0;0;1;0;0;0;0;0;0;0;1;0;0;0
"10/05/2015";"01:05:00";"14";"com vítima";"698";"BR-163/MS";"Norte";"Capotamento";1;0;0;0;0;0;0;0;0;0;0;0;0;1;0
"10/05/2015";"03:42:00";"53";"com vítima";"482";"BR-163/MS";"Sul";"Capotamento";1;0;0;0;0;0;0;0;0;0;0;1;0;0;0
"10/05/2015";"05:41:00";"61";"sem vítima";"20";"BR-163/MS";"Sul";"Colisão com veículos (frontal)";0;0;1;0;0;0;0;0;0;1;2;0;0;0;0
"10/05/2015";"12:05:00";"163";"sem vítima";"356";"BR-163/MS";"Norte";"Capotamento";1;0;0;0;0;0;0;0;0;0;2;0;0;0;0
"10/05/2015";"12:43:00";"168";"com vítima";"268";"BR-163/MS";"Norte";"Tombamento de moto";0;0;0;1;0;0;0;0;0;0;0;1;0;0;0
"10/05/2015";"14:45:00";"187";"sem vítima";"500";"BR-163/MS";"Norte";"Capotamento";1;0;0;0;0;0;0;0;0;0;1;0;0;0;0
"10/05/2015";"17:25:00";"225";"com vítima";"428";"BR-163/MS";"Norte";"Saídas de pista";0;0;1;0;0;0;0;0;0;0;0;1;0;0;0
"11/05/2015";"02:08:00";"18";"com vítima";"316";"BR-163/MS";"Sul";"Saídas de pista";1;0;0;0;0;0;0;0;0;0;0;0;1;0;0
"11/05/2015";"11:05:00";"144";"sem vítima";"82,5";"BR-163/MS";"Norte";"Saídas de pista";1;0;0;0;0;0;0;0;0;0;1;0;0;0;0
"11/05/2015";"19:43:00";"314";"com vítima";"266";"BR-163/MS";"Norte";"Tombamento de moto";0;0;0;1;0;0;0;0;0;0;0;0;0;0;1
"12/05/2015";"06:50:00";"52";"com vítima";"481";"BR-163/MS";"Norte";"Tombamento de moto";0;0;0;1;0;0;0;0;0;0;0;1;0;0;0
"12/05/2015";"09:24:00";"136";"com vítima";"783";"BR-163/MS";"Sul";"Colisão lateral no mesmo sentido";1;0;1;0;0;0;0;0;0;1;2;1;0;0;0
"12/05/2015";"10:39:00";"170";"com vítima";"681";"BR-163/MS";"Norte";"Colisão com veículos (traseira)";0;0;1;1;0;0;0;0;0;0;1;1;0;0;0
"13/05/2015";"20:49:00";"371";"sem vítima";"490";"BR-163/MS";"Norte";"Colisão lateral no mesmo sentido";2;0;0;0;0;0;0;0;0;0;2;0;0;0;0
"14/05/2015";"18:26:00";"291";"sem vítima";"538";"BR-163/MS";"Norte";"Colisão lateral no mesmo sentido";0;0;1;0;0;0;0;0;0;1;2;0;0;0;0
"15/05/2015";"21:36:00";"333";"com vítima";"713";"BR-163/MS";"Norte";"Colisão lateral no mesmo sentido";2;0;0;0;0;0;0;0;0;0;1;8;0;1;2
"15/05/2015";"22:03:00";"338";"com vítima";"309";"BR-163/MS";"Sul";"Capotamento";1;0;0;0;0;0;0;0;0;0;0;3;0;0;0
"16/05/2015";"02:11:00";"16";"sem vítima";"450";"BR-163/MS";"Sul";"Tombamento";0;0;1;0;0;0;0;0;0;0;1;0;0;0;0
"16/05/2015";"14:06:00";"237";"com vítima";"174";"BR-163/MS";"Norte";"Saídas de pista";0;0;1;0;0;0;0;0;0;0;0;1;0;0;0
"16/05/2015";"18:01:00";"303";"com vítima";"145";"BR-163/MS";"Sul";"Tombamento de moto";0;0;0;1;0;0;0;0;0;0;0;1;0;0;0
"16/05/2015";"23:49:00";"370";"sem vítima";"248,1";"BR-163/MS";"Norte";"Colisão c/ obstáculos";1;0;0;0;0;0;0;0;0;0;1;0;0;0;0
"17/05/2015";"06:36:00";"47";"sem vítima";"361";"BR-163/MS";"Sul";"Capotamento";1;0;0;0;0;0;0;0;0;0;2;0;0;0;0
"17/05/2015";"09:25:00";"110";"com vítima";"715";"BR-163/MS";"Sul";"Colisão com veículos (frontal)";0;0;2;0;0;0;0;0;0;0;1;1;0;0;0
"17/05/2015";"17:55:00";"259";"sem vítima";"803";"BR-163/MS";"Sul";"Colisão lateral no mesmo sentido";0;0;2;0;0;0;0;0;0;0;2;0;0;0;0
"17/05/2015";"18:23:00";"263";"com vítima";"298";"BR-163/MS";"Norte";"Colisão com veículos (frontal)";2;0;0;0;0;0;0;0;0;0;1;0;1;3;0
"18/05/2015";"14:04:00";"217";"sem vítima";"493,8";"BR-163/MS";"Sul";"Colisão com veículos (traseira)";1;0;0;0;0;0;0;0;0;1;7;0;0;0;0
"18/05/2015";"17:26:00";"296";"sem vítima";"283";"BR-163/MS";"Sul";"Engavetamento";2;0;0;0;0;0;0;0;0;1;3;0;0;0;0
"18/05/2015";"17:48:00";"302";"com vítima";"725";"BR-163/MS";"Norte";"Atropelamento - Pedestre";0;0;0;1;0;0;0;0;0;0;1;0;1;0;0
"18/05/2015";"18:46:00";"314";"com vítima";"253,2";"BR-163/MS";"Norte";"Atropelamento - Pedestre";0;0;1;0;0;0;0;0;0;0;1;0;0;0;1
"19/05/2015";"16:36:00";"313";"com vítima";"63,5";"BR-163/MS";"Norte";"Saídas de pista";0;0;0;1;0;0;0;0;0;0;0;2;0;0;0
"19/05/2015";"22:02:00";"387";"com vítima";"365,3";"BR-163/MS";"Sul";"Colisão lateral no mesmo sentido";1;0;0;0;0;0;0;0;0;1;5;1;0;0;0
"19/05/2015";"22:42:00";"394";"com vítima";"50,1";"BR-163/MS";"Sul";"Colisão com veículos (traseira)";0;0;0;1;0;0;0;0;0;1;1;0;1;1;0
"20/05/2015";"12:22:00";"223";"sem vítima";"100";"BR-163/MS";"Norte";"Colisão lateral no mesmo sentido";0;0;1;0;0;0;0;0;0;1;2;0;0;0;0
"20/05/2015";"17:44:00";"334";"sem vítima";"89";"BR-163/MS";"Sul";"Colisão com veículos (traseira)";0;0;2;0;0;0;0;0;0;0;2;0;0;0;0
"20/05/2015";"21:18:00";"374";"sem vítima";"260,3";"BR-163/MS";"Norte";"Colisão lateral no mesmo sentido";1;0;1;0;0;0;0;0;0;0;2;0;0;0;0
"21/05/2015";"01:42:00";"19";"sem vítima";"70";"BR-163/MS";"Sul";"Saídas de pista";0;0;1;0;0;0;0;0;0;0;1;0;0;0;0
"21/05/2015";"04:29:00";"34";"com vítima";"253";"BR-163/MS";"Norte";"Tombamento de moto";0;0;0;1;0;0;0;0;0;0;0;0;0;1;0
"21/05/2015";"07:54:00";"94";"com vítima";"184";"BR-163/MS";"Norte";"Capotamento";1;0;0;0;0;0;0;0;0;0;0;0;1;2;0
"21/05/2015";"11:56:00";"186";"com vítima";"440";"BR-163/MS";"Sul";"Tombamento de moto";0;0;0;1;0;0;0;0;0;0;0;1;0;0;0
"21/05/2015";"14:05:00";"233";"sem vítima";"498";"BR-163/MS";"Sul";"Tombamento";0;0;0;0;0;0;0;0;0;1;1;0;0;0;0
"21/05/2015";"17:57:00";"326";"com vítima";"452";"BR-163/MS";"Norte";"Colisão com veículos (frontal)";1;0;1;0;0;0;0;0;0;0;1;0;0;0;1
"22/05/2015";"06:39:00";"76";"com vítima";"262";"BR-163/MS";"Sul";"Atropelamento - Pedestre";1;1;0;0;0;0;0;0;0;0;2;1;0;0;0
"22/05/2015";"08:48:00";"149";"sem vítima";"728";"BR-163/MS";"Norte";"Colisão com veículos (traseira)";0;0;2;0;0;0;0;0;0;0;4;0;0;0;0
"22/05/2015";"21:05:00";"377";"com vítima";"485";"BR-163/MS";"Sul";"Colisão lateral no sentido contrário";1;0;0;1;0;0;0;0;0;0;1;1;0;0;0
"23/05/2015";"00:21:00";"4";"com vítima";"267";"BR-163/MS";"Norte";"Tombamento de moto";0;0;0;1;0;0;0;0;0;0;0;1;0;0;0
"23/05/2015";"05:09:00";"40";"sem vítima";"248";"BR-163/MS";"Norte";"Saídas de pista";1;0;0;0;0;0;0;0;0;0;1;0;0;0;0
"23/05/2015";"09:08:00";"117";"sem vítima";"104";"BR-163/MS";"Sul";"Tombamento";0;0;1;0;0;0;0;0;0;0;1;0;0;0;0
"23/05/2015";"10:41:00";"141";"sem vítima";"570";"BR-163/MS";"Norte";"Colisão com veículos (traseira)";0;0;2;0;0;0;0;0;0;0;2;0;0;0;0
"23/05/2015";"17:39:00";"260";"sem vítima";"485";"BR-163/MS";"Sul";"Engavetamento";3;0;0;0;0;0;0;0;0;0;4;0;0;0;0
"23/05/2015";"18:37:00";"270";"com vítima";"692";"BR-163/MS";"Norte";"Capotamento";1;0;0;0;0;0;0;0;0;0;1;1;0;0;0
"23/05/2015";"22:26:00";"315";"sem vítima";"280,2";"BR-163/MS";"Norte";"Colisão c/ obstáculos";0;0;2;0;0;0;0;0;0;0;2;0;0;0;0
"24/05/2015";"01:09:00";"8";"com vítima";"341,8";"BR-163/MS";"Sul";"Colisão lateral no mesmo sentido";1;1;0;0;0;0;0;0;0;0;1;0;1;0;0
"24/05/2015";"04:22:00";"28";"sem vítima";"499";"BR-163/MS";"Norte";"Saídas de pista";1;0;0;0;0;0;0;0;0;0;1;0;0;0;0
"24/05/2015";"08:12:00";"78";"com vítima";"101";"BR-163/MS";"Sul";"Tombamento";0;0;0;1;0;0;0;0;0;0;0;1;0;0;0
"24/05/2015";"13:36:00";"194";"com vítima";"424";"BR-163/MS";"Sul";"Saídas de pista";1;0;0;0;0;0;0;0;0;0;1;1;0;0;0
"24/05/2015";"16:13:00";"255";"com vítima";"478,9";"BR-163/MS";"Norte";"Tombamento de moto";0;0;0;1;0;0;0;0;0;0;0;0;0;0;1
"24/05/2015";"16:13:00";"252";"com vítima";"265";"BR-163/MS";"Sul";"Colisão com veículos (traseira)";2;0;0;0;0;0;0;0;0;0;1;1;0;0;0
"24/05/2015";"19:46:00";"294";"sem vítima";"19";"BR-163/MS";"Sul";"Saídas de pista";1;0;0;0;0;0;0;0;0;0;1;0;0;0;0
"24/05/2015";"21:25:00";"319";"com vítima";"614,2";"BR-163/MS";"Norte";"Colisão lateral no mesmo sentido";1;0;1;0;0;0;0;0;0;0;1;1;0;0;0
"25/05/2015";"06:50:00";"51";"sem vítima";"496";"BR-163/MS";"Sul";"Tombamento";0;0;1;0;0;2;0;0;0;0;3;0;0;0;0
"25/05/2015";"10:11:00";"126";"com vítima";"497,4";"BR-163/MS";"Sul";"Tombamento de moto";0;0;0;1;0;0;0;0;0;0;0;1;0;0;0
"25/05/2015";"16:49:00";"217";"com vítima";"59";"BR-163/MS";"Norte";"Capotamento";1;0;0;0;0;0;0;0;0;0;0;1;2;1;0
"25/05/2015";"17:53:00";"222";"com vítima";"478";"BR-163/MS";"Norte";"Tombamento de moto";0;0;0;1;0;0;0;0;0;0;0;1;0;0;0
"25/05/2015";"18:01:00";"224";"com vítima";"575";"BR-163/MS";"Norte";"Atropelamento - Pedestre";0;0;0;0;0;0;0;0;0;1;5;2;0;1;0
"25/05/2015";"18:39:00";"227";"com vítima";"552";"BR-163/MS";"Norte";"Engavetamento";2;0;0;0;0;0;0;0;0;2;5;2;1;0;1