data;horario;n_da_ocorrencia;tipo_de_ocorrencia;km;trecho;sentido;tipo_de_acidente;automovel;bicicleta;caminhao;moto;onibus;outros;tracao_animal;transporte_de_cargas_especiais;trator_maquinas;utilitarios;ilesos;levemente_feridos;moderadamente_feridos;gravemente_feridos;mortos
"26/05/2016";"18:08:00";"367";"sem vítima";"474";"BR-163/MS";"Norte";"Colisão lateral no mesmo sentido";1;0;1;0;0;0;0;0;0;0;6;0;0;0;0
"27/05/2016";"05:26:00";"22";"sem vítima";"407,792";"BR-163/MS";"Norte";"Capotamento";1;0;0;0;0;0;0;0;0;0;1;0;0;0;0
"27/05/2016";"10:16:00";"123";"sem vítima";"535";"BR-163/MS";"Norte";"Colisão com veículos (traseira)";2;0;0;0;0;0;0;0;0;0;4;0;0;0;0
"27/05/2016";"19:27:00";"301";"com vítima";"667,432";"BR-163/MS";"Sul";"Capotamento";1;0;0;0;0;0;0;0;0;0;0;1;0;0;0
"28/05/2016";"06:30:00";"41";"sem vítima";"555";"BR-163/MS";"Sul";"Colisão c/ obstáculos";1;0;0;0;0;0;0;0;0;0;2;0;0;0;0
"28/05/2016";"11:25:00";"158";"sem vítima";"277";"BR-163/MS";"Norte";"Colisão com veículos (traseira)";0;0;0;0;0;0;0;0;0;2;6;0;0;0;0
"28/05/2016";"17:34:00";"242";"sem vítima";"347";"BR-163/MS";"Sul";"Saídas de pista";0;0;0;0;0;0;0;0;0;1;4;0;0;0;0
"28/05/2016";"18:41:00";"252";"com vítima";"38,9";"BR-163/MS";"Sul";"Colisão com veículos (traseira)";0;0;0;1;0;1;0;0;0;0;1;1;0;0;0
"28/05/2016";"19:11:00";"262";"sem vítima";"53,5";"BR-163/MS";"Norte";"Saídas de pista";1;0;0;0;0;0;0;0;0;0;1;0;0;0;0
"28/05/2016";"21:54:00";"286";"sem vítima";"34,5";"BR-163/MS";"Norte";"Saídas de pista";1;0;0;0;0;0;0;0;0;0;1;0;0;0;0
"29/05/2016";"00:53:00";"8";"sem vítima";"103,7";"BR-163/MS";"Norte";"Colisão c/ obstáculos";1;0;0;0;0;0;0;0;0;0;2;0;0;0;0
"29/05/2016";"03:52:00";"30";"sem vítima";"463";"BR-163/MS";"Norte";"Saídas de pista";1;0;0;0;0;0;0;0;0;0;2;0;0;0;0
"29/05/2016";"12:09:00";"189";"com vítima";"474,36";"BR-163/MS";"Norte";"Colisão com veículos (frontal)";2;0;0;1;0;0;0;0;0;0;4;2;1;0;0
"29/05/2016";"16:53:00";"278";"com vítima";"11,9";"BR-163/MS";"Norte";"Colisão c/ obstáculos";0;2;1;0;0;0;0;0;0;0;1;1;1;0;0
"29/05/2016";"17:43:00";"287";"com vítima";"344,3";"BR-163/MS";"Sul";"Tombamento de moto";0;0;0;1;0;0;0;0;0;0;0;0;1;0;0
"29/05/2016";"18:05:00";"292";"sem vítima";"822";"BR-163/MS";"Sul";"Atropelamento - Animal";1;0;0;0;0;0;0;0;0;0;4;0;0;0;0
"29/05/2016";"18:50:00";"301";"com vítima";"77";"BR-163/MS";"Norte";"Colisão com veículos (traseira)";2;0;0;0;0;0;0;0;0;0;2;0;0;2;1
"30/05/2016";"03:59:00";"25";"sem vítima";"313,8";"BR-163/MS";"Sul";"Saídas de pista";0;0;1;0;0;0;0;0;0;0;4;0;0;0;0
"30/05/2016";"15:19:00";"238";"sem vítima";"366";"BR-163/MS";"Sul";"Colisão com veículos (traseira)";0;0;1;0;0;1;0;0;0;0;2;0;0;0;0
"31/05/2016";"03:45:00";"15";"sem vítima";"6,37";"BR-163/MS";"Sul";"Colisão c/ obstáculos";1;0;0;0;0;0;0;0;0;0;0;0;0;0;0
"31/05/2016";"05:16:00";"19";"sem vítima";"331,264";"BR-163/MS";"Norte";"Atropelamento - Animal";1;0;0;0;0;0;0;0;0;0;1;0;0;0;0
"31/05/2016";"13:07:00";"239";"sem vítima";"313";"BR-163/MS";"Norte";"Colisão com veículos (traseira)";1;0;1;0;0;0;0;0;0;0;2;0;0;0;0
"31/05/2016";"21:39:00";"367";"com vítima";"469";"BR-163/MS";"Sul";"Tombamento de moto";0;0;0;1;0;0;0;0;0;0;0;1;0;0;0
"01/06/2016";"12:35:00";"225";"sem vítima";"350";"BR-163/MS";"Norte";"Capotamento";0;0;0;0;0;0;0;0;0;1;1;0;0;0;0
"02/06/2016";"02:34:00";"20";"com vítima";"484,7";"BR-163/MS";"Sul";"Colisão lateral no sentido contrário";0;1;0;0;1;0;0;0;0;0;32;0;0;0;1
"02/06/2016";"17:13:00";"373";"sem vítima";"179";"BR-163/MS";"Norte";"Colisão c/ obstáculos";0;0;0;0;0;0;0;0;0;1;1;0;0;0;0
"02/06/2016";"18:11:00";"386";"sem vítima";"481";"BR-163/MS";"Sul";"Colisão com veículos (traseira)";1;0;1;0;0;0;0;0;0;0;2;0;0;0;0
"02/06/2016";"22:46:00";"449";"sem vítima";"373,37";"BR-163/MS";"Sul";"Atropelamento - Animal";0;0;1;0;0;0;0;0;0;0;1;0;0;0;0
"03/06/2016";"04:40:00";"62";"sem vítima";"506,3";"BR-163/MS";"Sul";"Saídas de pista";0;0;1;0;0;1;0;0;0;0;2;0;0;0;0
"03/06/2016";"09:24:00";"177";"sem vítima";"29";"BR-163/MS";"Norte";"Colisão com veículos (traseira)";0;0;2;0;0;0;0;0;0;0;2;0;0;0;0
"03/06/2016";"09:59:00";"197";"sem vítima";"116";"BR-163/MS";"Norte";"Capotamento";1;0;0;0;0;0;0;0;0;0;3;0;0;0;0
"03/06/2016";"17:33:00";"361";"com vítima";"263";"BR-163/MS";"Norte";"Colisão lateral no mesmo sentido";0;1;1;0;0;0;0;0;0;0;1;1;0;0;0
"03/06/2016";"18:25:00";"371";"sem vítima";"438";"BR-163/MS";"Norte";"Atropelamento - Animal";1;0;0;0;0;0;0;0;0;0;1;0;0;0;0
"03/06/2016";"18:26:00";"372";"sem vítima";"518,53";"BR-163/MS";"Norte";"Capotamento";1;0;0;0;0;0;0;0;0;0;2;0;0;0;0
"03/06/2016";"19:23:00";"390";"com vítima";"444,5";"BR-163/MS";"Sul";"Colisão com veículos (frontal)";2;0;2;0;0;0;0;0;0;0;2;1;1;0;2
"03/06/2016";"20:17:00";"403";"sem vítima";"352";"BR-163/MS";"Norte";"Atropelamento - Animal";1;0;0;0;0;0;0;0;0;0;1;0;0;0;0
"03/06/2016";"20:23:00";"405";"sem vítima";"15,767";"BR-163/MS";"Norte";"Capotamento";0;0;1;0;0;0;0;0;0;1;2;0;0;0;0
"04/06/2016";"04:38:00";"25";"com vítima";"486,3";"BR-163/MS";"Sul";"Colisão c/ obstáculos";1;0;0;0;0;0;0;0;0;0;0;1;0;0;0
"04/06/2016";"04:57:00";"27";"sem vítima";"647,614";"BR-163/MS";"Sul";"Colisão com veículos (traseira)";0;0;1;0;0;0;0;0;0;1;2;0;0;0;0
"04/06/2016";"08:05:00";"89";"sem vítima";"809,9";"BR-163/MS";"Norte";"Tombamento";0;0;1;0;0;2;0;0;0;0;3;0;0;0;0
"04/06/2016";"11:09:00";"152";"sem vítima";"463";"BR-163/MS";"Norte";"Outros";0;0;1;0;0;1;0;0;0;0;2;0;0;0;0
"04/06/2016";"17:57:00";"272";"com vítima";"484";"BR-163/MS";"Norte";"Colisão com veículos (traseira)";0;1;0;0;0;1;0;0;0;0;1;1;0;0;0
"04/06/2016";"22:35:00";"319";"sem vítima";"684,49";"BR-163/MS";"Sul";"Capotamento";0;0;0;0;0;0;0;0;0;1;4;0;0;0;0
"05/06/2016";"13:55:00";"196";"com vítima";"521";"BR-163/MS";"Sul";"Capotamento";1;0;0;0;0;0;0;0;0;0;1;1;0;0;0
"05/06/2016";"16:03:00";"238";"com vítima";"645";"BR-163/MS";"Sul";"Tombamento de moto";0;0;0;1;0;0;0;0;0;0;0;1;0;0;0
"06/06/2016";"07:05:00";"74";"com vítima";"487";"BR-163/MS";"Norte";"Colisão lateral no mesmo sentido";1;0;1;0;0;0;0;0;0;0;2;1;0;0;0
"06/06/2016";"08:10:00";"119";"com vítima";"366";"BR-163/MS";"Sul";"Colisão com veículos (traseira)";0;0;0;1;0;0;0;0;0;1;1;1;0;0;0
"07/06/2016";"02:11:00";"28";"com vítima";"828";"BR-163/MS";"Sul";"Colisão c/ obstáculos";1;0;0;0;0;0;0;0;0;0;0;1;0;0;0
"07/06/2016";"12:27:00";"257";"com vítima";"472";"BR-163/MS";"Sul";"Colisão com veículos (traseira)";0;0;2;0;0;0;0;0;0;0;1;1;0;0;0
"07/06/2016";"22:36:00";"430";"sem vítima";"616,319";"BR-163/MS";"Norte";"Atropelamento - Animal";1;0;0;0;0;0;0;0;0;0;1;0;0;0;0
"08/06/2016";"11:34:00";"191";"com vítima";"616";"BR-163/MS";"Norte";"Colisão lateral no mesmo sentido";1;0;0;0;0;0;0;0;0;1;4;1;0;0;0
"09/06/2016";"04:56:00";"31";"sem vítima";"328,303";"BR-163/MS";"Norte";"Atropelamento - Animal";1;0;0;0;0;0;0;0;0;0;1;0;0;0;0
"09/06/2016";"17:03:00";"361";"com vítima";"290";"BR-163/MS";"Norte";"Colisão lateral no mesmo sentido";0;0;1;1;0;0;0;0;0;0;1;1;0;0;0
"09/06/2016";"18:33:00";"390";"com vítima";"36,8";"BR-163/MS";"Sul";"Colisão c/ obstáculos";0;0;2;0;0;0;0;0;0;0;1;0;0;1;0
"10/06/2016";"11:28:00";"238";"com vítima";"11,9";"BR-163/MS";"Norte";"Saídas de pista";1;0;0;0;0;0;0;0;0;0;0;1;0;0;0
"10/06/2016";"13:37:00";"296";"com vítima";"434";"BR-163/MS";"Sul";"Saídas de pista";0;0;0;0;0;0;0;0;0;1;0;1;0;0;0
"10/06/2016";"17:30:00";"370";"com vítima";"736";"BR-163/MS";"Norte";"Colisão lateral no sentido contrário";1;0;0;0;1;0;0;0;0;0;49;1;0;0;0
"10/06/2016";"23:04:00";"459";"com vítima";"446";"BR-163/MS";"Sul";"Capotamento";1;0;0;0;0;0;0;0;0;0;0;1;0;0;0
"11/06/2016";"07:27:00";"104";"com vítima";"438";"BR-163/MS";"Norte";"Colisão lateral no mesmo sentido";0;0;1;1;0;0;0;0;0;0;1;0;0;1;0
"11/06/2016";"17:06:00";"300";"com vítima";"439,6";"BR-163/MS";"Norte";"Colisão lateral no mesmo sentido";1;0;0;0;0;1;0;0;0;0;2;0;1;0;0
"11/06/2016";"22:29:00";"364";"com vítima";"346";"BR-163/MS";"Sul";"Tombamento de moto";0;0;0;1;0;1;0;0;0;0;1;1;0;0;0
"11/06/2016";"22:51:00";"369";"sem vítima";"583,34";"BR-163/MS";"Norte";"Atropelamento - Animal";1;0;0;0;0;0;0;0;0;0;1;0;0;0;0
"12/06/2016";"04:25:00";"20";"sem vítima";"698,555";"BR-163/MS";"Norte";"Colisão c/ obstáculos";1;0;0;0;0;0;0;0;0;0;2;0;0;0;0
"12/06/2016";"22:22:00";"314";"sem vítima";"569,46";"BR-163/MS";"Norte";"Saídas de pista";1;0;0;0;0;0;0;0;0;0;1;0;0;0;0
"13/06/2016";"07:05:00";"59";"com vítima";"677";"BR-163/MS";"Norte";"Tombamento";0;0;1;0;0;0;0;0;0;0;0;1;0;0;0
"13/06/2016";"10:53:00";"167";"com vítima";"387,391";"BR-163/MS";"Norte";"Capotamento";1;0;0;0;0;0;0;0;0;0;0;1;0;0;0
"13/06/2016";"12:04:00";"189";"sem vítima";"125";"BR-163/MS";"Norte";"Colisão c/ obstáculos";0;0;1;0;0;0;0;0;0;0;1;0;0;0;0
"13/06/2016";"16:14:00";"275";"sem vítima";"103";"BR-163/MS";"Norte";"Engavetamento";0;0;4;0;0;0;0;0;0;0;4;0;0;0;0
"13/06/2016";"18:28:00";"315";"com vítima";"710,9";"BR-163/MS";"Norte";"Atropelamento - Animal";0;0;0;1;0;0;0;0;0;0;0;1;0;0;0
"13/06/2016";"22:58:00";"362";"sem vítima";"40,2";"BR-163/MS";"Sul";"Saídas de pista";1;0;0;0;0;0;0;0;0;0;1;0;0;0;0
"14/06/2016";"07:19:00";"103";"com vítima";"79";"BR-163/MS";"Norte";"Saídas de pista";0;0;0;1;0;0;0;0;0;0;0;2;0;0;0
"15/06/2016";"00:34:00";"5";"sem vítima";"397";"BR-163/MS";"Sul";"Atropelamento - Animal";1;0;0;0;0;0;0;0;0;0;1;0;0;0;0
"15/06/2016";"19:01:00";"387";"com vítima";"485,442";"BR-163/MS";"Norte";"Colisão lateral no mesmo sentido";2;0;0;0;0;0;0;0;0;0;3;1;0;0;0
"15/06/2016";"19:25:00";"393";"sem vítima";"281";"BR-163/MS";"Sul";"Atropelamento - Animal";1;0;0;0;0;0;0;0;0;0;1;0;0;0;0
"16/06/2016";"05:31:00";"31";"sem vítima";"610,42";"BR-163/MS";"Norte";"Colisão lateral no mesmo sentido";1;0;2;0;0;0;0;0;0;0;4;0;0;0;0
"16/06/2016";"22:40:00";"444";"sem vítima";"363,936";"BR-163/MS";"Norte";"Tombamento";0;0;1;0;0;0;0;0;0;0;1;0;0;0;0
"17/06/2016";"02:48:00";"22";"sem vítima";"405,678";"BR-163/MS";"Norte";"Saídas de pista";0;0;1;0;0;0;0;0;0;0;1;0;0;0;0
"17/06/2016";"09:00:00";"168";"sem vítima";"708,5";"BR-163/MS";"Norte";"Tombamento";0;0;1;0;0;0;0;0;0;0;1;0;0;0;0
"17/06/2016";"13:40:00";"284";"sem vítima";"327";"BR-163/MS";"Norte";"Saídas de pista";1;0;1;0;0;0;0;0;0;0;2;0;0;0;0
"17/06/2016";"19:56:00";"421";"sem vítima";"36,6";"BR-163/MS";"Norte";"Saídas de pista";1;0;1;0;0;1;0;0;0;0;3;0;0;0;0
"17/06/2016";"22:18:00";"445";"com vítima";"346";"BR-163/MS";"Norte";"Colisão lateral no mesmo sentido";0;0;3;0;0;2;0;0;0;0;3;0;1;1;1
"18/06/2016";"04:22:00";"32";"sem vítima";"27";"BR-163/MS";"Norte";"Tombamento";0;0;0;1;0;0;0;0;0;0;1;0;0;0;0
"18/06/2016";"06:05:00";"40";"com vítima";"724";"BR-163/MS";"Sul";"Colisão lateral no mesmo sentido";0;0;1;1;0;0;0;0;0;0;1;0;1;0;0
"18/06/2016";"14:23:00";"229";"com vítima";"280";"BR-163/MS";"Norte";"Colisão com veículos (traseira)";1;0;1;0;0;0;0;0;0;0;3;1;0;0;0
"18/06/2016";"15:41:00";"248";"com vítima";"669";"BR-163/MS";"Sul";"Tombamento de moto";0;0;1;1;0;0;0;0;0;0;1;1;0;0;0
"18/06/2016";"18:10:00";"291";"com vítima";"623";"BR-163/MS";"Norte";"Colisão com veículos (traseira)";1;0;1;0;0;0;0;0;0;0;2;1;0;0;0
"18/06/2016";"19:21:00";"310";"com vítima";"726";"BR-163/MS";"Norte";"Engavetamento";0;0;3;0;0;0;0;0;0;0;2;1;0;0;0
"18/06/2016";"19:54:00";"325";"com vítima";"121";"BR-163/MS";"Norte";"Saídas de pista";1;0;0;0;0;0;0;0;0;0;0;1;1;0;0
"19/06/2016";"05:14:00";"38";"sem vítima";"265";"BR-163/MS";"Norte";"Saídas de pista";1;0;0;0;0;0;0;0;0;0;5;0;0;0;0
"19/06/2016";"19:50:00";"310";"com vítima";"794,817";"BR-163/MS";"Sul";"Atropelamento - Animal";1;0;0;0;0;0;0;0;0;0;0;3;0;0;0
"20/06/2016";"03:23:00";"14";"sem vítima";"585,3";"BR-163/MS";"Norte";"Saídas de pista";1;0;0;0;0;0;0;0;0;0;1;0;0;0;0
"20/06/2016";"07:13:00";"46";"com vítima";"705,9";"BR-163/MS";"Sul";"Tombamento";0;0;1;0;0;2;0;0;0;0;2;1;0;0;0
"20/06/2016";"16:33:00";"251";"com vítima";"729";"BR-163/MS";"Sul";"Colisão lateral no sentido contrário";1;0;0;1;0;0;0;0;0;0;1;1;0;0;0
"20/06/2016";"17:55:00";"272";"com vítima";"116,521";"BR-163/MS";"Sul";"Atropelamento - Pedestre";0;0;0;1;0;0;0;0;0;0;0;2;0;0;0
"20/06/2016";"22:03:00";"328";"sem vítima";"664,328";"BR-163/MS";"Sul";"Atropelamento - Animal";1;0;0;0;0;0;0;0;0;0;1;0;0;0;0
"21/06/2016";"12:42:00";"225";"sem vítima";"447";"BR-163/MS";"Norte";"Saídas de pista";1;0;0;0;0;0;0;0;0;0;1;0;0;0;0
"21/06/2016";"18:57:00";"375";"com vítima";"727";"BR-163/MS";"Norte";"Colisão lateral no sentido contrário";0;0;1;0;0;0;0;0;0;1;8;1;0;0;0
"21/06/2016";"19:59:00";"399";"com vítima";"736";"BR-163/MS";"Sul";"Atropelamento - Animal";0;0;0;0;0;0;0;0;0;1;0;1;0;0;0
"21/06/2016";"20:08:00";"400";"sem vítima";"324,5";"BR-163/MS";"Sul";"Colisão com veículos (traseira)";0;0;0;0;0;1;0;0;0;1;2;0;0;0;0
"21/06/2016";"22:07:00";"427";"sem vítima";"729";"BR-163/MS";"Sul";"Colisão com veículos (traseira)";1;0;0;1;0;0;0;0;0;0;2;0;0;0;0
"21/06/2016";"23:31:00";"446";"sem vítima";"563,6";"BR-163/MS";"Norte";"Atropelamento - Animal";0;0;1;0;0;0;0;0;0;0;1;0;0;0;0
"22/06/2016";"01:05:00";"8";"com vítima";"330";"BR-163/MS";"Sul";"Atropelamento - Animal";1;0;0;0;0;0;0;0;0;0;0;2;0;0;0
"22/06/2016";"09:35:00";"172";"sem vítima";"746";"BR-163/MS";"Norte";"Tombamento";0;0;2;0;0;0;0;0;0;0;2;0;0;0;0
"22/06/2016";"18:27:00";"380";"com vítima";"478";"BR-163/MS";"Sul";"Colisão lateral no mesmo sentido";0;1;1;0;0;0;0;0;0;0;1;0;1;0;0
"22/06/2016";"19:04:00";"389";"sem vítima";"530";"BR-163/MS";"Sul";"Saídas de pista";0;0;1;0;0;0;0;0;0;0;1;0;0;0;0
"22/06/2016";"20:14:00";"401";"sem vítima";"271";"BR-163/MS";"Sul";"Colisão com veículos (traseira)";2;0;0;0;0;0;0;0;0;0;2;0;0;0;0
"23/06/2016";"07:36:00";"109";"com vítima";"263";"BR-163/MS";"Norte";"Colisão com veículos (traseira)";0;0;0;2;0;0;0;0;0;0;1;1;0;0;0
"23/06/2016";"12:22:00";"229";"com vítima";"209";"BR-163/MS";"Norte";"Colisão lateral no sentido contrário";0;0;0;1;1;0;0;0;0;0;1;0;0;1;0
"23/06/2016";"15:03:00";"281";"com vítima";"475";"BR-163/MS";"Sul";"Colisão lateral no sentido contrário";1;0;1;0;0;0;0;0;0;0;2;1;0;0;0
"23/06/2016";"18:13:00";"357";"sem vítima";"6,759";"BR-163/MS";"Sul";"Colisão com veículos (traseira)";0;0;2;0;0;0;0;0;0;0;2;0;0;0;0
"23/06/2016";"20:38:00";"397";"com vítima";"3";"BR-163/MS";"Sul";"Atropelamento - Pedestre";0;0;1;0;0;0;0;0;0;0;1;1;0;0;0
"23/06/2016";"20:55:00";"399";"sem vítima";"391,164";"BR-163/MS";"Sul";"Atropelamento - Animal";0;0;1;0;0;0;0;0;0;0;1;0;0;0;0
"24/06/2016";"12:28:00";"210";"com vítima";"206";"BR-163/MS";"Sul";"Capotamento";0;0;1;0;0;1;0;0;0;0;1;2;0;0;0
"24/06/2016";"12:52:00";"221";"com vítima";"549,9";"BR-163/MS";"Norte";"Colisão lateral no sentido contrário";1;0;0;1;0;0;0;0;0;0;4;1;0;0;0
"24/06/2016";"17:13:00";"308";"sem vítima";"547,5";"BR-163/MS";"Norte";"Capotamento";1;0;0;0;0;0;0;0;0;0;3;0;0;0;0
"24/06/2016";"18:39:00";"333";"com vítima";"217,332";"BR-163/MS";"Sul";"Engavetamento";2;0;0;1;0;0;0;0;0;0;2;4;0;0;0
"25/06/2016";"10:51:00";"182";"com vítima";"366";"BR-163/MS";"Norte";"Colisão com veículos (traseira)";2;0;0;0;0;0;0;0;0;0;4;1;0;0;0
"25/06/2016";"13:29:00";"246";"com vítima";"565";"BR-163/MS";"Norte";"Colisão com veículos (traseira)";2;0;1;0;0;0;0;0;0;0;5;2;0;0;0
"25/06/2016";"15:22:00";"282";"com vítima";"462";"BR-163/MS";"Norte";"Colisão lateral no mesmo sentido";0;0;0;1;1;0;0;0;0;0;1;1;0;0;0
"26/06/2016";"08:47:00";"151";"sem vítima";"466";"BR-163/MS";"Sul";"Tombamento de moto";0;0;0;1;0;0;0;0;0;0;1;0;0;0;0
"26/06/2016";"13:39:00";"273";"sem vítima";"529";"BR-163/MS";"Norte";"Saídas de pista";1;0;1;0;0;0;0;0;0;0;2;0;0;0;0
"26/06/2016";"18:51:00";"385";"sem vítima";"785,8";"BR-163/MS";"Norte";"Saídas de pista";1;0;0;0;0;0;0;0;0;0;1;0;0;0;0
"26/06/2016";"20:13:00";"406";"sem vítima";"478";"BR-163/MS";"Sul";"Atropelamento - Animal";1;0;0;0;0;0;0;0;0;0;1;0;0;0;0
"27/06/2016";"01:05:00";"14";"com vítima";"430";"BR-163/MS";"Sul";"Saídas de pista";0;0;0;1;0;0;0;0;0;0;0;1;0;0;0
"27/06/2016";"05:01:00";"35";"sem vítima";"495";"BR-163/MS";"Norte";"Atropelamento - Animal";1;0;0;0;0;0;0;0;0;0;1;0;0;0;0
"27/06/2016";"06:01:00";"41";"com vítima";"185";"BR-163/MS";"Norte";"Engavetamento";1;0;2;0;1;0;0;0;0;1;7;1;0;0;0
"27/06/2016";"19:19:00";"305";"sem vítima";"575";"BR-163/MS";"Norte";"Atropelamento - Animal";1;0;0;0;0;0;0;0;0;0;1;0;0;0;0
"27/06/2016";"22:51:00";"338";"sem vítima";"601,89";"BR-163/MS";"Norte";"Atropelamento - Animal";1;0;0;0;0;0;0;0;0;0;1;0;0;0;0
"28/06/2016";"03:33:00";"15";"sem vítima";"258";"BR-163/MS";"Norte";"Saídas de pista";1;0;0;0;0;0;0;0;0;0;1;0;0;0;0
"28/06/2016";"11:04:00";"193";"com vítima";"485";"BR-163/MS";"Sul";"Colisão com veículos (traseira)";0;0;0;1;0;0;0;0;0;1;1;1;0;0;0
"28/06/2016";"13:23:00";"234";"sem vítima";"478";"BR-163/MS";"Sul";"Colisão lateral no mesmo sentido";3;0;0;0;0;0;0;0;0;0;5;0;0;0;0
"28/06/2016";"13:35:00";"241";"sem vítima";"368,6";"BR-163/MS";"Sul";"Colisão com veículos (traseira)";0;0;0;0;0;0;0;0;0;2;8;0;0;0;0
"28/06/2016";"16:09:00";"297";"sem vítima";"25,3";"BR-163/MS";"Norte";"Colisão com veículos (traseira)";2;0;0;0;0;0;0;0;0;0;2;0;0;0;0
"29/06/2016";"03:29:00";"22";"sem vítima";"33,413";"BR-163/MS";"Sul";"Colisão com veículos (traseira)";1;0;1;0;0;0;0;0;0;0;2;0;0;0;0
"29/06/2016";"06:57:00";"54";"sem vítima";"178";"BR-163/MS";"Norte";"Colisão com veículos (traseira)";0;0;2;0;0;0;0;0;0;0;2;0;0;0;0
"29/06/2016";"15:13:00";"271";"com vítima";"443";"BR-163/MS";"Norte";"Tombamento de moto";0;0;0;1;0;0;0;0;0;0;0;2;0;0;0
"29/06/2016";"17:08:00";"320";"com vítima";"311,8";"BR-163/MS";"Norte";"Tombamento";0;0;0;1;0;0;0;0;0;0;0;0;1;0;0
"29/06/2016";"17:35:00";"327";"com vítima";"245";"BR-163/MS";"Norte";"Saídas de pista";1;0;0;0;0;0;0;0;0;0;1;1;0;0;0
"29/06/2016";"18:28:00";"339";"com vítima";"484";"BR-163/MS";"Sul";"Atropelamento - Pedestre";0;1;0;1;0;0;0;0;0;0;0;0;1;1;0
"30/06/2016";"06:40:00";"98";"com vítima";"264";"BR-163/MS";"Norte";"Colisão c/ obstáculos";0;1;0;1;0;0;0;0;0;0;0;2;0;0;0
"30/06/2016";"07:23:00";"123";"sem vítima";"270";"BR-163/MS";"Norte";"Colisão com veículos (traseira)";2;0;0;0;0;0;0;0;0;0;2;0;0;0;0
"30/06/2016";"07:53:00";"140";"com vítima";"262";"BR-163/MS";"Norte";"Colisão com veículos (traseira)";1;0;0;1;0;0;0;0;0;0;1;1;0;0;0
"30/06/2016";"09:47:00";"202";"com vítima";"20,5";"BR-163/MS";"Sul";"Engavetamento";2;0;2;0;0;0;0;0;0;0;6;1;0;0;0
"01/07/2016";"06:18:00";"77";"com vítima";"255,9";"BR-163/MS";"Sul";"Colisão lateral no sentido contrário";0;1;0;1;0;0;0;0;0;0;1;1;0;0;0
"01/07/2016";"10:49:00";"221";"com vítima";"481";"BR-163/MS";"Norte";"Colisão lateral no mesmo sentido";0;0;0;1;0;0;0;0;0;1;3;1;0;0;0
"01/07/2016";"16:14:00";"333";"sem vítima";"225";"BR-163/MS";"Norte";"Colisão lateral no mesmo sentido";1;0;1;0;0;0;0;0;0;0;2;0;0;0;0
"01/07/2016";"17:38:00";"360";"com vítima";"389";"BR-163/MS";"Sul";"Capotamento";0;0;0;0;0;0;0;0;0;1;1;1;0;0;0
"01/07/2016";"17:45:00";"363";"com vítima";"204,2";"BR-163/MS";"Sul";"Capotamento";0;0;0;0;0;0;0;0;0;1;0;2;0;0;0
"01/07/2016";"18:16:00";"369";"com vítima";"181";"BR-163/MS";"Sul";"Atropelamento - Animal";1;0;0;0;0;0;0;0;0;0;1;1;0;0;0
"01/07/2016";"20:00:00";"401";"com vítima";"474";"BR-163/MS";"Norte";"Capotamento";0;0;0;1;0;0;0;0;0;0;1;1;0;0;0
"01/07/2016";"22:11:00";"428";"com vítima";"254,6";"BR-163/MS";"Sul";"Colisão c/ obstáculos";0;0;0;1;0;1;0;0;0;0;1;0;0;1;1
"02/07/2016";"01:29:00";"12";"sem vítima";"103,8";"BR-163/MS";"Sul";"Atropelamento - Animal";1;0;0;0;0;0;0;0;0;0;1;0;0;0;0
"02/07/2016";"07:03:00";"70";"com vítima";"117";"BR-163/MS";"Sul";"Colisão lateral no mesmo sentido";1;0;1;0;0;0;0;0;0;0;1;1;0;0;0
"02/07/2016";"10:11:00";"156";"sem vítima";"470";"BR-163/MS";"Sul";"Colisão lateral no sentido contrário";1;0;0;2;0;0;0;0;0;0;4;0;0;0;0
"02/07/2016";"17:58:00";"299";"sem vítima";"225";"BR-163/MS";"Sul";"Colisão lateral no mesmo sentido";0;0;0;0;1;0;0;0;0;1;2;0;0;0;0
"02/07/2016";"23:12:00";"352";"sem vítima";"564,5";"BR-163/MS";"Norte";"Atropelamento - Animal";1;0;0;0;0;0;0;0;0;0;2;0;0;0;0
"03/07/2016";"02:06:00";"10";"sem vítima";"666";"BR-163/MS";"Norte";"Atropelamento - Animal";1;0;0;0;0;0;0;0;0;0;1;0;0;0;0
"03/07/2016";"03:14:00";"16";"com vítima";"808";"BR-163/MS";"Norte";"Tombamento de moto";0;0;0;1;0;0;0;0;0;0;0;0;1;0;0
"03/07/2016";"04:34:00";"26";"sem vítima";"23";"BR-163/MS";"Norte";"Colisão com veículos (traseira)";1;0;0;0;0;1;0;0;0;0;2;0;0;0;0
"03/07/2016";"18:25:00";"324";"com vítima";"79,5";"BR-163/MS";"Norte";"Colisão com veículos (traseira)";1;0;0;1;0;0;0;0;0;0;2;0;1;0;0
"04/07/2016";"07:16:00";"109";"sem vítima";"482";"BR-163/MS";"Norte";"Colisão com veículos (traseira)";1;0;0;1;0;0;0;0;0;0;2;0;0;0;0
"04/07/2016";"15:30:00";"327";"sem vítima";"351,2";"BR-163/MS";"Norte";"Tombamento";0;0;1;0;0;0;0;0;0;0;1;0;0;0;0
"04/07/2016";"23:20:00";"451";"sem vítima";"600,6";"BR-163/MS";"Norte";"Atropelamento - Animal";1;0;0;0;0;1;0;0;0;0;5;0;0;0;0