data;horario;n_da_ocorrencia;tipo_de_ocorrencia;km;trecho;sentido;tipo_de_acidente;automovel;bicicleta;caminhao;moto;onibus;outros;tracao_animal;transporte_de_cargas_especiais;trator_maquinas;utilitarios;ilesos;levemente_feridos;moderadamente_feridos;gravemente_feridos;mortos
"23/02/2017";"22:05:00";"390";"com vítima";"431,826";"BR-163/MS";"Norte";"Colisão c/ obstáculos";1;0;0;0;0;0;0;0;0;0;0;2;0;0;0
"24/02/2017";"04:41:00";"25";"com vítima";"790,757";"BR-163/MS";"Norte";"Atropelamento de animais";0;0;0;0;0;0;0;0;0;1;0;1;0;0;0
"24/02/2017";"12:20:00";"224";"com vítima";"604";"BR-163/MS";"Norte";"Capotamento";1;0;0;0;0;0;0;0;0;0;0;1;0;0;0
"24/02/2017";"16:11:00";"306";"sem vítima";"106";"BR-163/MS";"Norte";"Saídas de pista";1;0;0;0;0;0;0;0;0;0;4;0;0;0;0
"24/02/2017";"21:06:00";"389";"sem vítima";"384,437";"BR-163/MS";"Norte";"Capotamento";1;0;0;0;0;0;0;0;0;0;1;0;0;0;0
"24/02/2017";"22:54:00";"409";"com vítima";"455,963";"BR-163/MS";"Norte";"Atropelamento de pedestre";1;0;0;0;0;0;0;0;0;0;1;0;0;0;1
"25/02/2017";"04:56:00";"38";"sem vítima";"264,889";"BR-163/MS";"Norte";"Colisão c/ obstáculos";0;0;0;0;0;0;0;0;0;1;1;0;0;0;0
"25/02/2017";"05:14:00";"40";"sem vítima";"657,9";"BR-163/MS";"Sul";"Atropelamento de animais";0;0;0;0;0;0;0;0;0;1;1;0;0;0;0
"25/02/2017";"08:21:00";"95";"sem vítima";"5,8";"BR-163/MS";"Norte";"Engavetamento";2;0;0;0;0;0;0;0;0;1;13;0;0;0;0
"25/02/2017";"09:24:00";"122";"sem vítima";"5,4";"BR-163/MS";"Norte";"Engavetamento";3;0;0;0;0;0;0;0;0;0;10;0;0;0;0
"25/02/2017";"19:11:00";"356";"com vítima";"224,5";"BR-163/MS";"Sul";"Tombamento de moto";0;0;0;1;0;0;0;0;0;0;0;0;1;0;0
"25/02/2017";"19:24:00";"364";"com vítima";"260";"BR-163/MS";"Sul";"Colisão com veículos (traseira)";1;0;0;1;0;0;0;0;0;0;1;1;0;0;0
"25/02/2017";"19:24:00";"361";"com vítima";"260";"BR-163/MS";"Norte";"Colisão c/ obstáculos";0;0;0;0;0;0;0;0;0;1;0;1;0;0;0
"25/02/2017";"19:30:00";"362";"com vítima";"225";"BR-163/MS";"Norte";"Tombamento de moto";0;0;0;1;0;0;0;0;0;0;0;2;0;0;0
"25/02/2017";"22:46:00";"394";"sem vítima";"267,6";"BR-163/MS";"Norte";"Colisão com veículos (traseira)";1;0;0;0;0;1;0;0;0;0;2;0;0;0;0
"26/02/2017";"06:18:00";"67";"com vítima";"776,7";"BR-163/MS";"Norte";"Capotamento";1;0;0;0;0;0;0;0;0;0;0;1;0;0;0
"26/02/2017";"15:15:00";"296";"com vítima";"461";"BR-163/MS";"Norte";"Colisão lateral no mesmo sentido";2;0;0;0;0;0;0;0;0;0;6;1;0;0;0
"27/02/2017";"05:22:00";"23";"sem vítima";"432,206";"BR-163/MS";"Norte";"Atropelamento de animais";1;0;0;0;0;0;0;0;0;0;1;0;0;0;0
"27/02/2017";"05:54:00";"26";"com vítima";"592";"BR-163/MS";"Norte";"Colisão lateral no mesmo sentido";1;0;1;0;0;0;0;0;0;0;5;1;0;0;0
"27/02/2017";"15:22:00";"235";"com vítima";"423";"BR-163/MS";"Norte";"Engavetamento";2;0;0;0;1;0;0;0;0;0;2;1;0;0;0
"27/02/2017";"21:11:00";"328";"sem vítima";"124,541";"BR-163/MS";"Norte";"Atropelamento de animais";0;0;0;0;0;1;0;0;0;0;1;0;0;0;0
"27/02/2017";"22:10:00";"335";"com vítima";"269,319";"BR-163/MS";"Norte";"Tombamento de moto";0;0;0;1;0;0;0;0;0;0;0;1;0;0;0
"28/02/2017";"01:41:00";"9";"sem vítima";"347,765";"BR-163/MS";"Norte";"Atropelamento de animais";1;0;0;0;0;0;0;0;0;0;1;0;0;0;0
"28/02/2017";"03:50:00";"21";"com vítima";"799,746";"BR-163/MS";"Norte";"Atropelamento de animais";1;0;0;0;0;0;0;0;0;0;2;1;0;0;0
"28/02/2017";"11:20:00";"179";"com vítima";"375";"BR-163/MS";"Norte";"Colisão lateral no mesmo sentido";1;0;0;1;0;0;0;0;0;0;2;0;1;0;0
"28/02/2017";"18:50:00";"337";"com vítima";"484,41";"BR-163/MS";"Norte";"Colisão lateral no sentido contrário";0;0;0;2;0;0;0;0;0;0;1;0;1;1;0
"28/02/2017";"20:21:00";"360";"sem vítima";"691";"BR-163/MS";"Sul";"Atropelamento de animais";1;0;0;0;0;0;0;0;0;0;2;0;0;0;0
"02/03/2017";"10:10:00";"171";"sem vítima";"690";"BR-163/MS";"Sul";"Colisão lateral no mesmo sentido";0;0;2;0;0;4;0;0;0;0;8;0;0;0;0
"02/03/2017";"14:42:00";"242";"com vítima";"482,15";"BR-163/MS";"Norte";"Tombamento de moto";0;0;0;1;0;0;0;0;0;0;0;1;0;0;0
"02/03/2017";"18:49:00";"340";"com vítima";"464,691";"BR-163/MS";"Norte";"Atropelamento de pedestre";0;0;0;2;0;0;0;0;0;0;2;2;1;0;0
"02/03/2017";"21:16:00";"366";"sem vítima";"270,44";"BR-163/MS";"Norte";"Colisão lateral no mesmo sentido";2;0;0;0;0;0;0;0;0;0;2;0;0;0;0
"02/03/2017";"22:50:00";"377";"sem vítima";"124";"BR-163/MS";"Norte";"Atropelamento de animais";1;0;0;0;0;0;0;0;0;0;1;0;0;0;0
"03/03/2017";"05:44:00";"31";"com vítima";"470,8";"BR-163/MS";"Norte";"Colisão com veículos (frontal)";1;0;1;0;0;0;0;0;0;0;1;0;2;1;1
"03/03/2017";"07:22:00";"65";"com vítima";"258,3";"BR-163/MS";"Norte";"Colisão lateral no mesmo sentido";0;1;0;1;0;0;0;0;0;0;1;1;0;0;0
"03/03/2017";"07:28:00";"67";"com vítima";"237";"BR-163/MS";"Norte";"Capotamento";1;0;0;0;0;0;0;0;0;0;0;1;0;0;0
"03/03/2017";"19:16:00";"319";"com vítima";"486,1";"BR-163/MS";"Norte";"Atropelamento de pedestre";1;0;0;0;0;0;0;0;0;0;1;0;0;0;1
"03/03/2017";"19:48:00";"323";"sem vítima";"486,321";"BR-163/MS";"Sul";"Colisão com veículos (traseira)";0;0;0;1;0;0;0;0;0;1;1;0;0;0;0
"03/03/2017";"21:13:00";"340";"sem vítima";"368,932";"BR-163/MS";"Sul";"Colisão lateral no mesmo sentido";1;0;1;0;0;0;0;0;0;0;4;0;0;0;0
"04/03/2017";"09:22:00";"158";"sem vítima";"364";"BR-163/MS";"Sul";"Engavetamento";1;0;1;0;0;0;0;0;0;1;10;0;0;0;0
"04/03/2017";"14:53:00";"296";"com vítima";"2";"BR-163/MS";"Norte";"Colisão com veículos (traseira)";1;0;0;1;0;0;0;0;0;1;5;0;0;1;0
"04/03/2017";"18:32:00";"379";"com vítima";"213,625";"BR-163/MS";"Norte";"Capotamento";0;0;1;0;0;0;0;0;0;1;1;1;0;0;0
"04/03/2017";"18:57:00";"387";"sem vítima";"267,822";"BR-163/MS";"Norte";"Saídas de pista";1;0;0;0;0;1;0;0;0;0;2;0;0;0;0
"04/03/2017";"19:51:00";"401";"com vítima";"209,556";"BR-163/MS";"Norte";"Tombamento de moto";0;0;0;1;0;0;0;0;0;0;0;1;0;0;0
"04/03/2017";"23:57:00";"446";"com vítima";"480";"BR-163/MS";"Norte";"Colisão c/ obstáculos";0;0;0;1;0;0;0;0;0;0;0;0;1;0;0
"05/03/2017";"02:33:00";"20";"sem vítima";"493";"BR-163/MS";"Sul";"Saídas de pista";1;0;0;0;0;0;0;0;0;0;2;0;0;0;0
"05/03/2017";"19:48:00";"343";"com vítima";"490";"BR-163/MS";"Norte";"Tombamento de moto";0;0;0;1;0;0;0;0;0;0;0;2;0;0;0
"06/03/2017";"00:30:00";"1";"sem vítima";"707,707";"BR-163/MS";"Norte";"Tombamento de moto";0;0;0;1;0;0;0;0;0;0;1;0;0;0;0
"06/03/2017";"06:55:00";"61";"com vítima";"479,964";"BR-163/MS";"Sul";"Atropelamento de pedestre";0;1;0;0;0;1;0;0;0;0;1;1;0;0;0
"06/03/2017";"09:07:00";"124";"com vítima";"536";"BR-163/MS";"Sul";"Capotamento";1;0;0;0;0;0;0;0;0;0;1;1;0;0;0
"06/03/2017";"13:55:00";"219";"sem vítima";"663,4";"BR-163/MS";"Norte";"Tombamento";0;0;1;0;0;1;0;0;0;0;2;0;0;0;0
"07/03/2017";"12:33:00";"238";"com vítima";"206,6";"BR-163/MS";"Sul";"Tombamento";0;0;1;0;0;2;0;0;0;0;2;1;0;0;0
"07/03/2017";"19:32:00";"374";"sem vítima";"262,865";"BR-163/MS";"Sul";"Capotamento";1;0;0;0;0;0;0;0;0;0;1;0;0;0;0
"08/03/2017";"17:09:00";"345";"com vítima";"369,75";"BR-163/MS";"Norte";"Colisão lateral no mesmo sentido";0;1;1;0;0;0;0;0;0;0;1;0;0;1;0
"09/03/2017";"14:36:00";"274";"sem vítima";"632";"BR-163/MS";"Norte";"Tombamento";0;0;2;0;0;2;0;0;0;0;4;0;0;0;0
"10/03/2017";"04:51:00";"36";"com vítima";"674,5";"BR-163/MS";"Sul";"Tombamento de moto";0;0;0;1;0;0;0;0;0;0;1;1;0;0;0
"10/03/2017";"07:00:00";"73";"sem vítima";"420,5";"BR-163/MS";"Norte";"Saídas de pista";0;0;0;0;1;0;0;0;0;0;2;0;0;0;0
"10/03/2017";"07:26:00";"81";"com vítima";"211";"BR-163/MS";"Norte";"Saídas de pista";0;0;0;1;0;0;0;0;0;0;0;1;0;0;0
"10/03/2017";"17:11:00";"299";"com vítima";"490,528";"BR-163/MS";"Norte";"Colisão com veículos (traseira)";2;0;0;0;0;0;0;0;0;0;6;1;0;0;0
"10/03/2017";"17:22:00";"305";"com vítima";"308,87";"BR-163/MS";"Sul";"Atropelamento de pedestre";0;1;0;0;0;1;0;0;0;0;1;0;0;0;1
"10/03/2017";"19:56:00";"347";"sem vítima";"355,468";"BR-163/MS";"Norte";"Atropelamento de animais";1;0;0;0;0;0;0;0;0;0;1;0;0;0;0
"11/03/2017";"11:34:00";"160";"com vítima";"365";"BR-163/MS";"Sul";"Colisão com veículos (traseira)";2;0;0;0;0;0;0;0;0;0;4;1;0;0;0
"11/03/2017";"12:02:00";"167";"sem vítima";"129,5";"BR-163/MS";"Norte";"Capotamento";0;0;0;0;0;0;0;0;0;1;2;0;0;0;0
"11/03/2017";"16:00:00";"238";"com vítima";"128";"BR-163/MS";"Norte";"Saídas de pista";1;0;0;0;0;0;0;0;0;0;0;3;1;0;0
"11/03/2017";"18:37:00";"281";"sem vítima";"13,59";"BR-163/MS";"Norte";"Atropelamento de animais";1;0;0;0;0;0;0;0;0;1;2;0;0;0;0
"11/03/2017";"20:08:00";"296";"com vítima";"484,677";"BR-163/MS";"Sul";"Colisão lateral no mesmo sentido";1;0;1;0;0;0;0;0;0;0;1;0;1;0;0
"12/03/2017";"05:14:00";"43";"sem vítima";"355,441";"BR-163/MS";"Sul";"Atropelamento de animais";1;0;0;0;0;0;0;0;0;0;1;0;0;0;0
"12/03/2017";"09:18:00";"103";"com vítima";"385,6";"BR-163/MS";"Norte";"Colisão lateral no mesmo sentido";1;0;1;0;0;2;0;0;0;1;2;3;1;0;3
"12/03/2017";"11:21:00";"127";"com vítima";"288,5";"BR-163/MS";"Norte";"Capotamento";1;0;0;0;0;0;0;0;0;0;0;1;0;0;0
"12/03/2017";"11:49:00";"133";"com vítima";"266";"BR-163/MS";"Norte";"Colisão lateral no sentido contrário";1;0;0;1;0;0;0;0;0;0;3;2;1;0;0
"12/03/2017";"16:12:00";"204";"sem vítima";"533";"BR-163/MS";"Norte";"Colisão c/ obstáculos";2;0;0;0;0;0;0;0;0;0;7;0;0;0;0
"12/03/2017";"18:59:00";"248";"com vítima";"437,5";"BR-163/MS";"Norte";"Colisão lateral no mesmo sentido";1;0;0;1;0;0;0;0;0;0;1;0;1;0;0
"12/03/2017";"20:23:00";"267";"com vítima";"508,5";"BR-163/MS";"Norte";"Colisão com veículos (frontal)";2;0;0;0;0;0;0;0;0;0;4;3;0;0;0
"12/03/2017";"22:26:00";"283";"com vítima";"569";"BR-163/MS";"Norte";"Tombamento de moto";0;0;0;1;0;0;0;0;0;0;1;1;0;0;0
"13/03/2017";"04:55:00";"47";"sem vítima";"503";"BR-163/MS";"Sul";"Saídas de pista";1;0;0;0;0;0;0;0;0;0;5;0;0;0;0
"13/03/2017";"06:14:00";"52";"sem vítima";"144";"BR-163/MS";"Norte";"Saídas de pista";1;0;0;0;0;0;0;0;0;0;1;0;0;0;0
"13/03/2017";"08:03:00";"98";"com vítima";"39";"BR-163/MS";"Norte";"Colisão lateral no sentido contrário";0;0;0;1;0;0;0;0;0;1;1;1;0;0;0
"13/03/2017";"10:11:00";"159";"sem vítima";"52,4";"BR-163/MS";"Sul";"Engavetamento";4;0;0;0;0;0;0;0;0;1;5;0;0;0;0
"13/03/2017";"16:18:00";"299";"com vítima";"287";"BR-163/MS";"Norte";"Colisão lateral no mesmo sentido";1;0;0;1;0;0;0;0;0;0;1;0;1;0;0
"13/03/2017";"23:21:00";"379";"sem vítima";"445,771";"BR-163/MS";"Sul";"Atropelamento de animais";0;0;0;0;0;0;0;0;0;1;1;0;0;0;0
"13/03/2017";"23:41:00";"383";"com vítima";"536,2";"BR-163/MS";"Norte";"Atropelamento de animais";1;0;0;1;0;0;0;0;0;0;3;2;0;0;0
"14/03/2017";"04:49:00";"44";"sem vítima";"417";"BR-163/MS";"Norte";"Colisão c/ obstáculos";0;0;0;0;0;0;0;0;0;1;1;0;0;0;0
"14/03/2017";"10:12:00";"168";"sem vítima";"342";"BR-163/MS";"Sul";"Colisão com veículos (traseira)";0;0;2;0;0;0;0;0;0;0;2;0;0;0;0
"15/03/2017";"02:20:00";"17";"sem vítima";"256";"BR-163/MS";"Sul";"Colisão c/ obstáculos";0;0;0;0;1;0;0;0;0;0;1;0;0;0;0
"15/03/2017";"12:02:00";"185";"com vítima";"669,8";"BR-163/MS";"Norte";"Capotamento";0;0;1;0;0;0;0;0;0;1;3;2;2;1;0
"15/03/2017";"23:05:00";"339";"sem vítima";"441,8";"BR-163/MS";"Norte";"Atropelamento de animais";1;0;0;0;0;0;0;0;0;0;1;0;0;0;0
"16/03/2017";"00:02:00";"1";"com vítima";"520,8";"BR-163/MS";"Norte";"Colisão lateral no mesmo sentido";2;0;0;0;0;0;0;0;0;0;1;0;0;1;0
"16/03/2017";"05:08:00";"30";"sem vítima";"148";"BR-163/MS";"Norte";"Atropelamento de animais";0;0;1;0;0;0;0;0;0;0;1;0;0;0;0
"16/03/2017";"07:18:00";"71";"sem vítima";"603";"BR-163/MS";"Norte";"Colisão c/ obstáculos";0;0;1;0;0;0;0;0;0;1;2;0;0;0;0
"16/03/2017";"12:53:00";"209";"sem vítima";"217";"BR-163/MS";"Sul";"Colisão com veículos (traseira)";0;0;1;0;0;0;0;0;0;1;2;0;0;0;0
"16/03/2017";"16:48:00";"285";"sem vítima";"103";"BR-163/MS";"Sul";"Tombamento";0;0;1;0;0;1;0;0;0;0;2;0;0;0;0
"17/03/2017";"04:40:00";"36";"com vítima";"242";"BR-163/MS";"Sul";"Outros";0;0;1;0;0;0;0;0;0;0;0;0;1;0;0
"17/03/2017";"06:44:00";"61";"sem vítima";"660";"BR-163/MS";"Norte";"Atropelamento de animais";1;0;0;0;0;0;0;0;0;0;1;0;0;0;0
"17/03/2017";"12:44:00";"265";"com vítima";"241";"BR-163/MS";"Norte";"Tombamento de moto";0;0;0;1;0;0;0;0;0;0;0;1;0;0;0
"17/03/2017";"16:51:00";"396";"com vítima";"727";"BR-163/MS";"Norte";"Colisão com veículos (traseira)";1;0;0;1;0;0;0;0;0;0;1;1;0;0;0
"17/03/2017";"18:27:00";"431";"com vítima";"485";"BR-163/MS";"Norte";"Atropelamento de pedestre";0;1;0;1;0;0;0;0;0;0;1;1;0;0;0
"17/03/2017";"21:13:00";"468";"sem vítima";"333";"BR-163/MS";"Norte";"Colisão com veículos (traseira)";2;0;0;0;0;0;0;0;0;0;10;0;0;0;0
"17/03/2017";"23:49:00";"494";"sem vítima";"276,5";"BR-163/MS";"Sul";"Saídas de pista";1;0;0;0;0;0;0;0;0;0;1;0;0;0;0
"18/03/2017";"05:13:00";"37";"com vítima";"177";"BR-163/MS";"Norte";"Colisão lateral no mesmo sentido";0;0;1;1;0;0;0;0;0;0;1;1;0;0;0
"18/03/2017";"16:14:00";"255";"com vítima";"396,888";"BR-163/MS";"Norte";"Colisão lateral no mesmo sentido";2;0;0;0;0;0;0;0;0;0;1;2;0;0;0
"18/03/2017";"18:58:00";"296";"sem vítima";"316,694";"BR-163/MS";"Sul";"Colisão c/ obstáculos";1;0;0;1;0;0;0;0;0;0;2;0;0;0;0
"18/03/2017";"19:00:00";"297";"sem vítima";"33,644";"BR-163/MS";"Sul";"Colisão c/ obstáculos";0;0;1;0;0;0;0;0;0;0;1;0;0;0;0
"18/03/2017";"19:23:00";"303";"sem vítima";"656,426";"BR-163/MS";"Sul";"Saídas de pista";1;0;0;0;0;0;0;0;0;0;2;0;0;0;0
"18/03/2017";"19:28:00";"305";"com vítima";"526,939";"BR-163/MS";"Norte";"Colisão lateral no mesmo sentido";1;0;1;0;0;0;0;0;0;0;3;1;0;0;0
"18/03/2017";"19:34:00";"307";"sem vítima";"101,453";"BR-163/MS";"Sul";"Colisão c/ obstáculos";1;0;0;0;0;0;0;0;0;0;1;0;0;0;0
"19/03/2017";"04:38:00";"20";"com vítima";"628,351";"BR-163/MS";"Sul";"Colisão com veículos (frontal)";0;0;1;0;0;0;0;0;0;1;1;1;1;0;0
"19/03/2017";"17:04:00";"216";"sem vítima";"59";"BR-163/MS";"Sul";"Saídas de pista";1;0;0;0;0;0;0;0;0;0;3;0;0;0;0
"19/03/2017";"18:03:00";"226";"sem vítima";"243,785";"BR-163/MS";"Sul";"Saídas de pista";0;0;0;0;0;0;0;0;0;1;1;0;0;0;0
"20/03/2017";"17:56:00";"338";"sem vítima";"398";"BR-163/MS";"Sul";"Capotamento";1;0;0;0;0;0;0;0;0;0;1;0;0;0;0
"20/03/2017";"18:17:00";"344";"com vítima";"654";"BR-163/MS";"Sul";"Capotamento";0;0;0;0;0;0;0;0;0;1;1;1;0;0;0
"20/03/2017";"19:15:00";"356";"com vítima";"419";"BR-163/MS";"Sul";"Tombamento de moto";0;0;0;1;0;0;0;0;0;0;0;1;0;0;0
"20/03/2017";"21:09:00";"375";"sem vítima";"566,5";"BR-163/MS";"Norte";"Atropelamento de animais";1;0;0;0;0;0;0;0;0;0;1;0;0;0;0
"21/03/2017";"08:18:00";"113";"com vítima";"686";"BR-163/MS";"Norte";"Colisão lateral no sentido contrário";1;0;0;1;0;0;0;0;0;0;0;1;1;0;0
"21/03/2017";"12:00:00";"224";"com vítima";"40,5";"BR-163/MS";"Sul";"Engavetamento";1;0;0;0;0;0;0;0;0;2;3;2;0;0;0
"21/03/2017";"18:40:00";"367";"com vítima";"257";"BR-163/MS";"Norte";"Colisão com veículos (traseira)";0;0;0;1;0;0;0;0;0;1;1;0;1;0;0
"21/03/2017";"19:33:00";"379";"sem vítima";"21,8";"BR-163/MS";"Norte";"Atropelamento de animais";0;0;0;0;0;0;0;0;0;1;2;0;0;0;0
"22/03/2017";"18:37:00";"360";"sem vítima";"332,5";"BR-163/MS";"Norte";"Colisão c/ obstáculos";1;0;0;0;0;0;0;0;0;0;1;0;0;0;0
"23/03/2017";"08:16:00";"88";"com vítima";"218";"BR-163/MS";"Norte";"Tombamento de moto";0;0;0;1;0;0;0;0;0;0;0;1;0;0;0
"24/03/2017";"05:10:00";"33";"com vítima";"669,84";"BR-163/MS";"Norte";"Colisão c/ obstáculos";0;0;0;0;0;0;0;0;0;1;0;1;0;0;0
"24/03/2017";"13:16:00";"254";"sem vítima";"256";"BR-163/MS";"Sul";"Saídas de pista";1;0;0;0;0;1;0;0;0;0;3;0;0;0;0
"24/03/2017";"13:23:00";"255";"sem vítima";"460";"BR-163/MS";"Norte";"Colisão lateral no mesmo sentido";1;0;2;0;0;0;0;0;0;0;4;0;0;0;0
"24/03/2017";"15:30:00";"296";"sem vítima";"476";"BR-163/MS";"Norte";"Colisão lateral no mesmo sentido";2;0;0;0;0;0;0;0;0;1;5;0;0;0;0
"24/03/2017";"18:19:00";"349";"sem vítima";"648";"BR-163/MS";"Norte";"Engavetamento";3;0;0;0;0;0;0;0;0;0;3;0;0;0;0
"24/03/2017";"19:15:00";"368";"sem vítima";"514";"BR-163/MS";"Norte";"Saídas de pista";1;0;0;0;0;0;0;0;0;0;1;0;0;0;0
"25/03/2017";"03:17:00";"39";"sem vítima";"457";"BR-163/MS";"Norte";"Saídas de pista";1;0;0;0;0;0;0;0;0;0;1;0;0;0;0
"25/03/2017";"11:14:00";"193";"sem vítima";"533";"BR-163/MS";"Norte";"Colisão c/ obstáculos";0;0;1;1;0;0;0;0;0;0;2;0;0;0;0
"25/03/2017";"14:08:00";"255";"com vítima";"152";"BR-163/MS";"Norte";"Saídas de pista";1;0;0;0;0;0;0;0;0;0;1;1;0;0;0
"25/03/2017";"15:43:00";"294";"sem vítima";"492,741";"BR-163/MS";"Sul";"Saídas de pista";0;0;0;0;0;0;0;0;0;1;1;0;0;0;0
"25/03/2017";"15:58:00";"295";"com vítima";"492";"BR-163/MS";"Sul";"Colisão lateral no sentido contrário";2;0;0;0;0;0;0;0;0;0;0;3;0;0;1
"25/03/2017";"17:05:00";"309";"com vítima";"123,9";"BR-163/MS";"Norte";"Tombamento de moto";0;0;0;1;0;0;0;0;0;0;0;1;0;0;0
"25/03/2017";"18:47:00";"337";"com vítima";"735,8";"BR-163/MS";"Norte";"Colisão com veículos (frontal)";1;0;0;0;0;0;0;0;0;1;0;1;0;0;4
"25/03/2017";"20:20:00";"356";"sem vítima";"614";"BR-163/MS";"Norte";"Atropelamento de animais";1;0;0;0;0;0;0;0;0;0;1;0;0;0;0
"25/03/2017";"21:07:00";"363";"sem vítima";"710";"BR-163/MS";"Norte";"Tombamento de moto";0;0;0;1;0;0;0;0;0;0;1;0;0;0;0
"25/03/2017";"22:24:00";"378";"com vítima";"150,8";"BR-163/MS";"Sul";"Saídas de pista";1;0;0;0;0;0;0;0;0;0;0;1;0;0;0
"26/03/2017";"06:21:00";"65";"com vítima";"432";"BR-163/MS";"Sul";"Colisão com veículos (traseira)";2;0;0;0;0;0;0;0;0;0;5;1;0;0;0
"26/03/2017";"13:48:00";"197";"sem vítima";"492,7";"BR-163/MS";"Norte";"Tombamento";1;0;0;0;0;0;0;0;0;0;5;0;0;0;0
"26/03/2017";"15:36:00";"222";"sem vítima";"430";"BR-163/MS";"Norte";"Saídas de pista";1;0;0;0;0;0;0;0;0;0;2;0;0;0;0
"26/03/2017";"20:13:00";"306";"com vítima";"469,616";"BR-163/MS";"Sul";"Tombamento";0;0;1;0;0;0;0;0;0;0;0;1;0;0;0
"26/03/2017";"21:07:00";"320";"com vítima";"545,762";"BR-163/MS";"Norte";"Capotamento";1;0;0;0;0;0;0;0;0;0;0;1;0;0;0
"26/03/2017";"22:09:00";"335";"com vítima";"503,42";"BR-163/MS";"Norte";"Colisão c/ obstáculos";0;0;0;1;0;0;0;0;0;0;0;1;0;0;0
"26/03/2017";"23:56:00";"346";"sem vítima";"564,695";"BR-163/MS";"Sul";"Atropelamento de animais";1;0;0;0;0;0;0;0;0;0;1;0;0;0;0
"27/03/2017";"07:39:00";"87";"sem vítima";"482";"BR-163/MS";"Norte";"Colisão com veículos (traseira)";1;0;0;0;0;0;0;0;0;1;2;0;0;0;0
"27/03/2017";"07:56:00";"94";"com vítima";"583,5";"BR-163/MS";"Norte";"Tombamento de moto";0;0;0;1;0;0;0;0;0;1;1;1;0;0;0
"27/03/2017";"11:11:00";"184";"sem vítima";"478";"BR-163/MS";"Sul";"Colisão c/ obstáculos";1;0;0;0;0;0;0;0;0;0;1;0;0;0;0
"27/03/2017";"11:11:00";"183";"com vítima";"39,4";"BR-163/MS";"Norte";"Atropelamento de pedestre";0;0;0;0;0;0;0;0;0;1;1;1;0;0;0
"27/03/2017";"20:20:00";"338";"com vítima";"710,834";"BR-163/MS";"Sul";"Colisão c/ obstáculos";1;0;0;0;0;0;0;0;0;0;2;1;0;0;0
"27/03/2017";"21:26:00";"349";"sem vítima";"658,295";"BR-163/MS";"Sul";"Tombamento";0;0;1;0;0;0;0;0;0;0;1;0;0;0;0
"27/03/2017";"22:14:00";"356";"com vítima";"426,45";"BR-163/MS";"Sul";"Engavetamento";4;0;0;0;0;0;0;0;0;0;5;4;0;0;0
"28/03/2017";"04:34:00";"39";"sem vítima";"307,821";"BR-163/MS";"Norte";"Atropelamento de animais";1;0;0;0;0;0;0;0;0;0;3;0;0;0;0
"28/03/2017";"09:02:00";"145";"com vítima";"648";"BR-163/MS";"Norte";"Colisão c/ obstáculos";0;0;0;1;0;0;0;0;0;0;0;1;0;0;0
"29/03/2017";"01:19:00";"31";"sem vítima";"356,8";"BR-163/MS";"Norte";"Atropelamento de animais";1;0;0;0;0;0;0;0;0;0;1;0;0;0;0
"29/03/2017";"07:18:00";"100";"sem vítima";"1";"BR-163/MS";"Norte";"Colisão lateral no mesmo sentido";1;0;0;0;0;0;0;0;0;1;3;0;0;0;0
"29/03/2017";"19:25:00";"350";"com vítima";"845";"BR-163/MS";"Sul";"Saídas de pista";1;0;0;0;0;0;0;0;0;0;2;0;1;0;0
"29/03/2017";"19:50:00";"356";"com vítima";"477";"BR-163/MS";"Norte";"Colisão com veículos (traseira)";0;0;0;1;0;1;0;0;0;0;1;1;0;0;0
"29/03/2017";"23:44:00";"399";"com vítima";"265";"BR-163/MS";"Norte";"Atropelamento de pedestre";1;0;0;0;0;0;0;0;0;0;0;2;0;0;0
"30/03/2017";"17:44:00";"316";"com vítima";"473,228";"BR-163/MS";"Norte";"Colisão lateral no mesmo sentido";0;0;0;1;0;0;0;0;0;0;0;1;0;0;0
"30/03/2017";"21:00:00";"355";"com vítima";"458,252";"BR-163/MS";"Sul";"Colisão com veículos (frontal)";1;0;1;0;0;0;0;0;0;0;1;0;0;0;1
"31/03/2017";"03:26:00";"32";"sem vítima";"262";"BR-163/MS";"Norte";"Atropelamento de animais";1;0;0;0;0;0;0;0;0;0;5;0;0;0;0
"31/03/2017";"18:45:00";"361";"sem vítima";"508,514";"BR-163/MS";"Norte";"Atropelamento de animais";1;0;0;0;0;0;0;0;0;0;1;0;0;0;0
"31/03/2017";"19:08:00";"367";"sem vítima";"519,9";"BR-163/MS";"Norte";"Colisão com veículos (traseira)";1;0;0;0;0;0;0;0;0;1;2;0;0;0;0
"01/04/2017";"00:22:00";"2";"com vítima";"395,52";"BR-163/MS";"Norte";"Capotamento";1;0;0;0;0;0;0;0;0;0;0;1;0;0;0
"01/04/2017";"01:35:00";"17";"sem vítima";"794";"BR-163/MS";"Sul";"Atropelamento de animais";1;0;0;0;0;0;0;0;0;0;1;0;0;0;0
"01/04/2017";"02:01:00";"20";"com vítima";"145,187";"BR-163/MS";"Sul";"Tombamento de moto";0;0;0;1;0;0;0;0;0;0;0;1;0;0;0
"01/04/2017";"07:50:00";"82";"com vítima";"473";"BR-163/MS";"Norte";"Colisão lateral no sentido contrário";0;1;0;0;0;0;0;0;0;1;2;0;1;0;0