data;horario;n_da_ocorrencia;tipo_de_ocorrencia;km;trecho;sentido;tipo_de_acidente;automovel;bicicleta;caminhao;moto;onibus;outros;tracao_animal;transporte_de_cargas_especiais;trator_maquinas;utilitarios;ilesos;levemente_feridos;moderadamente_feridos;gravemente_feridos;mortos
"02/06/2018";"06:33:00";"29";"sem vítima";"643";"BR-163/MS";"Norte";"Saídas de pista";1;0;0;0;0;0;0;0;0;0;2;0;0;0;0
"02/06/2018";"07:23:00";"60";"sem vítima";"534";"BR-163/MS";"Norte";"Colisão c/ obstáculos";0;0;0;0;0;0;0;0;0;2;5;0;0;0;0
"02/06/2018";"09:37:00";"121";"sem vítima";"656,856";"BR-163/MS";"Sul";"Colisão c/ obstáculos";0;0;1;0;0;0;0;0;0;0;1;0;0;0;0
"02/06/2018";"23:36:00";"306";"sem vítima";"730";"BR-163/MS";"Norte";"Atropelamento de animais";0;0;0;0;0;0;0;0;0;1;2;0;0;0;0
"03/06/2018";"00:32:00";"2";"com vítima";"487";"BR-163/MS";"Norte";"Atropelamento de animais";0;0;0;1;0;0;0;0;0;0;1;1;0;0;0
"03/06/2018";"01:30:00";"5";"sem vítima";"191,87";"BR-163/MS";"Norte";"Saídas de pista";0;0;0;0;0;0;0;0;0;1;2;0;0;0;0
"03/06/2018";"08:09:00";"65";"com vítima";"480,911";"BR-163/MS";"Sul";"Tombamento de moto";0;0;0;1;0;0;0;0;0;0;0;2;0;0;0
"03/06/2018";"18:19:00";"206";"com vítima";"479";"BR-163/MS";"Norte";"Colisão lateral no mesmo sentido";0;0;0;1;0;0;0;0;0;0;0;0;1;0;0
"03/06/2018";"19:55:00";"229";"sem vítima";"696";"BR-163/MS";"Norte";"Atropelamento de animais";0;0;1;0;0;0;0;0;0;0;1;0;0;0;0
"04/06/2018";"00:55:00";"4";"com vítima";"262,454";"BR-163/MS";"Sul";"Colisão c/ obstáculos";1;0;0;0;0;0;0;0;0;0;0;1;0;0;0
"04/06/2018";"03:33:00";"15";"com vítima";"358,327";"BR-163/MS";"Sul";"Tombamento";0;0;0;0;1;0;0;0;0;0;11;8;4;0;1
"04/06/2018";"04:20:00";"18";"com vítima";"252,605";"BR-163/MS";"Norte";"Capotamento";1;0;0;0;0;0;0;0;0;0;0;1;0;0;0
"04/06/2018";"08:54:00";"87";"sem vítima";"216";"BR-163/MS";"Sul";"Colisão c/ obstáculos";1;0;0;0;0;0;0;0;0;0;1;0;0;0;0
"04/06/2018";"13:53:00";"191";"com vítima";"336";"BR-163/MS";"Norte";"Tombamento de moto";0;0;0;1;0;0;0;0;0;0;0;1;0;0;0
"04/06/2018";"14:32:00";"202";"sem vítima";"16";"BR-163/MS";"Sul";"Tombamento";1;0;0;0;0;0;0;0;0;0;1;0;0;0;0
"05/06/2018";"00:08:00";"1";"com vítima";"103";"BR-163/MS";"Sul";"Colisão c/ obstáculos";0;0;0;0;0;0;0;0;0;1;1;1;0;0;0
"05/06/2018";"06:52:00";"40";"com vítima";"484,94";"BR-163/MS";"Norte";"Colisão com veículos (traseira)";1;0;0;1;0;0;0;0;0;0;1;1;0;0;0
"05/06/2018";"08:37:00";"93";"sem vítima";"765";"BR-163/MS";"Sul";"Atropelamento de animais";1;0;0;0;0;1;0;0;0;0;6;0;0;0;0
"05/06/2018";"14:03:00";"216";"sem vítima";"372,22";"BR-163/MS";"Norte";"Engavetamento";2;0;0;0;0;0;0;0;0;2;5;0;0;0;0
"05/06/2018";"19:12:00";"283";"sem vítima";"261,777";"BR-163/MS";"Norte";"Saídas de pista";1;0;0;0;0;0;0;0;0;0;1;0;0;0;0
"06/06/2018";"17:38:00";"308";"sem vítima";"615,784";"BR-163/MS";"Sul";"Colisão lateral no mesmo sentido";0;0;1;0;0;3;0;0;0;0;4;0;0;0;0
"06/06/2018";"19:27:00";"331";"sem vítima";"225,62";"BR-163/MS";"Norte";"Colisão lateral no mesmo sentido";1;0;0;0;0;1;0;0;0;0;2;0;0;0;0
"07/06/2018";"07:08:00";"66";"sem vítima";"466,493";"BR-163/MS";"Norte";"Tombamento";0;0;1;0;0;1;0;0;0;0;2;0;0;0;0
"07/06/2018";"19:51:00";"313";"com vítima";"13,713";"BR-163/MS";"Norte";"Tombamento de moto";0;0;0;1;0;0;0;0;0;0;0;1;0;0;0
"07/06/2018";"22:05:00";"336";"com vítima";"258,242";"BR-163/MS";"Norte";"Colisão lateral no sentido contrário";0;0;0;1;0;0;0;0;0;1;2;1;0;0;0
"08/06/2018";"05:47:00";"54";"sem vítima";"259";"BR-163/MS";"Sul";"Colisão c/ obstáculos";1;0;0;0;0;0;0;0;0;0;1;0;0;0;0
"08/06/2018";"07:26:00";"87";"sem vítima";"511";"BR-163/MS";"Norte";"Tombamento";0;0;2;0;0;3;0;0;0;0;5;0;0;0;0
"08/06/2018";"09:25:00";"145";"sem vítima";"477,2";"BR-163/MS";"Sul";"Colisão com veículos (traseira)";0;0;1;0;0;0;0;0;0;1;2;0;0;0;0
"08/06/2018";"11:49:00";"187";"sem vítima";"482";"BR-163/MS";"Sul";"Colisão com veículos (traseira)";1;0;0;0;0;0;0;0;0;1;2;0;0;0;0
"08/06/2018";"14:23:00";"230";"sem vítima";"206";"BR-163/MS";"Sul";"Engavetamento";1;0;2;0;0;1;0;0;0;0;4;0;0;0;0
"08/06/2018";"14:58:00";"236";"sem vítima";"490,25";"BR-163/MS";"Sul";"Colisão com veículos (traseira)";1;0;1;0;0;3;0;0;0;0;5;0;0;0;0
"08/06/2018";"19:17:00";"306";"sem vítima";"48";"BR-163/MS";"Norte";"Capotamento";0;0;1;0;0;0;0;0;0;1;2;0;0;0;0
"09/06/2018";"07:46:00";"76";"sem vítima";"0,25";"BR-163/MS";"Sul";"Tombamento";0;0;1;0;0;0;0;0;0;0;1;0;0;0;0
"09/06/2018";"16:49:00";"267";"com vítima";"290";"BR-163/MS";"Norte";"Tombamento";1;0;0;0;0;0;0;0;0;0;1;2;0;0;0
"09/06/2018";"16:50:00";"268";"com vítima";"475,68";"BR-163/MS";"Norte";"Colisão lateral no sentido contrário";1;0;1;0;0;0;0;0;0;0;3;0;1;0;0
"09/06/2018";"22:55:00";"332";"com vítima";"728";"BR-163/MS";"Norte";"Colisão com veículos (traseira)";0;0;0;1;0;0;0;0;0;1;1;0;1;0;0
"10/06/2018";"05:06:00";"29";"com vítima";"512,72";"BR-163/MS";"Sul";"Colisão lateral no mesmo sentido";0;0;2;0;0;3;0;0;0;0;4;1;0;0;0
"10/06/2018";"11:11:00";"126";"com vítima";"816,15";"BR-163/MS";"Sul";"Colisão com veículos (traseira)";2;0;0;0;0;1;0;0;0;0;7;2;0;0;0
"10/06/2018";"12:17:00";"139";"sem vítima";"252";"BR-163/MS";"Norte";"Colisão c/ obstáculos";1;0;0;0;0;0;0;0;0;0;1;0;0;0;0
"10/06/2018";"14:46:00";"184";"sem vítima";"35,3";"BR-163/MS";"Norte";"Colisão com veículos (traseira)";1;0;0;0;0;0;0;0;0;1;6;0;0;0;0
"10/06/2018";"18:44:00";"237";"com vítima";"259";"BR-163/MS";"Norte";"Colisão c/ obstáculos";0;0;0;1;0;0;0;0;0;0;0;1;0;0;0
"10/06/2018";"19:20:00";"240";"sem vítima";"764";"BR-163/MS";"Norte";"Atropelamento de animais";1;0;0;0;0;0;0;0;0;0;4;0;0;0;0
"10/06/2018";"23:17:00";"271";"sem vítima";"526";"BR-163/MS";"Sul";"Colisão com veículos (traseira)";2;0;0;0;0;0;0;0;0;0;5;0;0;0;0
"11/06/2018";"00:56:00";"4";"sem vítima";"126,138";"BR-163/MS";"Sul";"Atropelamento de animais";1;0;0;0;0;0;0;0;0;0;3;0;0;0;0
"11/06/2018";"05:15:00";"39";"com vítima";"544,203";"BR-163/MS";"Norte";"Tombamento";0;0;0;0;1;0;0;0;0;0;22;1;2;0;0
"11/06/2018";"16:22:00";"261";"sem vítima";"617,185";"BR-163/MS";"Norte";"Colisão com veículos (traseira)";1;0;1;0;0;2;0;0;0;0;4;0;0;0;0
"12/06/2018";"11:34:00";"157";"com vítima";"497,2";"BR-163/MS";"Sul";"Colisão lateral no sentido contrário";2;0;0;0;0;0;0;0;0;1;2;2;0;0;1
"12/06/2018";"13:08:00";"177";"sem vítima";"120";"BR-163/MS";"Norte";"Capotamento";1;0;0;0;0;0;0;0;0;0;1;0;0;0;0
"12/06/2018";"18:41:00";"279";"com vítima";"619";"BR-163/MS";"Sul";"Atropelamento de pedestre";0;0;1;0;0;0;0;0;0;0;1;0;0;0;1
"12/06/2018";"23:53:00";"310";"sem vítima";"671";"BR-163/MS";"Sul";"Colisão c/ obstáculos";1;0;0;0;0;0;0;0;0;0;4;0;0;0;0
"13/06/2018";"05:39:00";"61";"com vítima";"731";"BR-163/MS";"Sul";"Atropelamento de pedestre";0;0;0;1;0;0;0;0;0;0;0;2;0;0;0
"13/06/2018";"05:54:00";"64";"sem vítima";"339";"BR-163/MS";"Norte";"Colisão lateral no mesmo sentido";0;0;0;0;0;0;0;0;0;2;3;0;0;0;0
"13/06/2018";"17:57:00";"297";"com vítima";"272";"BR-163/MS";"Sul";"Colisão com veículos (traseira)";2;0;0;0;0;0;0;0;0;0;3;1;0;0;0
"13/06/2018";"23:25:00";"350";"com vítima";"837";"BR-163/MS";"Sul";"Tombamento";0;0;1;0;0;1;0;0;0;0;1;1;0;0;0
"14/06/2018";"02:49:00";"12";"sem vítima";"295";"BR-163/MS";"Norte";"Colisão c/ obstáculos";0;0;0;0;0;0;0;0;0;1;1;0;0;0;0
"14/06/2018";"03:12:00";"17";"sem vítima";"234";"BR-163/MS";"Norte";"Atropelamento de animais";1;0;0;0;0;0;0;0;0;0;3;0;0;0;0
"14/06/2018";"05:06:00";"22";"sem vítima";"237";"BR-163/MS";"Sul";"Atropelamento de animais";1;0;0;0;0;0;0;0;0;0;2;0;0;0;0
"14/06/2018";"06:50:00";"53";"sem vítima";"490,6";"BR-163/MS";"Sul";"Colisão com veículos (traseira)";1;0;1;0;0;1;0;0;0;0;3;0;0;0;0
"14/06/2018";"13:08:00";"251";"com vítima";"475";"BR-163/MS";"Norte";"Colisão lateral no sentido contrário";0;0;0;1;0;0;0;0;0;1;1;1;0;0;0
"14/06/2018";"19:08:00";"348";"sem vítima";"270";"BR-163/MS";"Sul";"Colisão lateral no mesmo sentido";1;0;0;0;0;0;0;0;0;1;6;0;0;0;0
"15/06/2018";"00:36:00";"8";"sem vítima";"439";"BR-163/MS";"Sul";"Atropelamento de animais";1;0;0;0;0;0;0;0;0;0;1;0;0;0;0
"15/06/2018";"03:38:00";"36";"sem vítima";"569";"BR-163/MS";"Norte";"Atropelamento de animais";0;0;0;0;0;0;0;0;0;1;1;0;0;0;0
"15/06/2018";"05:44:00";"49";"sem vítima";"615";"BR-163/MS";"Norte";"Colisão lateral no mesmo sentido";0;0;2;0;0;0;0;0;0;0;2;0;0;0;0
"15/06/2018";"11:19:00";"181";"com vítima";"259,7";"BR-163/MS";"Sul";"Tombamento de moto";0;0;0;1;0;0;0;0;0;0;0;0;1;1;0
"15/06/2018";"19:39:00";"306";"com vítima";"35,796";"BR-163/MS";"Sul";"Colisão lateral no mesmo sentido";1;0;1;0;0;3;0;0;0;0;4;1;0;0;0
"15/06/2018";"20:21:00";"312";"sem vítima";"501";"BR-163/MS";"Sul";"Colisão c/ obstáculos";0;0;1;0;0;3;0;0;0;0;4;0;0;0;0
"15/06/2018";"23:56:00";"331";"sem vítima";"0";"BR-163/MS";"Sul";"Colisão c/ obstáculos";0;0;0;0;0;0;0;0;0;1;1;0;0;0;0
"16/06/2018";"00:12:00";"4";"sem vítima";"17,929";"BR-163/MS";"Sul";"Colisão c/ obstáculos";0;0;0;0;0;0;0;0;0;1;1;0;0;0;0
"16/06/2018";"05:32:00";"22";"sem vítima";"448,783";"BR-163/MS";"Norte";"Colisão lateral no mesmo sentido";0;0;2;0;0;0;0;0;0;0;2;0;0;0;0
"16/06/2018";"07:04:00";"48";"sem vítima";"666,3";"BR-163/MS";"Sul";"Atropelamento de animais";1;0;0;0;0;0;0;0;0;0;1;0;0;0;0
"16/06/2018";"09:31:00";"95";"com vítima";"136,544";"BR-163/MS";"Norte";"Capotamento";0;0;0;0;0;0;0;0;0;1;1;1;0;0;0
"16/06/2018";"13:36:00";"151";"com vítima";"101,2";"BR-163/MS";"Norte";"Tombamento de moto";0;0;0;1;0;1;0;0;0;0;1;0;1;0;0
"16/06/2018";"14:24:00";"167";"com vítima";"475,888";"BR-163/MS";"Sul";"Colisão lateral no sentido contrário";0;0;2;0;0;3;0;0;0;0;3;2;0;0;0
"16/06/2018";"17:43:00";"215";"sem vítima";"125,832";"BR-163/MS";"Norte";"Atropelamento de animais";0;0;1;0;0;1;0;0;0;0;2;0;0;0;0
"16/06/2018";"18:33:00";"225";"com vítima";"193,12";"BR-163/MS";"Norte";"Capotamento";1;0;0;0;0;0;0;0;0;0;0;0;1;0;0
"16/06/2018";"19:19:00";"233";"com vítima";"25,845";"BR-163/MS";"Norte";"Colisão lateral no sentido contrário";1;0;1;0;0;1;0;0;0;0;3;1;0;0;0
"17/06/2018";"06:12:00";"37";"com vítima";"437,563";"BR-163/MS";"Norte";"Saídas de pista";0;0;0;0;0;0;0;0;0;1;4;1;0;0;0
"17/06/2018";"06:35:00";"44";"com vítima";"127";"BR-163/MS";"Norte";"Tombamento de moto";0;0;0;1;0;0;0;0;0;0;1;0;1;0;0
"17/06/2018";"07:47:00";"58";"com vítima";"192,179";"BR-163/MS";"Sul";"Tombamento";0;0;1;0;0;1;0;0;0;0;1;0;0;0;1
"17/06/2018";"14:39:00";"149";"com vítima";"43,753";"BR-163/MS";"Norte";"Capotamento";1;0;0;0;0;0;0;0;0;0;0;1;0;0;0
"17/06/2018";"14:49:00";"154";"com vítima";"326,95";"BR-163/MS";"Sul";"Tombamento de moto";0;0;0;1;0;0;0;0;0;0;1;0;1;0;0
"17/06/2018";"17:36:00";"187";"com vítima";"124,232";"BR-163/MS";"Norte";"Tombamento de moto";0;0;0;1;0;0;0;0;0;0;1;1;0;0;0
"17/06/2018";"18:42:00";"200";"com vítima";"834,7";"BR-163/MS";"Sul";"Capotamento";1;0;0;0;0;1;0;0;0;0;1;1;0;1;0
"17/06/2018";"20:45:00";"220";"com vítima";"475,775";"BR-163/MS";"Norte";"Colisão c/ obstáculos";0;0;0;0;0;0;0;0;0;1;1;2;0;0;0
"18/06/2018";"02:42:00";"41";"sem vítima";"294,254";"BR-163/MS";"Sul";"Atropelamento de animais";1;0;0;0;0;0;0;0;0;0;1;0;0;0;0
"18/06/2018";"15:03:00";"270";"com vítima";"615";"BR-163/MS";"Sul";"Colisão lateral no sentido contrário";1;0;0;1;0;0;0;0;0;0;1;1;0;0;0
"19/06/2018";"12:49:00";"189";"sem vítima";"204";"BR-163/MS";"Sul";"Atropelamento de animais";1;0;0;0;0;0;0;0;0;0;1;0;0;0;0
"20/06/2018";"11:27:00";"185";"com vítima";"458,177";"BR-163/MS";"Norte";"Tombamento de moto";0;0;0;1;0;0;0;0;0;0;0;1;0;0;0
"21/06/2018";"13:35:00";"251";"sem vítima";"28,653";"BR-163/MS";"Sul";"Colisão com veículos (traseira)";1;0;1;0;0;0;0;0;0;0;6;0;0;0;0
"21/06/2018";"16:56:00";"313";"com vítima";"477,723";"BR-163/MS";"Sul";"Tombamento de moto";0;0;0;1;0;0;0;0;0;0;0;2;0;0;0
"21/06/2018";"20:47:00";"359";"com vítima";"476,473";"BR-163/MS";"Sul";"Colisão lateral no sentido contrário";0;1;0;1;0;0;0;0;0;0;0;1;1;0;0
"22/06/2018";"07:22:00";"76";"sem vítima";"572,915";"BR-163/MS";"Norte";"Tombamento";0;0;0;0;0;1;0;0;0;1;2;0;0;0;0
"22/06/2018";"18:29:00";"286";"sem vítima";"750";"BR-163/MS";"Sul";"Saídas de pista";1;0;0;0;0;0;0;0;0;0;3;0;0;0;0
"22/06/2018";"22:52:00";"318";"sem vítima";"582,763";"BR-163/MS";"Sul";"Atropelamento de animais";0;0;0;0;0;0;0;0;0;1;3;0;0;0;0
"23/06/2018";"10:29:00";"125";"sem vítima";"270";"BR-163/MS";"Sul";"Colisão com veículos (traseira)";0;0;2;0;0;3;0;0;0;0;5;0;0;0;0
"24/06/2018";"00:38:00";"3";"com vítima";"257";"BR-163/MS";"Norte";"Colisão com veículos (traseira)";1;0;0;1;0;0;0;0;0;0;1;0;2;0;0
"24/06/2018";"02:13:00";"11";"com vítima";"258";"BR-163/MS";"Norte";"Tombamento de moto";0;0;0;1;0;0;0;0;0;0;0;1;0;0;0
"24/06/2018";"10:05:00";"102";"sem vítima";"290,904";"BR-163/MS";"Norte";"Capotamento";1;0;0;0;0;0;0;0;0;0;2;0;0;0;0
"24/06/2018";"15:06:00";"179";"sem vítima";"253,122";"BR-163/MS";"Norte";"Colisão c/ obstáculos";1;0;0;0;0;0;0;0;0;0;4;0;0;0;0
"24/06/2018";"18:46:00";"237";"sem vítima";"178,8";"BR-163/MS";"Sul";"Capotamento";1;0;0;0;0;0;0;0;0;0;1;0;0;0;0
"24/06/2018";"19:02:00";"240";"com vítima";"662";"BR-163/MS";"Norte";"Colisão c/ obstáculos";2;0;1;0;0;0;0;0;0;0;6;2;0;0;0
"25/06/2018";"05:49:00";"37";"sem vítima";"576,258";"BR-163/MS";"Norte";"Saídas de pista";1;0;0;0;0;0;0;0;0;0;1;0;0;0;0
"25/06/2018";"06:52:00";"49";"sem vítima";"23";"BR-163/MS";"Norte";"Colisão lateral no mesmo sentido";0;0;2;0;0;2;0;0;0;0;8;0;0;0;0
"25/06/2018";"14:34:00";"205";"com vítima";"669,941";"BR-163/MS";"Sul";"Capotamento";0;0;0;0;0;0;0;0;0;1;0;1;0;1;1
"25/06/2018";"14:55:00";"209";"sem vítima";"34,5";"BR-163/MS";"Sul";"Tombamento";0;0;1;0;0;1;0;0;0;0;2;0;0;0;0
"25/06/2018";"17:22:00";"250";"com vítima";"682";"BR-163/MS";"Sul";"Colisão lateral no mesmo sentido";0;0;0;1;1;0;0;0;0;0;7;2;0;0;0
"25/06/2018";"21:02:00";"284";"com vítima";"511,363";"BR-163/MS";"Norte";"Tombamento";0;0;1;0;0;2;0;0;0;0;2;1;0;0;0
"26/06/2018";"09:10:00";"125";"sem vítima";"34,8";"BR-163/MS";"Norte";"Colisão c/ obstáculos";0;0;1;0;0;0;0;0;0;0;1;0;0;0;0
"26/06/2018";"13:31:00";"202";"com vítima";"475";"BR-163/MS";"Norte";"Colisão lateral no sentido contrário";0;0;1;1;0;0;0;0;0;0;2;0;1;0;0
"26/06/2018";"16:57:00";"258";"sem vítima";"218,149";"BR-163/MS";"Sul";"Colisão com veículos (traseira)";0;0;2;0;0;2;0;0;0;0;4;0;0;0;0
"26/06/2018";"19:47:00";"289";"com vítima";"542,657";"BR-163/MS";"Norte";"Atropelamento de pedestre";0;0;0;0;0;1;0;0;0;1;3;0;0;0;1
"27/06/2018";"06:42:00";"62";"sem vítima";"265";"BR-163/MS";"Norte";"Tombamento de moto";1;0;0;1;0;0;0;0;0;0;2;0;0;0;0
"27/06/2018";"15:40:00";"262";"sem vítima";"682";"BR-163/MS";"Norte";"Colisão com veículos (traseira)";1;0;0;0;0;0;0;0;0;1;7;0;0;0;0
"27/06/2018";"19:07:00";"324";"com vítima";"313";"BR-163/MS";"Sul";"Tombamento de moto";0;0;0;1;0;0;0;0;0;0;0;1;0;0;0
"27/06/2018";"21:56:00";"353";"sem vítima";"728";"BR-163/MS";"Norte";"Atropelamento de animais";0;0;1;0;0;0;0;0;0;0;1;0;0;0;0
"29/06/2018";"18:22:00";"313";"com vítima";"667";"BR-163/MS";"Sul";"Atropelamento de animais";1;0;0;0;0;0;0;0;0;0;3;1;0;0;0
"30/06/2018";"07:30:00";"57";"com vítima";"615";"BR-163/MS";"Sul";"Colisão lateral no mesmo sentido";1;0;0;1;0;0;0;0;0;0;2;1;0;0;0
"30/06/2018";"08:52:00";"91";"sem vítima";"322";"BR-163/MS";"Norte";"Colisão com veículos (traseira)";1;0;0;0;0;0;0;0;0;1;5;0;0;0;0
"30/06/2018";"08:59:00";"94";"com vítima";"425,551";"BR-163/MS";"Norte";"Capotamento";2;0;0;0;0;0;0;0;0;0;4;1;0;0;0
"30/06/2018";"13:13:00";"181";"com vítima";"260";"BR-163/MS";"Norte";"Capotamento";1;0;0;0;0;0;0;0;0;0;0;0;0;1;0
"30/06/2018";"13:14:00";"182";"sem vítima";"170";"BR-163/MS";"Sul";"Colisão lateral no mesmo sentido";1;0;0;0;0;1;0;0;0;0;4;0;0;0;0
"30/06/2018";"13:36:00";"188";"com vítima";"626,524";"BR-163/MS";"Norte";"Colisão lateral no sentido contrário";0;0;0;1;0;0;0;0;0;1;3;1;0;0;0
"30/06/2018";"16:29:00";"242";"sem vítima";"313";"BR-163/MS";"Norte";"Colisão c/ obstáculos";0;0;1;0;0;0;0;0;0;0;1;0;0;0;0
"30/06/2018";"17:52:00";"264";"com vítima";"466,455";"BR-163/MS";"Norte";"Tombamento de moto";0;0;0;1;0;0;0;0;0;0;1;1;0;0;0
"30/06/2018";"18:07:00";"266";"com vítima";"638";"BR-163/MS";"Norte";"Colisão com veículos (traseira)";0;0;0;0;0;0;0;0;0;2;4;2;0;0;0
"30/06/2018";"22:37:00";"304";"sem vítima";"256,519";"BR-163/MS";"Norte";"Colisão c/ obstáculos";1;1;0;0;0;0;0;0;0;0;5;0;0;0;0
"01/07/2018";"05:27:00";"29";"sem vítima";"330";"BR-163/MS";"Norte";"Colisão c/ obstáculos";1;0;0;0;0;0;0;0;0;0;1;0;0;0;0
"01/07/2018";"07:14:00";"51";"com vítima";"263";"BR-163/MS";"Norte";"Colisão lateral no sentido contrário";0;1;0;1;0;0;0;0;0;0;0;2;0;0;0
"01/07/2018";"07:17:00";"53";"sem vítima";"6,9";"BR-163/MS";"Sul";"Colisão com veículos (traseira)";1;0;0;0;0;0;0;0;0;1;5;0;0;0;0
"01/07/2018";"11:24:00";"133";"sem vítima";"271";"BR-163/MS";"Norte";"Colisão c/ obstáculos";0;0;1;0;0;2;0;0;0;0;3;0;0;0;0
"01/07/2018";"17:35:00";"231";"com vítima";"32,875";"BR-163/MS";"Norte";"Tombamento";0;0;1;0;0;0;0;0;0;0;0;0;1;0;0
"01/07/2018";"18:12:00";"241";"sem vítima";"432";"BR-163/MS";"Sul";"Atropelamento de animais";1;0;0;0;0;0;0;0;0;0;4;0;0;0;0
"01/07/2018";"19:26:00";"261";"com vítima";"366,81";"BR-163/MS";"Sul";"Colisão com veículos (traseira)";1;0;0;1;0;0;0;0;0;0;1;2;0;0;0
"01/07/2018";"19:39:00";"264";"sem vítima";"227,35";"BR-163/MS";"Sul";"Tombamento";0;0;0;0;0;0;0;0;0;1;1;0;0;0;0
"01/07/2018";"22:14:00";"285";"sem vítima";"358,915";"BR-163/MS";"Sul";"Atropelamento de animais";1;0;0;0;0;0;0;0;0;0;1;0;0;0;0
"02/07/2018";"05:15:00";"42";"com vítima";"353,3";"BR-163/MS";"Sul";"Capotamento";0;0;0;0;0;0;0;0;0;1;0;1;0;0;0
"02/07/2018";"15:04:00";"210";"com vítima";"607,633";"BR-163/MS";"Sul";"Tombamento";0;0;1;0;0;2;0;0;0;0;2;1;0;0;0
"03/07/2018";"04:36:00";"25";"com vítima";"699,872";"BR-163/MS";"Norte";"Colisão com veículos (traseira)";0;0;1;0;0;0;0;0;0;1;1;1;0;0;0
"04/07/2018";"06:08:00";"35";"com vítima";"267,882";"BR-163/MS";"Sul";"Tombamento";0;0;1;0;0;1;0;0;0;0;2;1;0;0;0
"04/07/2018";"07:18:00";"59";"com vítima";"279";"BR-163/MS";"Sul";"Tombamento de moto";0;0;0;1;0;0;0;0;0;0;0;1;0;0;0
"04/07/2018";"09:10:00";"106";"com vítima";"536,78";"BR-163/MS";"Sul";"Engavetamento";2;0;1;0;0;0;0;0;0;0;2;2;0;0;0
"04/07/2018";"18:47:00";"279";"com vítima";"269,95";"BR-163/MS";"Sul";"Colisão lateral no mesmo sentido";1;0;0;1;0;0;0;0;0;0;3;1;0;0;0
"05/07/2018";"07:46:00";"90";"com vítima";"490,586";"BR-163/MS";"Sul";"Tombamento";0;0;1;0;0;1;0;0;0;0;1;1;0;0;0
"05/07/2018";"10:12:00";"160";"sem vítima";"750";"BR-163/MS";"Sul";"Engavetamento";1;0;0;0;0;0;0;0;0;2;6;0;0;0;0
"06/07/2018";"04:59:00";"28";"com vítima";"692,966";"BR-163/MS";"Norte";"Saídas de pista";0;0;1;0;0;1;0;0;0;0;2;1;0;0;0
"06/07/2018";"07:49:00";"81";"com vítima";"438,407";"BR-163/MS";"Norte";"Colisão lateral no mesmo sentido";1;0;0;0;1;0;0;0;0;0;30;0;0;1;1
"06/07/2018";"08:59:00";"115";"sem vítima";"413,235";"BR-163/MS";"Sul";"Colisão c/ obstáculos";0;0;1;0;0;0;0;0;0;0;2;0;0;0;0
"06/07/2018";"09:44:00";"127";"com vítima";"214";"BR-163/MS";"Sul";"Colisão com veículos (traseira)";1;0;0;0;0;0;0;0;0;1;6;1;0;0;0
"06/07/2018";"18:24:00";"269";"com vítima";"480";"BR-163/MS";"Norte";"Colisão com veículos (frontal)";1;0;0;0;1;0;0;0;0;0;2;0;0;3;0
"06/07/2018";"22:58:00";"311";"com vítima";"478,846";"BR-163/MS";"Norte";"Tombamento de moto";0;0;0;1;0;0;0;0;0;0;0;2;0;0;0
"07/07/2018";"07:10:00";"56";"com vítima";"727,5";"BR-163/MS";"Norte";"Colisão com veículos (frontal)";1;0;1;0;0;1;0;0;0;0;2;2;1;0;0
"07/07/2018";"08:31:00";"88";"sem vítima";"263";"BR-163/MS";"Sul";"Colisão com veículos (traseira)";2;0;0;0;0;0;0;0;0;0;2;0;0;0;0
"07/07/2018";"16:09:00";"219";"sem vítima";"485,194";"BR-163/MS";"Norte";"Engavetamento";0;0;0;0;0;2;0;0;0;2;7;0;0;0;0
"08/07/2018";"13:32:00";"147";"com vítima";"388,67";"BR-163/MS";"Sul";"Colisão lateral no sentido contrário";1;0;1;0;0;1;0;0;0;0;2;1;0;0;0
"08/07/2018";"18:16:00";"216";"sem vítima";"374";"BR-163/MS";"Sul";"Colisão c/ obstáculos";1;0;0;0;0;0;0;0;0;0;1;0;0;0;0
"08/07/2018";"19:27:00";"233";"sem vítima";"187";"BR-163/MS";"Sul";"Colisão c/ obstáculos";1;0;0;0;0;1;0;0;0;0;4;0;0;0;0
"09/07/2018";"08:10:00";"103";"com vítima";"608";"BR-163/MS";"Norte";"Tombamento de moto";0;0;0;1;0;0;0;0;0;0;0;1;0;0;0
"09/07/2018";"14:42:00";"215";"sem vítima";"113";"BR-163/MS";"Sul";"Colisão c/ obstáculos";0;0;1;0;0;0;0;0;0;0;1;0;0;0;0
"09/07/2018";"17:19:00";"257";"com vítima";"728,922";"BR-163/MS";"Sul";"Colisão lateral no mesmo sentido";1;0;0;1;0;0;0;0;0;0;2;1;0;0;0
"09/07/2018";"19:29:00";"284";"sem vítima";"490";"BR-163/MS";"Norte";"Colisão com veículos (traseira)";1;0;0;1;0;0;0;0;0;0;2;0;0;0;0
"09/07/2018";"21:03:00";"300";"com vítima";"258,379";"BR-163/MS";"Sul";"Tombamento de moto";0;0;0;1;0;0;0;0;0;0;0;1;0;0;0
"09/07/2018";"23:27:00";"316";"sem vítima";"267,948";"BR-163/MS";"Norte";"Tombamento de moto";0;0;0;1;0;0;0;0;0;0;1;0;0;0;0
"10/07/2018";"03:50:00";"33";"com vítima";"350,433";"BR-163/MS";"Sul";"Tombamento";0;0;1;0;0;0;0;0;0;0;0;1;0;0;0