data;horario;n_da_ocorrencia;tipo_de_ocorrencia;km;trecho;sentido;tipo_de_acidente;automovel;bicicleta;caminhao;moto;onibus;outros;tracao_animal;transporte_de_cargas_especiais;trator_maquinas;utilitarios;ilesos;levemente_feridos;moderadamente_feridos;gravemente_feridos;mortos
"29/09/2019";"22:22:00";"305";"sem vítima";"328,664";"BR-163/MS";"Sul";"Atropelamento de animais";0;0;0;0;0;0;0;0;0;1;2;0;0;0;0
"29/09/2019";"23:03:00";"309";"com vítima";"804";"BR-163/MS";"Norte";"Capotamento";1;0;0;0;0;0;0;0;0;0;0;2;0;0;0
"30/09/2019";"18:16:00";"391";"com vítima";"256,379";"BR-163/MS";"Norte";"Colisão c/ obstáculos";0;1;0;0;0;0;0;0;0;2;2;0;0;0;1
"30/09/2019";"23:06:00";"458";"com vítima";"472,775";"BR-163/MS";"Sul";"Tombamento";0;0;1;0;0;1;0;0;0;0;1;1;0;0;0
"01/10/2019";"06:26:00";"54";"com vítima";"674,759";"BR-163/MS";"Sul";"Tombamento";0;0;1;0;0;1;0;0;0;0;1;1;0;0;0
"01/10/2019";"18:24:00";"346";"sem vítima";"270,38";"BR-163/MS";"Norte";"Tombamento de moto";0;0;0;1;0;0;0;0;0;0;1;0;0;0;0
"01/10/2019";"19:53:00";"369";"sem vítima";"252,714";"BR-163/MS";"Sul";"Atropelamento de animais";1;0;0;0;0;0;0;0;0;0;3;0;0;0;0
"01/10/2019";"20:52:00";"382";"sem vítima";"599,414";"BR-163/MS";"Norte";"Tombamento";0;0;1;0;0;1;0;0;0;0;2;0;0;0;0
"01/10/2019";"22:25:00";"401";"com vítima";"281,82";"BR-163/MS";"Sul";"Colisão com veículos (traseira)";0;0;1;1;0;0;0;0;0;0;1;0;1;0;1
"02/10/2019";"02:04:00";"9";"com vítima";"21,339";"BR-163/MS";"Norte";"Capotamento";0;0;1;0;0;0;0;0;0;0;2;1;0;0;0
"02/10/2019";"04:33:00";"20";"sem vítima";"436,2";"BR-163/MS";"Sul";"Atropelamento de animais";1;0;0;0;0;0;0;0;0;0;3;0;0;0;0
"02/10/2019";"06:56:00";"48";"com vítima";"486,544";"BR-163/MS";"Sul";"Colisão lateral no sentido contrário";1;0;0;1;0;0;0;0;0;0;1;2;0;0;0
"02/10/2019";"08:31:00";"104";"com vítima";"227,14";"BR-163/MS";"Sul";"Tombamento de moto";0;0;0;1;0;0;0;0;0;0;0;1;0;0;0
"02/10/2019";"12:10:00";"200";"com vítima";"48";"BR-163/MS";"Norte";"Tombamento de moto";0;0;0;1;0;0;0;0;0;0;1;1;0;0;0
"02/10/2019";"17:12:00";"310";"com vítima";"375,8";"BR-163/MS";"Sul";"Capotamento";1;0;0;0;0;0;0;0;0;0;0;1;0;0;0
"02/10/2019";"19:27:00";"352";"com vítima";"124";"BR-163/MS";"Norte";"Tombamento de moto";0;0;0;1;0;0;0;0;0;0;0;1;0;0;0
"03/10/2019";"00:57:00";"6";"sem vítima";"248,524";"BR-163/MS";"Sul";"Saídas de pista";1;0;0;0;0;0;0;0;0;0;2;0;0;0;0
"03/10/2019";"12:04:00";"197";"sem vítima";"142,405";"BR-163/MS";"Norte";"Colisão com veículos (traseira)";0;0;1;0;0;0;0;0;0;1;5;0;0;0;0
"03/10/2019";"12:14:00";"200";"sem vítima";"348,5";"BR-163/MS";"Norte";"Saídas de pista";1;0;0;0;0;1;0;0;0;0;2;0;0;0;0
"03/10/2019";"21:50:00";"372";"sem vítima";"452";"BR-163/MS";"Sul";"Atropelamento de animais";1;0;0;0;0;0;0;0;0;0;2;0;0;0;0
"03/10/2019";"22:41:00";"381";"sem vítima";"552";"BR-163/MS";"Sul";"Atropelamento de animais";0;0;0;0;0;0;0;0;0;1;2;0;0;0;0
"04/10/2019";"11:14:00";"231";"com vítima";"486,331";"BR-163/MS";"Norte";"Colisão lateral no sentido contrário";0;0;2;0;0;0;0;0;0;0;0;2;0;0;0
"04/10/2019";"13:00:00";"261";"sem vítima";"35,2";"BR-163/MS";"Sul";"Colisão c/ obstáculos";1;0;0;0;0;0;0;0;0;0;4;0;0;0;0
"04/10/2019";"13:24:00";"270";"sem vítima";"485,45";"BR-163/MS";"Norte";"Colisão lateral no mesmo sentido";1;0;0;0;0;0;0;0;0;1;2;0;0;0;0
"04/10/2019";"21:15:00";"415";"sem vítima";"593,759";"BR-163/MS";"Norte";"Atropelamento de animais";1;0;0;0;0;0;0;0;0;0;2;0;0;0;0
"05/10/2019";"07:16:00";"68";"sem vítima";"28,13";"BR-163/MS";"Norte";"Colisão com veículos (traseira)";1;0;0;0;0;0;0;0;0;1;4;0;0;0;0
"05/10/2019";"13:01:00";"212";"com vítima";"490,593";"BR-163/MS";"Norte";"Tombamento de moto";0;0;0;1;0;0;0;0;0;0;0;1;0;0;0
"05/10/2019";"13:15:00";"219";"com vítima";"605,312";"BR-163/MS";"Norte";"Colisão lateral no mesmo sentido";2;0;0;0;0;0;0;0;0;0;3;2;0;0;0
"05/10/2019";"21:22:00";"348";"com vítima";"101";"BR-163/MS";"Sul";"Tombamento de moto";0;0;0;1;0;1;0;0;0;0;1;1;0;0;0
"05/10/2019";"21:56:00";"353";"com vítima";"127";"BR-163/MS";"Norte";"Tombamento de moto";0;0;0;1;0;0;0;0;0;0;0;1;0;0;0
"06/10/2019";"01:45:00";"7";"com vítima";"373";"BR-163/MS";"Norte";"Atropelamento de animais";1;0;0;0;0;0;0;0;0;0;2;1;0;0;0
"06/10/2019";"11:10:00";"153";"sem vítima";"570,1";"BR-163/MS";"Norte";"Tombamento";0;0;1;0;0;0;0;0;0;0;1;0;0;0;0
"06/10/2019";"11:40:00";"161";"com vítima";"508,5";"BR-163/MS";"Norte";"Colisão c/ obstáculos";0;0;0;0;0;0;0;0;0;1;0;1;0;0;0
"06/10/2019";"12:34:00";"173";"com vítima";"466,299";"BR-163/MS";"Norte";"Tombamento";0;0;1;0;0;1;0;0;0;0;1;1;0;0;0
"06/10/2019";"18:25:00";"265";"com vítima";"54,707";"BR-163/MS";"Norte";"Atropelamento de pedestre";0;1;0;0;0;0;0;0;0;1;2;0;0;1;0
"06/10/2019";"19:17:00";"280";"sem vítima";"344,986";"BR-163/MS";"Sul";"Capotamento";1;0;0;0;0;1;0;0;0;0;2;0;0;0;0
"06/10/2019";"22:03:00";"300";"com vítima";"259,666";"BR-163/MS";"Sul";"Colisão com veículos (traseira)";1;0;0;1;0;0;0;0;0;0;1;0;1;1;0
"07/10/2019";"07:38:00";"65";"com vítima";"482,76";"BR-163/MS";"Sul";"Tombamento de moto";0;0;0;1;0;0;0;0;0;0;0;0;1;0;0
"07/10/2019";"15:45:00";"243";"com vítima";"48,796";"BR-163/MS";"Norte";"Colisão lateral no sentido contrário";2;0;3;0;0;2;0;0;0;0;4;9;0;1;0
"07/10/2019";"18:03:00";"262";"sem vítima";"74,6";"BR-163/MS";"Norte";"Tombamento de moto";0;0;0;1;0;0;0;0;0;0;1;0;0;0;0
"08/10/2019";"17:57:00";"317";"com vítima";"565,43";"BR-163/MS";"Sul";"Colisão com veículos (frontal)";0;0;2;0;0;1;0;0;0;1;2;2;0;0;0
"08/10/2019";"18:07:00";"320";"com vítima";"681";"BR-163/MS";"Norte";"Colisão lateral no sentido contrário";0;0;0;2;0;0;0;0;0;0;1;1;0;0;0
"09/10/2019";"13:52:00";"219";"com vítima";"481,706";"BR-163/MS";"Norte";"Colisão lateral no mesmo sentido";1;0;0;1;0;0;0;0;0;0;1;1;0;0;0
"09/10/2019";"22:40:00";"360";"sem vítima";"220,173";"BR-163/MS";"Norte";"Atropelamento de animais";0;0;0;0;0;0;0;0;0;1;1;0;0;0;0
"10/10/2019";"01:49:00";"12";"sem vítima";"568";"BR-163/MS";"Norte";"Atropelamento de animais";0;0;0;0;0;0;0;0;0;1;4;0;0;0;0
"10/10/2019";"17:38:00";"355";"sem vítima";"505,689";"BR-163/MS";"Sul";"Colisão c/ obstáculos";1;0;0;0;0;0;0;0;0;0;6;0;0;0;0
"10/10/2019";"23:17:00";"427";"com vítima";"486,335";"BR-163/MS";"Norte";"Colisão lateral no mesmo sentido";0;0;0;1;0;1;0;0;0;0;1;1;0;0;0
"11/10/2019";"09:49:00";"136";"com vítima";"262,673";"BR-163/MS";"Sul";"Capotamento";1;0;0;0;0;0;0;0;0;0;0;1;0;0;0
"11/10/2019";"21:05:00";"399";"sem vítima";"188,787";"BR-163/MS";"Sul";"Atropelamento de animais";1;0;0;0;0;0;0;0;0;0;4;0;0;0;0
"12/10/2019";"11:33:00";"160";"com vítima";"126,118";"BR-163/MS";"Norte";"Colisão lateral no sentido contrário";1;1;0;0;0;0;0;0;0;0;2;1;0;0;0
"12/10/2019";"20:24:00";"331";"com vítima";"832,723";"BR-163/MS";"Sul";"Saídas de pista";1;0;0;0;0;0;0;0;0;0;0;1;0;0;0
"12/10/2019";"20:36:00";"333";"sem vítima";"171,334";"BR-163/MS";"Norte";"Colisão com veículos (traseira)";0;0;2;0;0;3;0;0;0;0;6;0;0;0;0
"12/10/2019";"23:34:00";"366";"sem vítima";"519,736";"BR-163/MS";"Norte";"Atropelamento de animais";1;0;0;0;0;0;0;0;0;0;3;0;0;0;0
"13/10/2019";"10:26:00";"122";"com vítima";"64";"BR-163/MS";"Sul";"Capotamento";1;0;0;0;0;0;0;0;0;0;0;1;0;0;0
"13/10/2019";"10:50:00";"125";"sem vítima";"331";"BR-163/MS";"Norte";"Capotamento";1;0;0;0;0;0;0;0;0;0;2;0;0;0;0
"13/10/2019";"17:07:00";"285";"sem vítima";"677,166";"BR-163/MS";"Norte";"Colisão c/ obstáculos";1;0;0;0;0;0;0;0;0;0;3;0;0;0;0
"13/10/2019";"18:57:00";"316";"sem vítima";"630";"BR-163/MS";"Norte";"Atropelamento de animais";2;0;0;0;0;0;0;0;0;0;6;0;0;0;0
"13/10/2019";"18:59:00";"318";"com vítima";"189,289";"BR-163/MS";"Norte";"Colisão com veículos (frontal)";2;0;0;0;0;0;0;0;0;0;4;2;0;0;0
"13/10/2019";"19:08:00";"320";"sem vítima";"573,3";"BR-163/MS";"Norte";"Tombamento de moto";0;0;1;1;0;0;0;0;0;0;1;0;0;0;0
"14/10/2019";"15:31:00";"298";"com vítima";"492,829";"BR-163/MS";"Norte";"Saídas de pista";2;0;0;0;0;1;0;0;0;0;5;1;0;0;0
"14/10/2019";"17:02:00";"327";"sem vítima";"636,755";"BR-163/MS";"Sul";"Colisão c/ obstáculos";1;0;0;0;0;0;0;0;0;0;1;0;0;0;0
"14/10/2019";"22:40:00";"427";"sem vítima";"232";"BR-163/MS";"Norte";"Atropelamento de animais";1;0;0;0;0;0;0;0;0;0;2;0;0;0;0
"15/10/2019";"15:18:00";"304";"com vítima";"477,8";"BR-163/MS";"Sul";"Tombamento de moto";0;0;0;1;0;0;0;0;0;0;0;1;0;0;0
"15/10/2019";"21:01:00";"402";"sem vítima";"659,465";"BR-163/MS";"Norte";"Atropelamento de animais";1;0;0;0;0;0;0;0;0;0;1;0;0;0;0
"16/10/2019";"00:38:00";"4";"sem vítima";"677,824";"BR-163/MS";"Sul";"Atropelamento de animais";1;0;0;0;0;0;0;0;0;0;1;0;0;0;0
"16/10/2019";"07:19:00";"72";"com vítima";"371,908";"BR-163/MS";"Sul";"Tombamento de moto";0;0;0;1;0;0;0;0;0;0;0;1;0;0;0
"16/10/2019";"07:22:00";"73";"com vítima";"485";"BR-163/MS";"Sul";"Tombamento de moto";1;0;0;1;0;0;0;0;0;0;1;1;0;0;0
"16/10/2019";"08:35:00";"124";"com vítima";"274,956";"BR-163/MS";"Norte";"Capotamento";1;0;0;0;0;0;0;0;0;0;0;1;0;0;0
"16/10/2019";"12:15:00";"216";"com vítima";"135,128";"BR-163/MS";"Norte";"Colisão com veículos (frontal)";1;0;1;0;0;0;0;0;0;0;1;0;0;1;0
"16/10/2019";"15:01:00";"276";"sem vítima";"133,872";"BR-163/MS";"Sul";"Colisão c/ obstáculos";1;0;0;0;0;0;0;0;0;0;3;0;0;0;0
"16/10/2019";"15:26:00";"288";"sem vítima";"255,97";"BR-163/MS";"Sul";"Colisão lateral no sentido contrário";1;0;0;0;0;0;0;0;0;1;4;0;0;0;0
"16/10/2019";"15:29:00";"289";"sem vítima";"559,86";"BR-163/MS";"Sul";"Colisão lateral no mesmo sentido";1;0;1;0;0;1;0;0;0;0;7;0;0;0;0
"16/10/2019";"20:10:00";"370";"sem vítima";"482";"BR-163/MS";"Sul";"Colisão com veículos (traseira)";1;0;0;0;0;1;0;0;0;0;2;0;0;0;0
"16/10/2019";"20:25:00";"372";"com vítima";"558,31";"BR-163/MS";"Norte";"Atropelamento de pedestre";0;0;1;0;0;0;0;0;0;0;1;0;0;1;0
"17/10/2019";"04:24:00";"28";"com vítima";"611,743";"BR-163/MS";"Sul";"Colisão com veículos (traseira)";0;0;1;1;0;0;0;0;0;0;1;0;1;0;0
"17/10/2019";"09:07:00";"129";"com vítima";"265,314";"BR-163/MS";"Sul";"Atropelamento de pedestre";1;0;0;0;0;0;0;0;0;0;1;1;0;0;0
"17/10/2019";"20:32:00";"395";"sem vítima";"748";"BR-163/MS";"Sul";"Atropelamento de animais";1;0;0;0;0;0;0;0;0;0;2;0;0;0;0
"18/10/2019";"19:12:00";"445";"sem vítima";"170,719";"BR-163/MS";"Sul";"Colisão lateral no mesmo sentido";1;0;1;0;0;0;0;0;0;0;2;0;0;0;0
"18/10/2019";"21:08:00";"463";"com vítima";"676";"BR-163/MS";"Sul";"Capotamento";1;0;0;0;0;0;0;0;0;0;0;8;0;0;0
"18/10/2019";"22:57:00";"480";"com vítima";"47,728";"BR-163/MS";"Norte";"Atropelamento de pedestre";0;1;1;0;0;0;0;0;0;0;1;0;0;1;0
"19/10/2019";"04:49:00";"33";"sem vítima";"636,7";"BR-163/MS";"Norte";"Tombamento";0;0;1;0;0;2;0;0;0;0;3;0;0;0;0
"19/10/2019";"14:34:00";"260";"com vítima";"490,543";"BR-163/MS";"Sul";"Colisão lateral no sentido contrário";1;0;0;1;0;0;0;0;0;0;1;1;0;0;0
"20/10/2019";"05:05:00";"17";"com vítima";"239";"BR-163/MS";"Sul";"Colisão com veículos (traseira)";2;0;0;0;0;0;0;0;0;0;2;1;0;0;0
"20/10/2019";"11:52:00";"163";"sem vítima";"470,599";"BR-163/MS";"Norte";"Colisão com veículos (traseira)";1;0;1;0;0;1;0;0;0;0;3;0;0;0;0
"20/10/2019";"18:58:00";"304";"com vítima";"260,9";"BR-163/MS";"Norte";"Colisão com veículos (traseira)";3;0;0;1;0;1;0;0;0;0;7;0;0;1;0
"20/10/2019";"19:23:00";"309";"com vítima";"259,799";"BR-163/MS";"Norte";"Colisão com veículos (traseira)";2;0;0;0;0;0;0;0;0;0;0;5;0;0;0
"20/10/2019";"20:41:00";"323";"com vítima";"484,378";"BR-163/MS";"Norte";"Colisão lateral no sentido contrário";0;0;0;1;0;1;0;0;0;0;1;1;0;0;0
"20/10/2019";"21:09:00";"328";"sem vítima";"87,948";"BR-163/MS";"Sul";"Atropelamento de animais";1;0;0;0;0;0;0;0;0;0;4;0;0;0;0
"20/10/2019";"21:42:00";"333";"sem vítima";"251,459";"BR-163/MS";"Norte";"Colisão lateral no mesmo sentido";0;0;0;0;0;1;0;0;0;1;4;0;0;0;0
"20/10/2019";"22:59:00";"341";"com vítima";"452,289";"BR-163/MS";"Norte";"Colisão c/ obstáculos";1;0;0;0;0;0;0;0;0;0;2;2;0;0;0
"21/10/2019";"07:23:00";"64";"com vítima";"94,75";"BR-163/MS";"Sul";"Colisão lateral no mesmo sentido";1;0;1;0;0;2;0;0;0;0;4;1;0;0;0
"21/10/2019";"15:54:00";"260";"sem vítima";"19,127";"BR-163/MS";"Norte";"Engavetamento";3;0;0;0;0;0;0;0;0;0;5;0;0;0;0
"22/10/2019";"01:21:00";"12";"sem vítima";"844";"BR-163/MS";"Norte";"Saídas de pista";1;0;0;0;0;0;0;0;0;0;1;0;0;0;0
"22/10/2019";"07:15:00";"81";"com vítima";"478,687";"BR-163/MS";"Norte";"Tombamento de moto";0;0;0;1;0;0;0;0;0;0;0;0;1;0;0
"22/10/2019";"16:04:00";"326";"sem vítima";"483,4";"BR-163/MS";"Sul";"Colisão lateral no sentido contrário";1;0;0;0;0;0;0;0;0;1;6;0;0;0;0
"22/10/2019";"21:20:00";"393";"sem vítima";"276,283";"BR-163/MS";"Norte";"Saídas de pista";1;0;0;0;0;0;0;0;0;0;1;0;0;0;0
"23/10/2019";"11:34:00";"211";"sem vítima";"13,9";"BR-163/MS";"Norte";"Saídas de pista";1;0;0;0;0;0;0;0;0;0;1;0;0;0;0
"23/10/2019";"18:59:00";"381";"sem vítima";"32,9";"BR-163/MS";"Sul";"Atropelamento de animais";0;0;1;0;0;0;0;0;0;0;1;0;0;0;0
"24/10/2019";"00:47:00";"10";"sem vítima";"514,681";"BR-163/MS";"Norte";"Atropelamento de animais";1;0;0;0;0;0;0;0;0;0;2;0;0;0;0
"24/10/2019";"13:13:00";"263";"sem vítima";"801,173";"BR-163/MS";"Norte";"Saídas de pista";0;0;1;0;0;0;0;0;0;0;1;0;0;0;0
"25/10/2019";"17:16:00";"370";"com vítima";"670,723";"BR-163/MS";"Sul";"Colisão lateral no sentido contrário";1;0;0;0;0;0;0;0;0;1;1;1;1;0;0
"26/10/2019";"15:13:00";"270";"com vítima";"816,497";"BR-163/MS";"Norte";"Capotamento";1;0;0;0;0;0;0;0;0;0;0;2;0;0;0
"26/10/2019";"16:17:00";"296";"com vítima";"814,474";"BR-163/MS";"Norte";"Capotamento";1;0;0;0;0;0;0;0;0;0;0;0;1;0;0
"26/10/2019";"18:29:00";"356";"com vítima";"322,13";"BR-163/MS";"Norte";"Atropelamento de pedestre";1;0;0;0;0;0;0;0;0;0;1;1;0;0;0
"26/10/2019";"20:26:00";"386";"com vítima";"457";"BR-163/MS";"Sul";"Colisão lateral no sentido contrário";0;0;0;2;0;0;0;0;0;0;0;0;1;1;0
"26/10/2019";"20:31:00";"389";"sem vítima";"397,42";"BR-163/MS";"Sul";"Colisão c/ obstáculos";0;0;0;0;0;0;0;0;0;1;3;0;0;0;0
"26/10/2019";"22:18:00";"403";"sem vítima";"262,21";"BR-163/MS";"Sul";"Colisão c/ obstáculos";1;0;0;0;0;0;0;0;0;0;3;0;0;0;0
"27/10/2019";"00:21:00";"4";"sem vítima";"524,132";"BR-163/MS";"Norte";"Atropelamento de animais";0;0;1;0;0;0;0;0;0;0;1;0;0;0;0
"27/10/2019";"01:24:00";"11";"sem vítima";"325";"BR-163/MS";"Sul";"Saídas de pista";1;0;0;0;0;0;0;0;0;0;1;0;0;0;0
"27/10/2019";"11:54:00";"171";"sem vítima";"75,759";"BR-163/MS";"Norte";"Colisão c/ obstáculos";1;0;0;0;0;0;0;0;0;0;1;0;0;0;0
"28/10/2019";"08:12:00";"90";"sem vítima";"466,248";"BR-163/MS";"Norte";"Colisão lateral no sentido contrário";1;0;1;0;0;1;0;0;0;0;3;0;0;0;0
"29/10/2019";"19:07:00";"401";"com vítima";"462,3";"BR-163/MS";"Sul";"Atropelamento de pedestre";0;0;0;0;0;0;0;0;0;1;1;0;0;0;1
"30/10/2019";"15:25:00";"303";"com vítima";"707,562";"BR-163/MS";"Sul";"Colisão com veículos (traseira)";0;0;2;0;0;4;0;0;0;0;5;1;0;0;0
"31/10/2019";"14:31:00";"272";"sem vítima";"357,841";"BR-163/MS";"Norte";"Saídas de pista";0;0;1;0;0;0;0;0;0;0;3;0;0;0;0
"01/11/2019";"17:45:00";"313";"com vítima";"492";"BR-163/MS";"Norte";"Colisão com veículos (traseira)";1;0;1;0;0;0;0;0;0;0;1;1;0;0;0
"01/11/2019";"17:45:00";"315";"sem vítima";"576";"BR-163/MS";"Norte";"Saídas de pista";0;0;1;0;0;0;0;0;0;0;1;0;0;0;0
"01/11/2019";"18:05:00";"318";"sem vítima";"579,4";"BR-163/MS";"Norte";"Saídas de pista";1;0;0;0;0;0;0;0;0;0;1;0;0;0;0
"02/11/2019";"05:04:00";"34";"com vítima";"455";"BR-163/MS";"Sul";"Colisão lateral no mesmo sentido";1;0;1;0;0;0;0;0;0;1;4;1;0;0;0
"02/11/2019";"06:48:00";"61";"com vítima";"255,977";"BR-163/MS";"Norte";"Tombamento de moto";0;0;0;1;0;0;0;0;0;0;0;1;0;0;0
"02/11/2019";"07:41:00";"80";"sem vítima";"47,308";"BR-163/MS";"Sul";"Colisão com veículos (traseira)";1;0;0;0;0;1;0;0;0;0;4;0;0;0;0
"02/11/2019";"17:50:00";"304";"sem vítima";"17,534";"BR-163/MS";"Norte";"Capotamento";1;0;0;0;0;0;0;0;0;0;2;0;0;0;0
"02/11/2019";"19:46:00";"339";"sem vítima";"834,758";"BR-163/MS";"Sul";"Atropelamento de animais";1;0;0;0;0;0;0;0;0;0;2;0;0;0;0
"02/11/2019";"20:13:00";"345";"sem vítima";"698,293";"BR-163/MS";"Sul";"Colisão c/ obstáculos";0;0;0;0;0;0;0;0;0;1;1;0;0;0;0
"03/11/2019";"13:33:00";"178";"sem vítima";"6";"BR-163/MS";"Sul";"Tombamento";0;0;1;0;0;0;0;0;0;0;2;0;0;0;0
"03/11/2019";"18:50:00";"283";"sem vítima";"485,63";"BR-163/MS";"Sul";"Colisão com veículos (traseira)";0;0;1;0;0;0;0;0;0;1;2;0;0;0;0
"03/11/2019";"19:07:00";"291";"sem vítima";"572,908";"BR-163/MS";"Norte";"Atropelamento de animais";0;0;0;0;0;0;0;0;0;1;5;0;0;0;0
"03/11/2019";"21:13:00";"322";"sem vítima";"706,127";"BR-163/MS";"Sul";"Colisão c/ obstáculos";1;0;0;0;0;0;0;0;0;0;1;0;0;0;0
"04/11/2019";"14:42:00";"270";"sem vítima";"732,363";"BR-163/MS";"Sul";"Colisão lateral no sentido contrário";0;0;2;0;0;1;0;0;0;0;3;0;0;0;0
"04/11/2019";"18:42:00";"363";"com vítima";"473,246";"BR-163/MS";"Norte";"Colisão lateral no sentido contrário";0;0;1;1;0;0;0;0;0;0;1;0;1;0;0
"04/11/2019";"20:05:00";"388";"com vítima";"192,172";"BR-163/MS";"Sul";"Tombamento";0;0;1;0;0;2;0;0;0;0;2;1;0;0;0
"05/11/2019";"12:48:00";"221";"sem vítima";"18,13";"BR-163/MS";"Norte";"Colisão c/ obstáculos";0;0;1;0;1;2;0;0;0;0;22;0;0;0;0
"05/11/2019";"14:37:00";"258";"com vítima";"355,498";"BR-163/MS";"Norte";"Tombamento de moto";0;0;0;1;0;0;0;0;0;0;0;2;0;0;0
"05/11/2019";"18:29:00";"346";"sem vítima";"266";"BR-163/MS";"Sul";"Colisão c/ obstáculos";0;0;0;0;0;0;0;0;0;1;1;0;0;0;0
"06/11/2019";"11:07:00";"183";"sem vítima";"18,107";"BR-163/MS";"Norte";"Tombamento";0;0;1;0;0;2;0;0;0;0;3;0;0;0;0
"06/11/2019";"13:42:00";"237";"com vítima";"24,215";"BR-163/MS";"Sul";"Colisão com veículos (traseira)";1;0;1;0;0;0;0;0;0;0;2;1;0;0;0
"06/11/2019";"18:10:00";"336";"com vítima";"486,774";"BR-163/MS";"Norte";"Tombamento de moto";0;0;0;1;0;0;0;0;0;0;0;1;0;0;0
"06/11/2019";"18:47:00";"350";"sem vítima";"443,777";"BR-163/MS";"Sul";"Atropelamento de animais";1;0;0;0;0;0;0;0;0;0;3;0;0;0;0
"06/11/2019";"19:06:00";"354";"sem vítima";"443,5";"BR-163/MS";"Sul";"Atropelamento de animais";1;0;0;0;0;0;0;0;0;0;5;0;0;0;0
"06/11/2019";"19:43:00";"359";"com vítima";"443,828";"BR-163/MS";"Norte";"Tombamento de moto";0;0;0;1;0;0;0;0;0;0;0;0;2;0;0
"06/11/2019";"20:40:00";"370";"sem vítima";"78,99";"BR-163/MS";"Norte";"Colisão lateral no sentido contrário";1;0;1;0;0;0;0;0;0;0;5;0;0;0;0
"06/11/2019";"22:09:00";"386";"com vítima";"480,442";"BR-163/MS";"Norte";"Colisão com veículos (traseira)";0;1;0;1;0;0;0;0;0;0;0;0;0;2;0
"07/11/2019";"15:18:00";"306";"sem vítima";"499,418";"BR-163/MS";"Norte";"Saídas de pista";1;0;0;0;0;0;0;0;0;0;1;0;0;0;0
"08/11/2019";"05:11:00";"29";"sem vítima";"243,558";"BR-163/MS";"Norte";"Saídas de pista";0;0;0;0;0;0;0;0;0;1;1;0;0;0;0
"08/11/2019";"16:59:00";"320";"com vítima";"485,577";"BR-163/MS";"Norte";"Colisão c/ obstáculos";0;0;0;1;0;0;0;0;0;0;0;0;0;1;0
"08/11/2019";"18:41:00";"356";"com vítima";"261,5";"BR-163/MS";"Norte";"Colisão com veículos (frontal)";0;2;0;0;0;0;0;0;0;0;1;1;0;0;0
"08/11/2019";"22:27:00";"402";"com vítima";"263,8";"BR-163/MS";"Norte";"Tombamento de moto";0;0;0;1;0;0;0;0;0;0;0;1;0;0;0
"09/11/2019";"10:36:00";"174";"com vítima";"6,56";"BR-163/MS";"Norte";"Colisão lateral no sentido contrário";2;0;0;0;0;0;0;0;0;0;5;1;0;0;0
"09/11/2019";"12:04:00";"204";"sem vítima";"656";"BR-163/MS";"Norte";"Colisão c/ obstáculos";1;0;0;0;0;0;0;0;0;0;1;0;0;0;0
"09/11/2019";"12:44:00";"220";"sem vítima";"215,593";"BR-163/MS";"Norte";"Saídas de pista";0;0;1;0;0;2;0;0;0;0;3;0;0;0;0
"09/11/2019";"15:08:00";"253";"sem vítima";"248";"BR-163/MS";"Norte";"Saídas de pista";1;0;0;0;0;0;0;0;0;0;4;0;0;0;0
"09/11/2019";"18:06:00";"317";"com vítima";"473,205";"BR-163/MS";"Norte";"Colisão lateral no sentido contrário";2;0;0;0;0;0;0;0;0;0;0;3;1;1;0
"09/11/2019";"19:26:00";"342";"com vítima";"258,973";"BR-163/MS";"Norte";"Atropelamento de pedestre";1;0;0;0;0;0;0;0;0;0;4;0;0;1;0
"09/11/2019";"23:11:00";"374";"sem vítima";"23,975";"BR-163/MS";"Sul";"Saídas de pista";1;0;0;0;0;0;0;0;0;0;4;0;0;0;0
"10/11/2019";"09:23:00";"112";"sem vítima";"144,545";"BR-163/MS";"Sul";"Colisão c/ obstáculos";0;0;0;0;0;0;0;0;0;1;1;0;0;0;0
"10/11/2019";"14:48:00";"195";"com vítima";"5,6";"BR-163/MS";"Norte";"Colisão lateral no sentido contrário";2;0;0;0;0;0;0;0;0;0;3;1;1;0;0
"10/11/2019";"15:36:00";"207";"com vítima";"466";"BR-163/MS";"Norte";"Colisão com veículos (traseira)";2;0;0;0;0;0;0;0;0;0;4;2;0;0;0
"11/11/2019";"05:19:00";"34";"sem vítima";"138,7";"BR-163/MS";"Norte";"Capotamento";1;0;0;0;0;0;0;0;0;0;1;0;0;0;0
"11/11/2019";"14:30:00";"292";"com vítima";"520,345";"BR-163/MS";"Norte";"Colisão com veículos (traseira)";1;0;0;0;0;0;0;0;0;1;3;1;0;0;0
"11/11/2019";"16:09:00";"329";"sem vítima";"770";"BR-163/MS";"Sul";"Tombamento de moto";0;0;0;1;0;0;0;0;0;0;1;0;0;0;0
"11/11/2019";"16:36:00";"341";"com vítima";"251,843";"BR-163/MS";"Norte";"Colisão com veículos (frontal)";1;0;1;0;0;2;0;0;0;0;5;0;0;0;1
"11/11/2019";"17:08:00";"351";"com vítima";"485,44";"BR-163/MS";"Norte";"Colisão com veículos (traseira)";1;0;0;1;0;0;0;0;0;0;2;1;0;0;0