data;horario;n_da_ocorrencia;tipo_de_ocorrencia;km;trecho;sentido;tipo_de_acidente;automovel;bicicleta;caminhao;moto;onibus;outros;tracao_animal;transporte_de_cargas_especiais;trator_maquinas;utilitarios;ilesos;levemente_feridos;moderadamente_feridos;gravemente_feridos;mortos
"22/12/2019";"06:04:00";"60";"sem vítima";"533,732";"BR-163/MS";"Norte";"Colisão com veículos (traseira)";1;0;0;0;0;0;0;0;0;1;4;0;0;0;0
"22/12/2019";"10:10:00";"153";"sem vítima";"815,932";"BR-163/MS";"Sul";"Colisão c/ obstáculos";0;0;0;0;0;0;0;0;0;1;3;0;0;0;0
"22/12/2019";"10:15:00";"155";"com vítima";"799,6";"BR-163/MS";"Sul";"Colisão com veículos (traseira)";1;0;0;0;0;0;0;0;0;1;7;2;0;0;0
"22/12/2019";"11:32:00";"184";"sem vítima";"682,41";"BR-163/MS";"Sul";"Colisão com veículos (traseira)";1;0;0;0;0;0;0;0;0;1;10;0;0;0;0
"22/12/2019";"15:51:00";"286";"com vítima";"655,45";"BR-163/MS";"Sul";"Colisão com veículos (traseira)";1;0;0;0;0;0;0;0;0;1;0;6;0;0;0
"23/12/2019";"05:59:00";"34";"com vítima";"60,669";"BR-163/MS";"Sul";"Capotamento";1;0;0;0;0;0;0;0;0;0;0;1;1;0;0
"23/12/2019";"10:48:00";"202";"com vítima";"395,375";"BR-163/MS";"Sul";"Tombamento de moto";0;0;0;1;0;0;0;0;0;0;0;1;0;0;0
"23/12/2019";"12:25:00";"239";"sem vítima";"506";"BR-163/MS";"Norte";"Colisão c/ obstáculos";1;0;0;0;0;0;0;0;0;0;4;0;0;0;0
"23/12/2019";"13:55:00";"272";"com vítima";"384";"BR-163/MS";"Norte";"Saídas de pista";0;0;0;0;0;0;0;0;0;1;4;1;0;0;0
"23/12/2019";"14:01:00";"275";"com vítima";"462";"BR-163/MS";"Norte";"Tombamento de moto";0;0;0;1;0;0;0;0;0;0;0;2;0;0;0
"24/12/2019";"04:37:00";"42";"sem vítima";"819,888";"BR-163/MS";"Norte";"Atropelamento de animais";0;0;0;0;0;0;0;0;0;1;3;0;0;0;0
"24/12/2019";"20:55:00";"404";"sem vítima";"569";"BR-163/MS";"Norte";"Atropelamento de animais";1;0;0;0;0;0;0;0;0;0;2;0;0;0;0
"25/12/2019";"11:47:00";"153";"com vítima";"568,84";"BR-163/MS";"Norte";"Tombamento de moto";0;0;0;1;0;0;0;0;0;0;1;1;0;0;0
"25/12/2019";"16:59:00";"230";"sem vítima";"373,866";"BR-163/MS";"Norte";"Tombamento";0;0;1;0;0;0;0;0;0;0;2;0;0;0;0
"25/12/2019";"18:58:00";"272";"com vítima";"501,73";"BR-163/MS";"Norte";"Colisão lateral no mesmo sentido";1;0;0;1;0;0;0;0;0;0;2;1;0;0;1
"25/12/2019";"23:01:00";"306";"sem vítima";"174";"BR-163/MS";"Sul";"Tombamento de moto";0;0;0;1;0;0;0;0;0;0;1;0;0;0;0
"26/12/2019";"08:27:00";"75";"sem vítima";"373,123";"BR-163/MS";"Sul";"Saídas de pista";1;0;0;0;0;1;0;0;0;0;5;0;0;0;0
"26/12/2019";"10:37:00";"138";"sem vítima";"255,349";"BR-163/MS";"Norte";"Colisão c/ obstáculos";0;0;1;0;0;1;0;0;0;0;2;0;0;0;0
"26/12/2019";"12:59:00";"203";"com vítima";"261,76";"BR-163/MS";"Norte";"Tombamento de moto";0;0;0;1;0;0;0;0;0;0;0;2;0;0;0
"26/12/2019";"14:26:00";"230";"com vítima";"456";"BR-163/MS";"Sul";"Colisão com veículos (traseira)";2;0;0;0;0;0;0;0;0;0;0;6;0;0;0
"27/12/2019";"01:01:00";"11";"sem vítima";"579,172";"BR-163/MS";"Sul";"Atropelamento de animais";1;0;0;0;0;0;0;0;0;0;4;0;0;0;0
"27/12/2019";"08:59:00";"140";"sem vítima";"669,118";"BR-163/MS";"Sul";"Atropelamento de animais";0;0;1;0;0;0;0;0;0;0;4;0;0;0;0
"28/12/2019";"02:50:00";"17";"sem vítima";"431,7";"BR-163/MS";"Norte";"Atropelamento de animais";1;0;0;0;0;0;0;0;0;0;4;0;0;0;0
"28/12/2019";"07:29:00";"71";"sem vítima";"718";"BR-163/MS";"Sul";"Colisão com veículos (traseira)";2;0;0;0;0;0;0;0;0;0;7;0;0;0;0
"28/12/2019";"12:28:00";"216";"com vítima";"466,112";"BR-163/MS";"Norte";"Tombamento de moto";0;0;0;1;0;0;0;0;0;0;0;2;0;0;0
"28/12/2019";"13:55:00";"247";"com vítima";"771,435";"BR-163/MS";"Sul";"Colisão com veículos (traseira)";2;0;0;0;0;0;0;0;0;0;4;2;0;0;0
"28/12/2019";"22:06:00";"389";"com vítima";"500,428";"BR-163/MS";"Norte";"Colisão lateral no mesmo sentido";1;0;0;0;0;0;0;0;0;1;2;1;0;0;0
"29/12/2019";"02:59:00";"17";"com vítima";"249,66";"BR-163/MS";"Sul";"Tombamento de moto";0;0;0;1;0;0;0;0;0;0;0;1;0;0;0
"29/12/2019";"10:55:00";"166";"com vítima";"737,11";"BR-163/MS";"Sul";"Capotamento";0;0;1;0;0;0;0;0;0;1;4;1;0;0;0
"29/12/2019";"15:33:00";"253";"com vítima";"491,691";"BR-163/MS";"Sul";"Tombamento de moto";0;0;0;1;0;0;0;0;0;0;0;2;0;0;0
"30/12/2019";"04:46:00";"39";"sem vítima";"443,2";"BR-163/MS";"Norte";"Atropelamento de animais";1;0;0;0;0;0;0;0;0;0;1;0;0;0;0
"30/12/2019";"06:15:00";"57";"sem vítima";"365";"BR-163/MS";"Norte";"Colisão c/ obstáculos";1;0;0;0;0;0;0;0;0;0;2;0;0;0;0
"31/12/2019";"10:07:00";"141";"com vítima";"293";"BR-163/MS";"Norte";"Tombamento de moto";0;0;0;1;0;0;0;0;0;0;0;2;0;0;0
"31/12/2019";"13:05:00";"198";"sem vítima";"505,705";"BR-163/MS";"Sul";"Saídas de pista";1;0;0;0;0;0;0;0;0;0;2;0;0;0;0
"31/12/2019";"15:14:00";"236";"com vítima";"403,204";"BR-163/MS";"Sul";"Capotamento";1;0;0;0;0;1;0;0;0;0;1;1;0;0;0
"01/01/2020";"05:06:00";"22";"com vítima";"675,773";"BR-163/MS";"Sul";"Saídas de pista";0;0;0;0;0;0;0;0;0;1;0;1;0;0;0
"01/01/2020";"12:42:00";"115";"com vítima";"224,632";"BR-163/MS";"Norte";"Capotamento";0;0;0;0;0;0;0;0;0;1;0;3;0;0;0
"01/01/2020";"16:05:00";"169";"com vítima";"64,391";"BR-163/MS";"Sul";"Capotamento";1;0;0;0;0;0;0;0;0;0;1;1;0;0;0
"01/01/2020";"16:47:00";"183";"sem vítima";"340,895";"BR-163/MS";"Norte";"Engavetamento";3;0;0;0;0;0;0;0;0;0;8;0;0;0;0
"01/01/2020";"20:50:00";"259";"sem vítima";"452,19";"BR-163/MS";"Norte";"Atropelamento de animais";1;0;0;0;0;0;0;0;0;0;4;0;0;0;0
"02/01/2020";"09:50:00";"117";"com vítima";"5,849";"BR-163/MS";"Norte";"Engavetamento";2;0;1;0;0;0;0;0;0;0;9;1;0;0;0
"02/01/2020";"10:39:00";"138";"sem vítima";"802,645";"BR-163/MS";"Norte";"Tombamento de moto";0;0;0;1;0;0;0;0;0;0;2;0;0;0;0
"02/01/2020";"15:45:00";"244";"sem vítima";"520,364";"BR-163/MS";"Norte";"Colisão com veículos (traseira)";1;0;0;0;0;0;0;0;0;1;5;0;0;0;0
"02/01/2020";"18:34:00";"311";"sem vítima";"99,215";"BR-163/MS";"Norte";"Colisão lateral no mesmo sentido";1;0;1;0;0;0;0;0;0;0;4;0;0;0;0
"02/01/2020";"22:59:00";"359";"sem vítima";"810,983";"BR-163/MS";"Sul";"Atropelamento de animais";1;0;0;0;0;0;0;0;0;0;5;0;0;0;0
"03/01/2020";"03:54:00";"24";"sem vítima";"107,845";"BR-163/MS";"Sul";"Atropelamento de animais";1;0;0;0;0;0;0;0;0;0;4;0;0;0;0
"03/01/2020";"07:34:00";"73";"com vítima";"575";"BR-163/MS";"Sul";"Engavetamento";2;0;0;0;0;1;0;0;0;0;6;1;0;0;0
"03/01/2020";"13:15:00";"209";"com vítima";"271,738";"BR-163/MS";"Sul";"Tombamento de moto";0;0;0;1;0;0;0;0;0;0;0;2;0;0;0
"03/01/2020";"14:42:00";"241";"com vítima";"497,729";"BR-163/MS";"Norte";"Colisão com veículos (frontal)";0;0;0;1;0;0;0;0;0;1;1;1;0;1;0
"04/01/2020";"04:10:00";"25";"sem vítima";"257";"BR-163/MS";"Norte";"Atropelamento de animais";1;0;0;0;0;0;0;0;0;0;4;0;0;0;0
"04/01/2020";"04:27:00";"29";"com vítima";"793,569";"BR-163/MS";"Norte";"Capotamento";1;0;0;0;0;0;0;0;0;0;0;2;0;0;0
"04/01/2020";"10:29:00";"147";"com vítima";"19";"BR-163/MS";"Sul";"Colisão com veículos (traseira)";1;0;0;0;0;0;0;0;0;1;7;1;0;0;0
"04/01/2020";"13:08:00";"193";"sem vítima";"248,39";"BR-163/MS";"Norte";"Saídas de pista";1;0;0;0;0;0;0;0;0;0;1;0;0;0;0
"04/01/2020";"19:36:00";"306";"sem vítima";"484";"BR-163/MS";"Sul";"Colisão lateral no sentido contrário";2;0;0;0;0;0;0;0;0;0;3;0;0;0;0
"05/01/2020";"20:56:00";"367";"com vítima";"626,378";"BR-163/MS";"Norte";"Colisão com veículos (traseira)";2;0;0;0;0;0;0;0;0;0;3;2;0;0;0
"06/01/2020";"00:22:00";"2";"sem vítima";"373,583";"BR-163/MS";"Sul";"Atropelamento de animais";1;0;0;0;0;0;0;0;0;0;1;0;0;0;0
"06/01/2020";"07:04:00";"61";"sem vítima";"422,608";"BR-163/MS";"Sul";"Colisão com veículos (traseira)";0;0;3;0;0;5;0;0;0;0;12;0;0;0;0
"06/01/2020";"09:07:00";"128";"com vítima";"42";"BR-163/MS";"Norte";"Colisão lateral no mesmo sentido";0;0;2;0;0;1;0;0;0;0;4;1;0;0;0
"06/01/2020";"14:22:00";"255";"com vítima";"485,75";"BR-163/MS";"Sul";"Colisão com veículos (traseira)";0;0;2;0;0;0;0;0;0;1;0;5;0;0;0
"06/01/2020";"14:48:00";"262";"sem vítima";"669,915";"BR-163/MS";"Norte";"Colisão c/ obstáculos";0;0;0;0;0;0;0;0;0;1;5;0;0;0;0
"06/01/2020";"17:35:00";"313";"sem vítima";"763";"BR-163/MS";"Norte";"Saídas de pista";1;0;0;0;0;0;0;0;0;0;2;0;0;0;0
"06/01/2020";"17:41:00";"314";"com vítima";"83,897";"BR-163/MS";"Norte";"Tombamento de moto";0;0;0;1;0;0;0;0;0;0;1;1;0;0;0
"06/01/2020";"17:45:00";"315";"sem vítima";"564";"BR-163/MS";"Norte";"Colisão com veículos (traseira)";1;0;0;0;0;0;0;0;0;1;5;0;0;0;0
"07/01/2020";"05:27:00";"33";"sem vítima";"427";"BR-163/MS";"Sul";"Saídas de pista";1;0;0;0;0;0;0;0;0;0;1;0;0;0;0
"07/01/2020";"08:59:00";"95";"sem vítima";"371";"BR-163/MS";"Sul";"Capotamento";1;0;0;0;0;0;0;0;0;0;2;0;0;0;0
"07/01/2020";"09:30:00";"109";"sem vítima";"361";"BR-163/MS";"Sul";"Capotamento";1;0;0;0;0;0;0;0;0;0;4;0;0;0;0
"07/01/2020";"10:57:00";"144";"sem vítima";"481";"BR-163/MS";"Norte";"Colisão com veículos (traseira)";0;0;0;0;0;0;0;0;0;2;6;0;0;0;0
"07/01/2020";"14:39:00";"215";"com vítima";"81";"BR-163/MS";"Norte";"Capotamento";0;0;1;0;0;0;0;0;0;0;0;0;0;0;1
"07/01/2020";"22:17:00";"324";"sem vítima";"152";"BR-163/MS";"Sul";"Atropelamento de animais";0;0;1;0;0;0;0;0;0;0;2;0;0;0;0
"08/01/2020";"14:08:00";"251";"com vítima";"462";"BR-163/MS";"Norte";"Tombamento de moto";0;0;0;1;0;1;0;0;0;0;1;2;0;0;0
"08/01/2020";"14:25:00";"257";"com vítima";"615";"BR-163/MS";"Norte";"Colisão lateral no sentido contrário";0;0;0;2;0;0;0;0;0;0;0;2;0;0;0
"09/01/2020";"11:14:00";"193";"sem vítima";"178";"BR-163/MS";"Norte";"Colisão com veículos (traseira)";2;0;0;0;0;0;0;0;0;0;7;0;0;0;0
"09/01/2020";"11:58:00";"203";"sem vítima";"11,9";"BR-163/MS";"Norte";"Capotamento";1;0;0;0;0;0;0;0;0;0;1;0;0;0;0
"09/01/2020";"16:09:00";"306";"sem vítima";"782";"BR-163/MS";"Norte";"Colisão com veículos (traseira)";0;0;0;0;0;1;0;0;0;1;7;0;0;0;0
"09/01/2020";"17:23:00";"320";"sem vítima";"400";"BR-163/MS";"Sul";"Colisão c/ obstáculos";1;0;0;0;0;0;0;0;0;0;2;0;0;0;0
"10/01/2020";"13:41:00";"234";"sem vítima";"762";"BR-163/MS";"Norte";"Saídas de pista";0;0;0;0;0;0;0;0;0;1;4;0;0;0;0
"10/01/2020";"19:15:00";"341";"sem vítima";"258";"BR-163/MS";"Sul";"Colisão com veículos (traseira)";1;0;0;0;0;0;0;0;0;1;7;0;0;0;0
"11/01/2020";"06:42:00";"52";"sem vítima";"709";"BR-163/MS";"Norte";"Atropelamento de animais";1;0;0;0;0;0;0;0;0;0;2;0;0;0;0
"11/01/2020";"06:54:00";"55";"sem vítima";"556";"BR-163/MS";"Norte";"Tombamento";1;0;0;0;0;0;0;0;0;0;3;0;0;0;0
"11/01/2020";"21:06:00";"392";"com vítima";"257";"BR-163/MS";"Norte";"Colisão com veículos (traseira)";1;1;0;0;0;0;0;0;0;0;1;1;0;0;0
"12/01/2020";"01:06:00";"5";"com vítima";"253,785";"BR-163/MS";"Sul";"Colisão c/ obstáculos";0;0;0;1;0;0;0;0;0;0;0;0;0;0;1
"12/01/2020";"13:05:00";"168";"sem vítima";"680,4";"BR-163/MS";"Norte";"Colisão lateral no sentido contrário";1;0;0;0;0;0;0;0;0;1;4;0;0;0;0
"13/01/2020";"20:26:00";"296";"com vítima";"694";"BR-163/MS";"Sul";"Atropelamento de animais";1;0;0;0;0;0;0;0;0;0;1;1;0;0;0
"13/01/2020";"20:37:00";"302";"sem vítima";"551";"BR-163/MS";"Sul";"Atropelamento de animais";1;0;0;0;0;0;0;0;0;0;5;0;0;0;0
"14/01/2020";"14:45:00";"263";"sem vítima";"302,3";"BR-163/MS";"Sul";"Tombamento";1;0;0;0;0;0;0;0;0;0;2;0;0;0;0
"14/01/2020";"19:22:00";"343";"com vítima";"490";"BR-163/MS";"Norte";"Colisão com veículos (traseira)";1;0;0;1;0;0;0;0;0;0;2;1;0;0;0
"14/01/2020";"19:42:00";"348";"com vítima";"69";"BR-163/MS";"Sul";"Tombamento";0;0;1;0;0;2;0;0;0;0;2;1;0;0;0
"14/01/2020";"20:31:00";"357";"com vítima";"478,4";"BR-163/MS";"Sul";"Colisão lateral no sentido contrário";0;0;0;0;0;0;0;0;0;2;3;2;0;0;0
"15/01/2020";"03:48:00";"23";"sem vítima";"185,5";"BR-163/MS";"Sul";"Tombamento";0;0;1;0;0;2;0;0;0;0;3;0;0;0;0
"15/01/2020";"03:53:00";"24";"sem vítima";"452,568";"BR-163/MS";"Norte";"Atropelamento de animais";1;0;0;0;0;0;0;0;0;0;2;0;0;0;0
"15/01/2020";"04:52:00";"28";"com vítima";"116";"BR-163/MS";"Sul";"Colisão c/ obstáculos";1;0;0;0;0;0;0;0;0;0;0;1;0;0;0
"15/01/2020";"11:41:00";"203";"sem vítima";"682,9";"BR-163/MS";"Sul";"Engavetamento";1;0;0;0;0;1;0;0;0;2;7;0;0;0;0
"15/01/2020";"14:26:00";"263";"com vítima";"777";"BR-163/MS";"Sul";"Colisão com veículos (traseira)";0;0;0;1;0;1;0;0;0;0;1;0;1;0;1
"15/01/2020";"15:07:00";"284";"sem vítima";"380";"BR-163/MS";"Norte";"Colisão lateral no mesmo sentido";0;0;1;0;0;0;0;0;0;1;15;0;0;0;0
"15/01/2020";"18:10:00";"352";"com vítima";"263,3";"BR-163/MS";"Norte";"Colisão c/ obstáculos";0;1;1;0;0;0;0;0;0;0;1;1;0;0;0
"16/01/2020";"03:01:00";"12";"sem vítima";"428";"BR-163/MS";"Norte";"Atropelamento de animais";1;0;0;0;0;0;0;0;0;0;2;0;0;0;0
"16/01/2020";"04:45:00";"20";"com vítima";"479,228";"BR-163/MS";"Norte";"Tombamento";0;0;1;0;0;2;0;0;0;0;2;1;0;0;0
"16/01/2020";"09:04:00";"114";"com vítima";"681";"BR-163/MS";"Norte";"Colisão lateral no sentido contrário";0;0;0;1;0;0;0;0;0;1;1;1;0;0;0
"16/01/2020";"09:57:00";"145";"sem vítima";"483";"BR-163/MS";"Norte";"Colisão lateral no mesmo sentido";1;0;1;0;0;0;0;0;0;0;2;0;0;0;0
"16/01/2020";"11:09:00";"179";"sem vítima";"812";"BR-163/MS";"Norte";"Colisão c/ obstáculos";1;0;0;0;0;0;0;0;0;0;1;0;0;0;0
"16/01/2020";"19:01:00";"335";"sem vítima";"485";"BR-163/MS";"Norte";"Colisão com veículos (traseira)";1;0;0;0;0;0;0;0;0;1;3;0;0;0;0
"16/01/2020";"19:35:00";"346";"sem vítima";"787";"BR-163/MS";"Norte";"Atropelamento de animais";2;0;0;0;0;0;0;0;0;0;6;0;0;0;0
"17/01/2020";"05:52:00";"31";"sem vítima";"728,5";"BR-163/MS";"Sul";"Saídas de pista";1;0;0;0;0;0;0;0;0;0;1;0;0;0;0
"17/01/2020";"17:18:00";"388";"com vítima";"808,53";"BR-163/MS";"Norte";"Colisão com veículos (traseira)";0;0;2;0;0;0;0;0;0;1;2;1;0;0;0
"18/01/2020";"05:05:00";"20";"sem vítima";"36,347";"BR-163/MS";"Sul";"Colisão lateral no mesmo sentido";0;0;3;0;0;1;0;0;0;0;5;0;0;0;0
"18/01/2020";"09:43:00";"122";"com vítima";"614,35";"BR-163/MS";"Sul";"Colisão lateral no mesmo sentido";1;0;0;1;0;0;0;0;0;0;1;1;0;0;0
"18/01/2020";"15:53:00";"242";"sem vítima";"375,29";"BR-163/MS";"Sul";"Colisão c/ obstáculos";1;0;0;0;0;0;0;0;0;0;3;0;0;0;0
"18/01/2020";"19:36:00";"316";"com vítima";"251,647";"BR-163/MS";"Sul";"Colisão com veículos (traseira)";3;0;0;0;0;0;0;0;0;0;9;1;0;0;0
"19/01/2020";"04:47:00";"20";"com vítima";"181,285";"BR-163/MS";"Sul";"Saídas de pista";0;0;0;0;0;0;0;0;0;1;0;2;0;0;0
"19/01/2020";"10:27:00";"135";"com vítima";"349,158";"BR-163/MS";"Sul";"Tombamento de moto";0;0;0;1;0;0;0;0;0;0;0;2;0;0;0
"19/01/2020";"10:45:00";"139";"com vítima";"547,81";"BR-163/MS";"Sul";"Colisão c/ obstáculos";0;0;0;1;0;0;0;0;0;0;0;0;0;1;0
"19/01/2020";"14:13:00";"190";"sem vítima";"164,1";"BR-163/MS";"Norte";"Capotamento";0;0;0;0;0;0;0;0;0;1;1;0;0;0;0
"19/01/2020";"20:51:00";"296";"sem vítima";"647,8";"BR-163/MS";"Sul";"Tombamento";0;0;1;0;0;3;0;0;0;0;4;0;0;0;0
"20/01/2020";"11:57:00";"195";"sem vítima";"400,746";"BR-163/MS";"Norte";"Tombamento de moto";0;0;0;1;0;0;0;0;0;0;1;0;0;0;0
"20/01/2020";"18:52:00";"369";"sem vítima";"670,7";"BR-163/MS";"Norte";"Saídas de pista";0;0;0;0;0;0;0;0;0;1;1;0;0;0;0
"21/01/2020";"18:08:00";"358";"sem vítima";"763,847";"BR-163/MS";"Sul";"Colisão c/ obstáculos";0;0;0;0;0;0;0;0;0;1;1;0;0;0;0
"22/01/2020";"01:49:00";"12";"com vítima";"542,4";"BR-163/MS";"Norte";"Tombamento";0;0;1;0;0;0;0;0;0;0;1;1;0;0;0
"22/01/2020";"04:00:00";"21";"com vítima";"467,85";"BR-163/MS";"Norte";"Tombamento";0;0;1;0;0;1;0;0;0;0;1;1;0;0;0
"22/01/2020";"06:29:00";"38";"sem vítima";"49,549";"BR-163/MS";"Sul";"Colisão c/ obstáculos";1;0;0;0;0;0;0;0;0;0;3;0;0;0;0
"22/01/2020";"07:54:00";"67";"sem vítima";"473";"BR-163/MS";"Norte";"Colisão c/ obstáculos";0;0;0;1;0;0;0;0;0;0;1;0;0;0;0
"22/01/2020";"08:44:00";"84";"sem vítima";"675,5";"BR-163/MS";"Norte";"Colisão c/ obstáculos";0;0;0;0;0;0;0;0;0;1;2;0;0;0;0
"22/01/2020";"09:39:00";"110";"com vítima";"834,411";"BR-163/MS";"Sul";"Colisão lateral no sentido contrário";1;0;0;0;0;1;0;0;0;1;1;0;0;1;1
"22/01/2020";"13:33:00";"194";"sem vítima";"134,9";"BR-163/MS";"Sul";"Saídas de pista";0;0;1;0;0;0;0;0;0;0;1;0;0;0;0
"22/01/2020";"21:57:00";"333";"sem vítima";"689,82";"BR-163/MS";"Norte";"Atropelamento de animais";1;0;0;0;0;0;0;0;0;0;5;0;0;0;0
"23/01/2020";"01:25:00";"6";"sem vítima";"281,52";"BR-163/MS";"Norte";"Saídas de pista";1;0;0;0;0;0;0;0;0;0;1;0;0;0;0
"23/01/2020";"02:00:00";"10";"sem vítima";"249,5";"BR-163/MS";"Sul";"Saídas de pista";0;0;1;0;0;0;0;0;0;0;1;0;0;0;0
"23/01/2020";"17:16:00";"270";"sem vítima";"527";"BR-163/MS";"Sul";"Colisão com veículos (traseira)";1;0;1;0;0;2;0;0;0;0;4;0;0;0;0
"23/01/2020";"22:51:00";"330";"sem vítima";"549,484";"BR-163/MS";"Norte";"Saídas de pista";0;0;1;0;0;0;0;0;0;0;1;0;0;0;0
"24/01/2020";"15:14:00";"237";"sem vítima";"818";"BR-163/MS";"Sul";"Colisão com veículos (traseira)";0;0;2;0;0;0;0;0;0;0;2;0;0;0;0
"24/01/2020";"15:59:00";"248";"sem vítima";"550,7";"BR-163/MS";"Sul";"Capotamento";0;0;0;0;0;1;0;0;0;1;2;0;0;0;0
"24/01/2020";"19:15:00";"309";"com vítima";"491";"BR-163/MS";"Norte";"Atropelamento de pedestre";0;0;1;0;0;0;0;0;0;0;2;1;0;0;0
"24/01/2020";"20:02:00";"329";"sem vítima";"25,888";"BR-163/MS";"Norte";"Colisão lateral no sentido contrário";2;0;0;0;0;0;0;0;0;0;2;0;0;0;0
"25/01/2020";"00:07:00";"4";"sem vítima";"286,3";"BR-163/MS";"Norte";"Atropelamento de animais";0;0;0;0;0;0;0;0;0;1;1;0;0;0;0
"25/01/2020";"02:45:00";"18";"com vítima";"353,191";"BR-163/MS";"Sul";"Tombamento de moto";0;0;0;1;0;0;0;0;0;0;0;1;0;0;0
"25/01/2020";"03:31:00";"25";"sem vítima";"294,6";"BR-163/MS";"Sul";"Atropelamento de animais";1;0;0;0;0;0;0;0;0;0;5;0;0;0;0
"25/01/2020";"03:52:00";"30";"sem vítima";"680";"BR-163/MS";"Norte";"Colisão c/ obstáculos";1;0;0;0;0;0;0;0;0;0;1;0;0;0;0
"25/01/2020";"16:40:00";"294";"com vítima";"477";"BR-163/MS";"Norte";"Colisão com veículos (traseira)";1;0;0;1;0;0;0;0;0;0;2;0;1;0;0
"26/01/2020";"03:17:00";"23";"com vítima";"548,805";"BR-163/MS";"Sul";"Colisão lateral no sentido contrário";1;0;0;0;0;0;0;0;0;1;5;0;1;0;0
"26/01/2020";"16:46:00";"249";"com vítima";"385,966";"BR-163/MS";"Sul";"Saídas de pista";1;0;0;0;0;1;0;0;0;0;3;3;0;0;0
"26/01/2020";"17:25:00";"271";"sem vítima";"577,651";"BR-163/MS";"Norte";"Colisão c/ obstáculos";0;0;1;0;0;0;0;0;0;0;1;0;0;0;0
"26/01/2020";"19:55:00";"305";"com vítima";"492,2";"BR-163/MS";"Norte";"Colisão com veículos (traseira)";0;0;0;1;0;1;0;0;0;0;1;1;1;0;0
"27/01/2020";"04:00:00";"21";"com vítima";"264,411";"BR-163/MS";"Sul";"Tombamento de moto";0;0;0;1;0;0;0;0;0;0;0;1;0;0;0
"27/01/2020";"18:49:00";"343";"sem vítima";"599";"BR-163/MS";"Sul";"Atropelamento de animais";1;0;0;0;0;0;0;0;0;0;3;0;0;0;0
"27/01/2020";"20:27:00";"370";"sem vítima";"190";"BR-163/MS";"Norte";"Atropelamento de animais";0;0;0;0;0;0;0;0;0;1;2;0;0;0;0
"27/01/2020";"22:10:00";"392";"com vítima";"483,511";"BR-163/MS";"Norte";"Colisão com veículos (traseira)";1;0;0;1;0;0;0;0;0;0;2;0;0;1;0
"27/01/2020";"23:47:00";"399";"com vítima";"152";"BR-163/MS";"Sul";"Tombamento de moto";0;0;0;1;0;0;0;0;0;0;0;1;0;0;0
"28/01/2020";"03:18:00";"13";"com vítima";"674,67";"BR-163/MS";"Sul";"Colisão com veículos (frontal)";2;0;0;0;0;0;0;0;0;0;0;1;0;1;1
"28/01/2020";"06:15:00";"31";"com vítima";"477,944";"BR-163/MS";"Norte";"Colisão lateral no mesmo sentido";0;0;0;1;0;0;0;0;0;1;2;0;1;0;0
"28/01/2020";"14:43:00";"229";"com vítima";"472";"BR-163/MS";"Norte";"Colisão lateral no sentido contrário";1;0;0;1;0;0;0;0;0;0;0;1;0;1;0
"28/01/2020";"17:29:00";"300";"com vítima";"124";"BR-163/MS";"Norte";"Tombamento de moto";0;0;0;1;0;0;0;0;0;0;0;1;0;0;0
"29/01/2020";"07:02:00";"44";"com vítima";"260";"BR-163/MS";"Norte";"Tombamento de moto";0;0;0;2;0;0;0;0;0;0;1;1;0;0;0
"29/01/2020";"09:48:00";"138";"sem vítima";"259";"BR-163/MS";"Sul";"Colisão c/ obstáculos";1;0;0;0;0;0;0;0;0;0;1;0;0;0;0
"30/01/2020";"09:35:00";"156";"sem vítima";"237,919";"BR-163/MS";"Sul";"Tombamento";0;0;1;0;0;2;0;0;0;0;3;0;0;0;0
"30/01/2020";"10:14:00";"180";"sem vítima";"166";"BR-163/MS";"Norte";"Colisão c/ obstáculos";1;0;0;0;0;0;0;0;0;0;2;0;0;0;0
"30/01/2020";"11:29:00";"204";"sem vítima";"267,337";"BR-163/MS";"Norte";"Saídas de pista";1;0;0;0;0;0;0;0;0;0;1;0;0;0;0
"30/01/2020";"13:08:00";"228";"com vítima";"484";"BR-163/MS";"Norte";"Colisão lateral no sentido contrário";0;0;1;0;0;0;0;0;0;1;1;1;0;0;0
"30/01/2020";"14:59:00";"259";"com vítima";"475";"BR-163/MS";"Norte";"Tombamento de moto";0;0;0;1;0;0;0;0;0;0;0;1;0;0;0
"30/01/2020";"17:31:00";"311";"sem vítima";"558,32";"BR-163/MS";"Norte";"Capotamento";1;0;0;0;0;0;0;0;0;0;1;0;0;0;0
"30/01/2020";"21:04:00";"358";"sem vítima";"359,539";"BR-163/MS";"Norte";"Atropelamento de animais";1;0;0;0;0;0;0;0;0;0;2;0;0;0;0
"31/01/2020";"09:13:00";"137";"sem vítima";"40";"BR-163/MS";"Norte";"Colisão c/ obstáculos";1;0;0;0;0;0;0;0;0;0;2;0;0;0;0
"31/01/2020";"09:24:00";"145";"com vítima";"534,469";"BR-163/MS";"Norte";"Tombamento de moto";0;0;0;1;0;0;0;0;0;0;0;1;0;0;0
"01/02/2020";"22:30:00";"348";"com vítima";"520,181";"BR-163/MS";"Norte";"Tombamento de moto";0;0;0;1;0;0;0;0;0;0;0;0;1;0;0
"01/02/2020";"23:36:00";"359";"sem vítima";"249,776";"BR-163/MS";"Norte";"Colisão c/ obstáculos";1;0;0;0;0;0;0;0;0;0;1;0;0;0;0