data;horario;n_da_ocorrencia;tipo_de_ocorrencia;km;trecho;sentido;tipo_de_acidente;automovel;bicicleta;caminhao;moto;onibus;outros;tracao_animal;transporte_de_cargas_especiais;trator_maquinas;utilitarios;ilesos;levemente_feridos;moderadamente_feridos;gravemente_feridos;mortos
"02/02/2020";"11:02:00";"155";"com vítima";"475,794";"BR-163/MS";"Norte";"Colisão lateral no mesmo sentido";0;0;0;1;0;0;0;0;0;1;2;1;0;0;0
"02/02/2020";"19:51:00";"301";"sem vítima";"187,759";"BR-163/MS";"Norte";"Colisão c/ obstáculos";1;0;0;0;0;0;0;0;0;0;1;0;0;0;0
"02/02/2020";"22:39:00";"327";"sem vítima";"433";"BR-163/MS";"Norte";"Saídas de pista";1;0;0;0;0;0;0;0;0;0;3;0;0;0;0
"03/02/2020";"14:23:00";"241";"sem vítima";"477";"BR-163/MS";"Norte";"Saídas de pista";1;0;0;0;0;1;0;0;0;0;2;0;0;0;0
"03/02/2020";"14:43:00";"246";"com vítima";"267,816";"BR-163/MS";"Norte";"Colisão c/ obstáculos";0;0;0;1;0;0;0;0;0;0;0;1;0;0;0
"04/02/2020";"07:47:00";"83";"com vítima";"309,548";"BR-163/MS";"Sul";"Saídas de pista";1;0;0;0;0;0;0;0;0;0;0;1;0;0;0
"04/02/2020";"23:09:00";"394";"sem vítima";"96";"BR-163/MS";"Sul";"Colisão c/ obstáculos";1;0;0;0;0;0;0;0;0;0;1;0;0;0;0
"05/02/2020";"01:26:00";"4";"sem vítima";"496,713";"BR-163/MS";"Sul";"Colisão c/ obstáculos";1;0;0;0;0;0;0;0;0;0;1;0;0;0;0
"05/02/2020";"07:53:00";"78";"sem vítima";"819,683";"BR-163/MS";"Sul";"Colisão com veículos (traseira)";0;0;0;0;0;1;0;0;0;1;2;0;0;0;0
"05/02/2020";"09:33:00";"143";"sem vítima";"508";"BR-163/MS";"Norte";"Colisão com veículos (traseira)";1;0;0;0;0;1;0;0;0;0;3;0;0;0;0
"05/02/2020";"13:51:00";"226";"sem vítima";"96";"BR-163/MS";"Sul";"Capotamento";0;0;0;0;0;0;0;0;0;1;1;0;0;0;0
"05/02/2020";"20:55:00";"367";"sem vítima";"216";"BR-163/MS";"Sul";"Colisão c/ obstáculos";0;0;0;0;0;0;0;0;0;1;5;0;0;0;0
"06/02/2020";"07:16:00";"64";"com vítima";"77";"BR-163/MS";"Norte";"Tombamento de moto";0;0;0;1;0;0;0;0;0;0;0;1;0;0;0
"07/02/2020";"06:09:00";"37";"sem vítima";"339,5";"BR-163/MS";"Norte";"Colisão com veículos (frontal)";1;0;0;0;0;0;0;0;0;1;3;0;0;0;0
"07/02/2020";"13:28:00";"234";"com vítima";"92,851";"BR-163/MS";"Norte";"Capotamento";1;0;1;0;0;0;0;0;0;0;1;2;0;0;0
"07/02/2020";"14:01:00";"244";"sem vítima";"244,922";"BR-163/MS";"Norte";"Capotamento";1;0;0;0;0;0;0;0;0;0;1;0;0;0;0
"07/02/2020";"14:56:00";"263";"sem vítima";"45,59";"BR-163/MS";"Sul";"Capotamento";1;0;0;0;0;0;0;0;0;0;1;0;0;0;0
"08/02/2020";"16:29:00";"281";"sem vítima";"283,973";"BR-163/MS";"Norte";"Capotamento";0;0;0;0;0;0;0;0;0;1;1;0;0;0;0
"08/02/2020";"21:00:00";"356";"sem vítima";"485,515";"BR-163/MS";"Sul";"Engavetamento";2;0;0;0;0;1;0;0;0;0;4;0;0;0;0
"08/02/2020";"22:00:00";"364";"com vítima";"486,147";"BR-163/MS";"Sul";"Atropelamento de pedestre";0;0;0;1;0;0;0;0;0;0;0;2;0;0;0
"09/02/2020";"02:34:00";"17";"sem vítima";"454";"BR-163/MS";"Norte";"Atropelamento de animais";1;0;0;0;0;0;0;0;0;0;1;0;0;0;0
"09/02/2020";"18:56:00";"356";"sem vítima";"209";"BR-163/MS";"Norte";"Saídas de pista";1;0;0;0;0;0;0;0;0;0;1;0;0;0;0
"10/02/2020";"00:32:00";"5";"sem vítima";"747,663";"BR-163/MS";"Norte";"Atropelamento de animais";1;0;0;0;0;0;0;0;0;0;1;0;0;0;0
"10/02/2020";"07:12:00";"69";"sem vítima";"481";"BR-163/MS";"Norte";"Colisão c/ obstáculos";1;0;0;0;0;0;0;0;0;0;1;0;0;0;0
"10/02/2020";"14:38:00";"259";"sem vítima";"495";"BR-163/MS";"Norte";"Saídas de pista";0;0;0;0;0;0;0;0;0;1;1;0;0;0;0
"10/02/2020";"19:45:00";"363";"com vítima";"458";"BR-163/MS";"Norte";"Colisão com veículos (traseira)";0;0;0;1;0;1;0;0;0;0;1;2;0;0;0
"10/02/2020";"20:02:00";"367";"sem vítima";"174,267";"BR-163/MS";"Sul";"Saídas de pista";1;0;0;0;0;0;0;0;0;0;1;0;0;0;0
"12/02/2020";"08:13:00";"90";"com vítima";"487,498";"BR-163/MS";"Norte";"Tombamento de moto";0;0;0;1;0;0;0;0;0;0;0;2;0;0;0
"12/02/2020";"23:20:00";"385";"sem vítima";"164,325";"BR-163/MS";"Sul";"Saídas de pista";0;0;0;0;0;0;0;0;0;1;1;0;0;0;0
"13/02/2020";"02:17:00";"17";"sem vítima";"333,539";"BR-163/MS";"Norte";"Atropelamento de animais";1;0;0;0;0;0;0;0;0;0;2;0;0;0;0
"13/02/2020";"02:33:00";"21";"sem vítima";"157,521";"BR-163/MS";"Sul";"Atropelamento de animais";1;0;0;0;0;0;0;0;0;0;2;0;0;0;0
"13/02/2020";"04:12:00";"30";"sem vítima";"52,546";"BR-163/MS";"Norte";"Tombamento";1;0;0;0;0;0;0;0;0;0;1;0;0;0;0
"13/02/2020";"19:48:00";"373";"com vítima";"262,391";"BR-163/MS";"Norte";"Atropelamento de pedestre";0;1;0;0;0;0;0;0;0;1;1;0;1;0;0
"13/02/2020";"20:59:00";"390";"com vítima";"564";"BR-163/MS";"Sul";"Saídas de pista";0;0;0;0;0;0;0;0;0;1;1;2;0;0;0
"14/02/2020";"04:14:00";"21";"sem vítima";"376,786";"BR-163/MS";"Norte";"Atropelamento de animais";1;0;0;0;0;0;0;0;0;0;2;0;0;0;0
"14/02/2020";"06:47:00";"59";"com vítima";"479";"BR-163/MS";"Norte";"Colisão lateral no sentido contrário";1;0;0;1;0;0;0;0;0;0;2;1;0;0;0
"14/02/2020";"10:09:00";"190";"sem vítima";"502,97";"BR-163/MS";"Norte";"Colisão c/ obstáculos";1;0;0;0;0;0;0;0;0;0;2;0;0;0;0
"14/02/2020";"15:28:00";"311";"sem vítima";"491";"BR-163/MS";"Norte";"Colisão com veículos (traseira)";1;0;0;0;0;0;0;0;0;1;5;0;0;0;0
"14/02/2020";"16:39:00";"342";"sem vítima";"630,897";"BR-163/MS";"Norte";"Colisão c/ obstáculos";0;0;0;0;0;0;0;0;0;1;2;0;0;0;0
"14/02/2020";"16:50:00";"350";"sem vítima";"550";"BR-163/MS";"Norte";"Colisão lateral no mesmo sentido";0;0;0;0;0;0;0;0;0;2;2;0;0;0;0
"15/02/2020";"02:26:00";"10";"sem vítima";"491,817";"BR-163/MS";"Norte";"Colisão c/ obstáculos";1;0;0;0;0;0;0;0;0;0;1;0;0;0;0
"15/02/2020";"03:11:00";"15";"sem vítima";"248,412";"BR-163/MS";"Norte";"Colisão c/ obstáculos";1;0;0;0;0;0;0;0;0;0;1;0;0;0;0
"15/02/2020";"03:42:00";"20";"com vítima";"9,76";"BR-163/MS";"Norte";"Capotamento";1;0;0;0;0;0;0;0;0;0;0;0;1;0;0
"15/02/2020";"04:58:00";"28";"sem vítima";"34,846";"BR-163/MS";"Sul";"Colisão lateral no mesmo sentido";2;0;0;0;0;0;0;0;0;0;5;0;0;0;0
"15/02/2020";"10:59:00";"152";"sem vítima";"266";"BR-163/MS";"Norte";"Colisão com veículos (traseira)";2;0;0;0;0;0;0;0;0;0;2;0;0;0;0
"15/02/2020";"20:35:00";"356";"com vítima";"610";"BR-163/MS";"Sul";"Atropelamento de animais";0;0;0;1;0;0;0;0;0;0;0;1;0;0;0
"15/02/2020";"21:18:00";"366";"sem vítima";"282";"BR-163/MS";"Norte";"Colisão lateral no mesmo sentido";1;0;0;0;0;3;0;0;0;0;5;0;0;0;0
"16/02/2020";"00:51:00";"4";"com vítima";"611,55";"BR-163/MS";"Norte";"Atropelamento de animais";0;0;0;1;0;0;0;0;0;0;0;2;0;0;0
"16/02/2020";"10:48:00";"152";"com vítima";"721";"BR-163/MS";"Norte";"Tombamento de moto";0;0;0;1;0;0;0;0;0;0;1;0;0;1;0
"16/02/2020";"14:06:00";"215";"com vítima";"470,272";"BR-163/MS";"Norte";"Tombamento de moto";0;0;0;1;0;0;0;0;0;0;0;1;0;0;0
"16/02/2020";"16:51:00";"272";"sem vítima";"575";"BR-163/MS";"Norte";"Colisão lateral no mesmo sentido";1;0;1;0;0;0;0;0;0;0;4;0;0;0;0
"16/02/2020";"17:54:00";"301";"sem vítima";"484,409";"BR-163/MS";"Norte";"Colisão lateral no sentido contrário";0;0;0;0;0;0;0;0;0;2;3;0;0;0;0
"17/02/2020";"11:54:00";"169";"sem vítima";"90,78";"BR-163/MS";"Sul";"Saídas de pista";0;0;1;0;0;0;0;0;0;0;2;0;0;0;0
"17/02/2020";"19:37:00";"310";"sem vítima";"280";"BR-163/MS";"Sul";"Colisão c/ obstáculos";0;0;0;0;0;0;0;0;0;1;2;0;0;0;0
"17/02/2020";"19:46:00";"314";"com vítima";"519,582";"BR-163/MS";"Norte";"Capotamento";2;0;0;0;0;0;0;0;0;0;3;2;1;0;0
"17/02/2020";"21:01:00";"325";"sem vítima";"610,119";"BR-163/MS";"Norte";"Atropelamento de animais";0;0;0;0;0;0;0;0;0;1;2;0;0;0;0
"18/02/2020";"04:34:00";"22";"com vítima";"453,302";"BR-163/MS";"Sul";"Colisão lateral no mesmo sentido";1;0;1;0;0;1;0;0;0;1;8;2;0;0;0
"18/02/2020";"08:32:00";"106";"com vítima";"829,908";"BR-163/MS";"Norte";"Capotamento";0;0;0;0;0;1;0;0;0;1;1;1;0;1;0
"18/02/2020";"11:27:00";"181";"com vítima";"840,488";"BR-163/MS";"Norte";"Colisão lateral no mesmo sentido";1;0;1;0;0;1;0;0;0;0;5;0;1;0;0
"18/02/2020";"14:14:00";"221";"sem vítima";"288,104";"BR-163/MS";"Norte";"Colisão com veículos (traseira)";1;0;0;0;0;0;0;0;0;1;4;0;0;0;0
"18/02/2020";"17:24:00";"276";"sem vítima";"603,354";"BR-163/MS";"Norte";"Colisão c/ obstáculos";0;0;1;0;0;1;0;0;0;0;2;0;0;0;0
"19/02/2020";"00:18:00";"3";"com vítima";"180,759";"BR-163/MS";"Norte";"Tombamento de moto";0;0;0;1;0;0;0;0;0;0;0;1;0;0;0
"19/02/2020";"05:20:00";"33";"sem vítima";"248,477";"BR-163/MS";"Sul";"Colisão c/ obstáculos";0;0;0;0;0;0;0;0;0;1;2;0;0;0;0
"19/02/2020";"06:59:00";"59";"com vítima";"39,1";"BR-163/MS";"Sul";"Colisão lateral no mesmo sentido";0;1;0;1;0;0;0;0;0;0;1;0;1;0;0
"19/02/2020";"10:05:00";"164";"com vítima";"221";"BR-163/MS";"Norte";"Tombamento";0;0;1;0;0;1;0;0;0;1;3;0;0;1;0
"19/02/2020";"11:32:00";"206";"com vítima";"81";"BR-163/MS";"Sul";"Tombamento de moto";0;0;1;1;0;0;0;0;0;0;1;0;1;0;0
"19/02/2020";"13:38:00";"245";"com vítima";"371,137";"BR-163/MS";"Norte";"Capotamento";1;0;0;0;0;0;0;0;0;0;0;1;0;0;0
"20/02/2020";"23:18:00";"368";"sem vítima";"461,142";"BR-163/MS";"Norte";"Atropelamento de animais";1;0;0;0;0;0;0;0;0;0;5;0;0;0;0
"21/02/2020";"03:59:00";"21";"sem vítima";"40,426";"BR-163/MS";"Sul";"Tombamento";0;0;1;0;0;0;0;0;0;0;1;0;0;0;0
"21/02/2020";"04:35:00";"24";"com vítima";"506,856";"BR-163/MS";"Norte";"Capotamento";1;0;0;0;0;0;0;0;0;0;0;0;1;0;0
"21/02/2020";"14:21:00";"239";"sem vítima";"19,688";"BR-163/MS";"Norte";"Colisão com veículos (traseira)";2;0;0;0;0;0;0;0;0;0;3;0;0;0;0
"21/02/2020";"18:36:00";"319";"sem vítima";"387,142";"BR-163/MS";"Norte";"Saídas de pista";1;0;0;0;0;0;0;0;0;0;4;0;0;0;0
"21/02/2020";"20:22:00";"349";"com vítima";"776,8";"BR-163/MS";"Norte";"Capotamento";1;0;0;0;0;0;0;0;0;0;0;1;1;0;0
"22/02/2020";"01:28:00";"12";"sem vítima";"540";"BR-163/MS";"Norte";"Atropelamento de animais";1;0;0;0;0;0;0;0;0;0;2;0;0;0;0
"22/02/2020";"11:32:00";"183";"com vítima";"673,695";"BR-163/MS";"Sul";"Colisão c/ obstáculos";1;0;0;0;0;0;0;0;0;0;2;2;0;0;0
"22/02/2020";"17:47:00";"296";"com vítima";"6";"BR-163/MS";"Norte";"Tombamento de moto";0;0;0;1;0;0;0;0;0;0;0;1;1;0;0
"22/02/2020";"19:06:00";"318";"sem vítima";"451,405";"BR-163/MS";"Sul";"Atropelamento de animais";1;0;0;0;0;0;0;0;0;0;2;0;0;0;0
"23/02/2020";"05:02:00";"27";"sem vítima";"838,448";"BR-163/MS";"Sul";"Saídas de pista";0;0;0;0;0;0;0;0;0;1;1;0;0;0;0
"23/02/2020";"07:24:00";"56";"sem vítima";"659,501";"BR-163/MS";"Norte";"Colisão c/ obstáculos";0;0;0;0;0;0;0;0;0;1;1;0;0;0;0
"23/02/2020";"14:25:00";"181";"sem vítima";"807,494";"BR-163/MS";"Sul";"Capotamento";0;0;0;0;0;0;0;0;0;1;5;0;0;0;0
"23/02/2020";"17:46:00";"254";"sem vítima";"735,974";"BR-163/MS";"Norte";"Tombamento";0;0;1;0;0;2;0;0;0;0;3;0;0;0;0
"23/02/2020";"22:34:00";"306";"sem vítima";"440,914";"BR-163/MS";"Norte";"Atropelamento de animais";0;0;0;0;0;0;0;0;0;1;1;0;0;0;0
"24/02/2020";"03:15:00";"20";"sem vítima";"442,6";"BR-163/MS";"Sul";"Atropelamento de animais";1;0;0;0;0;0;0;0;0;0;2;0;0;0;0
"24/02/2020";"03:43:00";"21";"sem vítima";"442,562";"BR-163/MS";"Sul";"Atropelamento de animais";0;0;0;0;0;0;0;0;0;1;2;0;0;0;0
"24/02/2020";"13:02:00";"217";"com vítima";"263,9";"BR-163/MS";"Sul";"Colisão com veículos (traseira)";0;1;0;0;0;0;0;0;0;1;1;0;1;0;0
"24/02/2020";"13:52:00";"227";"sem vítima";"263,965";"BR-163/MS";"Norte";"Colisão com veículos (traseira)";1;0;1;0;0;0;0;0;0;0;2;0;0;0;0
"24/02/2020";"18:05:00";"330";"sem vítima";"542,873";"BR-163/MS";"Sul";"Saídas de pista";1;0;0;0;0;0;0;0;0;0;2;0;0;0;0
"24/02/2020";"18:59:00";"348";"com vítima";"24,66";"BR-163/MS";"Norte";"Tombamento de moto";0;0;2;1;0;3;0;0;0;0;5;0;1;0;1
"25/02/2020";"04:01:00";"13";"sem vítima";"181,969";"BR-163/MS";"Sul";"Saídas de pista";0;0;0;0;0;0;0;0;0;1;1;0;0;0;0
"25/02/2020";"05:08:00";"17";"com vítima";"18,543";"BR-163/MS";"Norte";"Atropelamento de pedestre";0;0;0;0;0;0;0;0;0;1;1;1;0;0;0
"25/02/2020";"16:42:00";"271";"sem vítima";"609";"BR-163/MS";"Norte";"Colisão c/ obstáculos";1;0;0;0;0;0;0;0;0;0;1;0;0;0;0
"26/02/2020";"12:01:00";"172";"com vítima";"634,46";"BR-163/MS";"Sul";"Tombamento de moto";0;0;0;1;0;0;0;0;0;0;0;2;0;0;0
"26/02/2020";"14:33:00";"221";"sem vítima";"556,133";"BR-163/MS";"Sul";"Saídas de pista";0;0;0;0;0;0;0;0;0;1;2;0;0;0;0
"26/02/2020";"18:35:00";"298";"sem vítima";"426,618";"BR-163/MS";"Norte";"Atropelamento de animais";1;0;0;0;0;0;0;0;0;0;2;0;0;0;0
"26/02/2020";"18:46:00";"301";"sem vítima";"278";"BR-163/MS";"Norte";"Capotamento";1;0;0;0;0;0;0;0;0;0;0;0;0;0;0
"26/02/2020";"18:47:00";"302";"com vítima";"680,324";"BR-163/MS";"Norte";"Colisão lateral no mesmo sentido";0;1;0;1;0;0;0;0;0;0;0;3;0;1;0
"26/02/2020";"21:08:00";"335";"sem vítima";"347";"BR-163/MS";"Norte";"Atropelamento de animais";0;0;0;0;0;0;0;0;0;1;4;0;0;0;0
"27/02/2020";"13:53:00";"265";"sem vítima";"481";"BR-163/MS";"Norte";"Colisão com veículos (traseira)";1;0;1;0;0;0;0;0;0;0;4;0;0;0;0
"27/02/2020";"22:15:00";"418";"sem vítima";"475";"BR-163/MS";"Norte";"Saídas de pista";1;0;0;0;0;0;0;0;0;0;1;0;0;0;0
"28/02/2020";"10:29:00";"187";"com vítima";"484,386";"BR-163/MS";"Norte";"Colisão lateral no mesmo sentido";0;0;1;1;0;0;0;0;0;0;1;1;0;0;0
"28/02/2020";"12:31:00";"232";"com vítima";"210,83";"BR-163/MS";"Sul";"Capotamento";1;0;0;0;0;0;0;0;0;0;0;2;0;0;0
"28/02/2020";"18:27:00";"373";"com vítima";"700,297";"BR-163/MS";"Norte";"Atropelamento de animais";0;0;0;1;0;0;0;0;0;0;0;0;1;0;0
"28/02/2020";"19:31:00";"388";"com vítima";"490,477";"BR-163/MS";"Sul";"Tombamento de moto";0;0;0;1;0;0;0;0;0;0;0;1;0;0;0
"29/02/2020";"11:41:00";"169";"com vítima";"468";"BR-163/MS";"Norte";"Colisão lateral no mesmo sentido";1;0;1;0;0;1;0;0;0;0;1;2;0;0;0
"01/03/2020";"07:09:00";"42";"sem vítima";"240,889";"BR-163/MS";"Norte";"Tombamento de moto";0;0;0;1;0;0;0;0;0;0;1;0;0;0;0
"01/03/2020";"19:30:00";"312";"sem vítima";"253,9";"BR-163/MS";"Norte";"Colisão com veículos (traseira)";2;0;0;0;0;0;0;0;0;0;7;0;0;0;0
"01/03/2020";"23:57:00";"341";"sem vítima";"388,8";"BR-163/MS";"Norte";"Atropelamento de animais";0;0;1;0;0;0;0;0;0;0;1;0;0;0;0
"02/03/2020";"16:41:00";"239";"sem vítima";"753,631";"BR-163/MS";"Norte";"Capotamento";0;0;0;0;0;0;0;0;0;1;1;0;0;0;0
"02/03/2020";"23:26:00";"349";"sem vítima";"617,147";"BR-163/MS";"Norte";"Colisão com veículos (traseira)";2;0;0;0;0;0;0;0;0;0;4;0;0;0;0
"03/03/2020";"15:44:00";"268";"sem vítima";"189,278";"BR-163/MS";"Norte";"Colisão lateral no mesmo sentido";1;0;2;0;0;3;0;0;0;0;8;0;0;0;0
"04/03/2020";"03:09:00";"17";"sem vítima";"436,279";"BR-163/MS";"Sul";"Atropelamento de animais";1;0;0;0;0;0;0;0;0;0;3;0;0;0;0
"04/03/2020";"05:57:00";"45";"sem vítima";"375,135";"BR-163/MS";"Norte";"Tombamento";0;0;0;0;0;0;0;0;0;1;1;0;0;0;0
"04/03/2020";"07:17:00";"72";"com vítima";"335";"BR-163/MS";"Norte";"Colisão com veículos (traseira)";0;0;0;0;0;0;0;0;0;1;1;1;0;0;0
"04/03/2020";"10:08:00";"186";"sem vítima";"171,494";"BR-163/MS";"Sul";"Colisão lateral no sentido contrário";1;0;1;0;0;0;0;0;0;0;5;0;0;0;0
"05/03/2020";"06:57:00";"50";"com vítima";"479,164";"BR-163/MS";"Norte";"Colisão com veículos (frontal)";0;1;0;1;0;0;0;0;0;0;0;0;0;1;1
"05/03/2020";"09:58:00";"150";"com vítima";"316";"BR-163/MS";"Sul";"Tombamento de moto";0;0;0;1;0;0;0;0;0;0;0;1;0;0;0
"05/03/2020";"14:16:00";"296";"com vítima";"476,301";"BR-163/MS";"Sul";"Outros";1;0;0;0;0;0;0;0;0;1;1;1;0;0;0
"06/03/2020";"03:35:00";"18";"sem vítima";"728,2";"BR-163/MS";"Norte";"Atropelamento de animais";0;0;1;0;0;0;0;0;0;0;1;0;0;0;0
"06/03/2020";"04:55:00";"24";"sem vítima";"741,474";"BR-163/MS";"Norte";"Atropelamento de animais";0;0;1;0;0;0;0;0;0;0;1;0;0;0;0
"06/03/2020";"05:31:00";"26";"sem vítima";"808,48";"BR-163/MS";"Sul";"Atropelamento de animais";0;0;0;0;0;0;0;0;0;1;2;0;0;0;0
"06/03/2020";"06:35:00";"37";"com vítima";"208,814";"BR-163/MS";"Norte";"Colisão com veículos (frontal)";1;0;0;1;0;0;0;0;0;0;1;1;0;0;0
"06/03/2020";"07:59:00";"70";"com vítima";"695";"BR-163/MS";"Norte";"Capotamento";1;0;0;0;0;0;0;0;0;0;2;3;0;0;0
"06/03/2020";"11:54:00";"168";"sem vítima";"357";"BR-163/MS";"Norte";"Colisão lateral no sentido contrário";0;0;0;0;0;0;0;0;0;2;2;0;0;0;0
"06/03/2020";"16:43:00";"265";"sem vítima";"3,426";"BR-163/MS";"Norte";"Colisão lateral no mesmo sentido";1;0;2;0;0;0;0;0;0;0;3;0;0;0;0
"07/03/2020";"02:31:00";"19";"com vítima";"614,827";"BR-163/MS";"Sul";"Colisão lateral no sentido contrário";1;0;0;1;0;0;0;0;0;0;0;1;1;0;0
"07/03/2020";"03:44:00";"29";"sem vítima";"609";"BR-163/MS";"Norte";"Atropelamento de animais";0;0;0;1;0;0;0;0;0;0;1;0;0;0;0
"07/03/2020";"05:05:00";"35";"sem vítima";"238,259";"BR-163/MS";"Sul";"Atropelamento de animais";1;0;0;0;0;0;0;0;0;0;3;0;0;0;0
"07/03/2020";"06:56:00";"55";"sem vítima";"288";"BR-163/MS";"Norte";"Tombamento de moto";0;0;1;1;0;0;0;0;0;0;2;0;0;0;0
"07/03/2020";"07:33:00";"67";"com vítima";"680,6";"BR-163/MS";"Norte";"Tombamento de moto";0;0;0;1;0;0;0;0;0;0;1;1;0;0;0
"07/03/2020";"11:36:00";"160";"sem vítima";"257,462";"BR-163/MS";"Norte";"Tombamento de moto";0;0;0;1;0;0;0;0;0;0;1;0;0;0;0
"07/03/2020";"17:18:00";"263";"sem vítima";"263";"BR-163/MS";"Norte";"Colisão com veículos (traseira)";0;0;1;0;0;0;0;0;0;0;1;0;0;0;0
"07/03/2020";"21:40:00";"331";"sem vítima";"94,5";"BR-163/MS";"Norte";"Colisão lateral no sentido contrário";1;0;0;0;0;1;0;0;0;0;3;0;0;0;0
"08/03/2020";"00:39:00";"6";"com vítima";"42,473";"BR-163/MS";"Norte";"Colisão com veículos (traseira)";1;0;0;0;0;1;0;0;0;0;1;1;0;0;0
"08/03/2020";"03:30:00";"23";"sem vítima";"843,772";"BR-163/MS";"Norte";"Tombamento";0;0;0;0;0;0;0;0;0;1;3;0;0;0;0
"08/03/2020";"10:03:00";"99";"sem vítima";"475";"BR-163/MS";"Norte";"Colisão com veículos (traseira)";2;0;0;0;0;0;0;0;0;0;8;0;0;0;0
"08/03/2020";"10:30:00";"106";"com vítima";"208";"BR-163/MS";"Norte";"Atropelamento de pedestre";0;1;0;0;0;1;0;0;0;0;1;1;0;0;0
"08/03/2020";"18:30:00";"253";"com vítima";"812,873";"BR-163/MS";"Sul";"Colisão lateral no sentido contrário";1;0;0;1;0;0;0;0;0;0;1;0;1;0;0
"09/03/2020";"08:43:00";"99";"com vítima";"616";"BR-163/MS";"Norte";"Colisão com veículos (frontal)";0;0;1;0;0;0;0;0;0;1;1;0;1;0;0
"09/03/2020";"16:59:00";"269";"com vítima";"258,316";"BR-163/MS";"Sul";"Colisão lateral no sentido contrário";0;1;0;0;0;0;0;0;0;1;1;1;0;0;0
"10/03/2020";"00:49:00";"4";"com vítima";"664,167";"BR-163/MS";"Norte";"Atropelamento de animais";0;0;1;0;1;0;0;0;0;0;0;36;0;0;0
"10/03/2020";"04:40:00";"21";"com vítima";"522,2";"BR-163/MS";"Sul";"Colisão com veículos (traseira)";0;0;1;0;0;0;0;0;0;1;0;2;0;0;0
"11/03/2020";"12:53:00";"210";"sem vítima";"466";"BR-163/MS";"Norte";"Saídas de pista";0;0;1;0;0;2;0;0;0;0;3;0;0;0;0
"11/03/2020";"14:35:00";"245";"com vítima";"511";"BR-163/MS";"Norte";"Capotamento";0;0;0;0;0;1;0;0;0;1;1;1;0;0;0
"11/03/2020";"15:10:00";"259";"com vítima";"682,3";"BR-163/MS";"Norte";"Colisão com veículos (traseira)";0;0;1;0;0;0;0;0;0;1;1;1;0;0;0
"12/03/2020";"08:18:00";"106";"com vítima";"700";"BR-163/MS";"Norte";"Colisão lateral no sentido contrário";1;0;0;0;0;0;0;0;0;1;0;0;3;0;0
"12/03/2020";"10:05:00";"161";"sem vítima";"126";"BR-163/MS";"Norte";"Colisão lateral no mesmo sentido";1;0;1;0;0;0;0;0;0;0;3;0;0;0;0
"13/03/2020";"11:03:00";"209";"com vítima";"484";"BR-163/MS";"Norte";"Colisão lateral no sentido contrário";0;0;0;2;0;0;0;0;0;0;1;1;0;0;0
"13/03/2020";"13:11:00";"246";"sem vítima";"294,624";"BR-163/MS";"Sul";"Colisão c/ obstáculos";1;0;0;1;0;0;0;0;0;0;3;0;0;0;0
"13/03/2020";"18:28:00";"374";"sem vítima";"219,49";"BR-163/MS";"Norte";"Saídas de pista";1;0;0;0;0;1;0;0;0;0;3;0;0;0;0
"13/03/2020";"19:14:00";"385";"sem vítima";"13,108";"BR-163/MS";"Sul";"Atropelamento de pedestre";1;0;0;0;0;0;0;0;0;0;3;0;0;0;0
"14/03/2020";"07:22:00";"47";"sem vítima";"257";"BR-163/MS";"Norte";"Colisão com veículos (traseira)";2;0;0;0;0;0;0;0;0;0;2;0;0;0;0
"14/03/2020";"10:54:00";"128";"com vítima";"282";"BR-163/MS";"Sul";"Tombamento de moto";0;0;0;1;0;0;0;0;0;0;0;1;0;0;0
"14/03/2020";"13:38:00";"175";"com vítima";"441,743";"BR-163/MS";"Norte";"Colisão com veículos (frontal)";1;0;1;0;0;1;0;0;0;0;1;1;0;0;1
"14/03/2020";"14:37:00";"194";"sem vítima";"159,24";"BR-163/MS";"Norte";"Saídas de pista";1;0;0;0;0;0;0;0;0;0;2;0;0;0;0
"14/03/2020";"18:45:00";"278";"com vítima";"663,855";"BR-163/MS";"Norte";"Tombamento de moto";0;0;0;1;0;0;0;0;0;0;0;1;0;0;0
"14/03/2020";"22:32:00";"327";"com vítima";"481";"BR-163/MS";"Sul";"Colisão lateral no mesmo sentido";0;0;1;1;0;0;0;0;0;0;1;1;0;0;0
"16/03/2020";"08:27:00";"99";"sem vítima";"283";"BR-163/MS";"Norte";"Colisão com veículos (traseira)";2;0;0;0;0;0;0;0;0;0;3;0;0;0;0
"17/03/2020";"11:11:00";"148";"com vítima";"135,11";"BR-163/MS";"Norte";"Atropelamento de pedestre";1;1;0;0;0;0;0;0;0;0;1;0;1;0;0
"17/03/2020";"13:57:00";"187";"com vítima";"842,45";"BR-163/MS";"Norte";"Capotamento";0;0;0;0;0;0;0;0;0;1;0;1;0;0;0
"17/03/2020";"14:06:00";"190";"sem vítima";"208";"BR-163/MS";"Sul";"Colisão lateral no mesmo sentido";1;0;0;0;1;0;0;0;0;0;35;0;0;0;0
"17/03/2020";"16:44:00";"250";"sem vítima";"491,885";"BR-163/MS";"Sul";"Colisão com veículos (traseira)";1;0;1;0;0;2;0;0;0;0;8;0;0;0;0