data;horario;n_da_ocorrencia;tipo_de_ocorrencia;km;trecho;sentido;tipo_de_acidente;automovel;bicicleta;caminhao;moto;onibus;outros;tracao_animal;transporte_de_cargas_especiais;trator_maquinas;utilitarios;ilesos;levemente_feridos;moderadamente_feridos;gravemente_feridos;mortos
"17/03/2020";"20:42:00";"309";"sem vítima";"185,425";"BR-163/MS";"Norte";"Colisão c/ obstáculos";0;0;0;0;0;0;0;0;0;1;2;0;0;0;0
"17/03/2020";"21:32:00";"313";"sem vítima";"139,966";"BR-163/MS";"Norte";"Atropelamento de animais";1;0;0;0;0;0;0;0;0;0;2;0;0;0;0
"18/03/2020";"15:34:00";"286";"com vítima";"88";"BR-163/MS";"Norte";"Colisão lateral no mesmo sentido";2;0;0;0;0;0;0;0;0;0;1;1;2;0;0
"18/03/2020";"17:34:00";"326";"sem vítima";"649";"BR-163/MS";"Sul";"Colisão c/ obstáculos";1;0;0;0;0;0;0;0;0;0;1;0;0;0;0
"18/03/2020";"20:12:00";"356";"com vítima";"679,767";"BR-163/MS";"Norte";"Colisão lateral no sentido contrário";0;0;0;2;0;0;0;0;0;0;0;1;0;1;0
"18/03/2020";"23:33:00";"376";"sem vítima";"555,4";"BR-163/MS";"Sul";"Atropelamento de animais";1;0;0;0;0;0;0;0;0;0;2;0;0;0;0
"19/03/2020";"08:42:00";"100";"sem vítima";"222,538";"BR-163/MS";"Sul";"Tombamento";0;0;2;0;0;4;0;0;0;0;6;0;0;0;0
"19/03/2020";"12:26:00";"186";"com vítima";"406,688";"BR-163/MS";"Sul";"Saídas de pista";1;0;0;0;0;0;0;0;0;0;2;1;0;0;0
"19/03/2020";"15:45:00";"259";"sem vítima";"334,54";"BR-163/MS";"Sul";"Saídas de pista";0;0;0;0;1;0;0;0;0;0;5;0;0;0;0
"20/03/2020";"16:26:00";"257";"com vítima";"258,714";"BR-163/MS";"Norte";"Tombamento de moto";0;0;0;1;0;0;0;0;0;0;0;1;0;0;0
"20/03/2020";"18:11:00";"291";"com vítima";"478";"BR-163/MS";"Norte";"Colisão com veículos (traseira)";0;0;0;1;0;1;0;0;0;0;1;0;1;1;0
"20/03/2020";"22:37:00";"342";"sem vítima";"397";"BR-163/MS";"Sul";"Colisão lateral no mesmo sentido";0;0;2;0;0;0;0;0;0;0;2;0;0;0;0
"21/03/2020";"00:54:00";"5";"com vítima";"280,43";"BR-163/MS";"Sul";"Colisão c/ obstáculos";1;0;0;0;0;0;0;0;0;0;1;1;0;0;0
"21/03/2020";"15:51:00";"199";"sem vítima";"756,211";"BR-163/MS";"Norte";"Colisão c/ obstáculos";1;0;0;0;0;0;0;0;0;0;3;0;0;0;0
"21/03/2020";"17:00:00";"219";"sem vítima";"520";"BR-163/MS";"Norte";"Colisão c/ obstáculos";1;0;0;0;0;0;0;0;0;0;1;0;0;0;0
"21/03/2020";"21:41:00";"263";"com vítima";"77";"BR-163/MS";"Sul";"Colisão lateral no mesmo sentido";1;0;0;1;0;0;0;0;0;0;2;1;0;0;0
"22/03/2020";"13:07:00";"127";"sem vítima";"684,782";"BR-163/MS";"Norte";"Colisão lateral no mesmo sentido";1;0;1;0;0;2;0;0;0;0;4;0;0;0;0
"23/03/2020";"09:10:00";"130";"sem vítima";"209";"BR-163/MS";"Norte";"Saídas de pista";1;0;0;0;0;0;0;0;0;0;3;0;0;0;0
"23/03/2020";"10:21:00";"160";"com vítima";"512";"BR-163/MS";"Norte";"Tombamento de moto";0;0;0;1;0;0;0;0;0;0;0;0;1;0;0
"23/03/2020";"19:58:00";"308";"sem vítima";"267,279";"BR-163/MS";"Norte";"Tombamento de moto";0;0;0;1;0;0;0;0;0;0;2;0;0;0;0
"24/03/2020";"07:38:00";"45";"com vítima";"476,2";"BR-163/MS";"Norte";"Atropelamento de pedestre";0;0;0;0;0;1;0;0;0;0;1;0;0;1;0
"24/03/2020";"13:58:00";"186";"com vítima";"482,1";"BR-163/MS";"Sul";"Colisão com veículos (frontal)";2;0;1;0;0;0;0;0;0;0;2;0;0;3;1
"24/03/2020";"17:13:00";"230";"com vítima";"260,56";"BR-163/MS";"Sul";"Tombamento de moto";0;0;0;1;0;0;0;0;0;0;0;0;1;0;0
"24/03/2020";"18:54:00";"249";"com vítima";"245,48";"BR-163/MS";"Sul";"Atropelamento de pedestre";0;1;0;0;0;1;0;0;0;0;2;0;0;0;1
"24/03/2020";"23:18:00";"284";"sem vítima";"666,207";"BR-163/MS";"Sul";"Saídas de pista";1;0;0;0;0;0;0;0;0;0;1;0;0;0;0
"25/03/2020";"10:49:00";"126";"sem vítima";"100";"BR-163/MS";"Norte";"Tombamento de moto";0;0;0;1;0;0;0;0;0;0;1;0;0;0;0
"25/03/2020";"16:39:00";"255";"com vítima";"39,8";"BR-163/MS";"Sul";"Tombamento de moto";0;0;1;1;0;0;0;0;0;0;1;1;0;0;0
"25/03/2020";"17:22:00";"273";"com vítima";"15,5";"BR-163/MS";"Sul";"Colisão com veículos (traseira)";1;0;0;1;0;0;0;0;0;0;1;1;0;0;0
"26/03/2020";"07:21:00";"54";"com vítima";"419,996";"BR-163/MS";"Norte";"Colisão com veículos (frontal)";1;0;1;0;0;1;0;0;0;0;2;0;0;1;0
"26/03/2020";"13:53:00";"175";"com vítima";"265,262";"BR-163/MS";"Norte";"Colisão c/ obstáculos";1;1;0;0;0;0;0;0;0;0;1;1;0;0;0
"26/03/2020";"19:47:00";"277";"sem vítima";"227,342";"BR-163/MS";"Sul";"Atropelamento de animais";0;0;0;0;0;0;0;0;0;1;1;0;0;0;0
"27/03/2020";"10:36:00";"158";"com vítima";"729,3";"BR-163/MS";"Norte";"Tombamento de moto";0;0;1;1;0;0;0;0;0;0;1;1;0;0;0
"27/03/2020";"17:03:00";"287";"com vítima";"490,314";"BR-163/MS";"Norte";"Colisão lateral no mesmo sentido";0;0;1;1;0;2;0;0;0;0;3;1;0;0;0
"27/03/2020";"21:42:00";"339";"com vítima";"343";"BR-163/MS";"Norte";"Colisão c/ obstáculos";0;0;0;1;0;0;0;0;0;0;0;0;1;0;0
"28/03/2020";"01:26:00";"7";"sem vítima";"66";"BR-163/MS";"Norte";"Atropelamento de animais";1;0;0;0;0;0;0;0;0;0;1;0;0;0;0
"28/03/2020";"18:51:00";"277";"com vítima";"389,662";"BR-163/MS";"Norte";"Tombamento";0;0;1;0;0;0;0;0;0;0;0;1;0;0;0
"28/03/2020";"20:25:00";"296";"sem vítima";"172";"BR-163/MS";"Norte";"Colisão com veículos (traseira)";1;0;1;0;0;0;0;0;0;0;2;0;0;0;0
"29/03/2020";"01:50:00";"7";"sem vítima";"313,644";"BR-163/MS";"Sul";"Saídas de pista";1;0;0;0;0;0;0;0;0;0;1;0;0;0;0
"29/03/2020";"18:31:00";"183";"sem vítima";"608";"BR-163/MS";"Sul";"Atropelamento de animais";1;0;0;0;0;0;0;0;0;0;1;0;0;0;0
"29/03/2020";"18:39:00";"187";"com vítima";"548";"BR-163/MS";"Norte";"Colisão lateral no mesmo sentido";1;0;0;1;0;0;0;0;0;0;2;1;0;0;0
"29/03/2020";"18:58:00";"192";"sem vítima";"456,176";"BR-163/MS";"Norte";"Atropelamento de animais";1;0;0;0;0;0;0;0;0;0;2;0;0;0;0
"29/03/2020";"22:47:00";"213";"com vítima";"415,552";"BR-163/MS";"Norte";"Colisão lateral no sentido contrário";0;0;1;0;0;0;0;0;0;1;3;1;0;0;0
"30/03/2020";"16:39:00";"209";"sem vítima";"502,782";"BR-163/MS";"Norte";"Colisão com veículos (frontal)";0;0;1;0;0;0;0;0;0;2;5;0;0;0;0
"30/03/2020";"19:46:00";"252";"sem vítima";"442,76";"BR-163/MS";"Sul";"Atropelamento de animais";1;0;0;0;0;0;0;0;0;0;2;0;0;0;0
"31/03/2020";"04:08:00";"21";"sem vítima";"198,492";"BR-163/MS";"Norte";"Tombamento";0;0;1;0;0;1;0;0;0;1;4;0;0;0;0
"31/03/2020";"04:29:00";"22";"com vítima";"738,321";"BR-163/MS";"Norte";"Tombamento";0;0;1;0;0;2;0;0;0;0;2;0;1;0;0
"31/03/2020";"10:43:00";"150";"com vítima";"280,66";"BR-163/MS";"Norte";"Tombamento de moto";0;0;0;1;0;0;0;0;0;0;0;1;0;0;0
"31/03/2020";"19:27:00";"343";"sem vítima";"775";"BR-163/MS";"Norte";"Atropelamento de animais";1;0;0;0;0;0;0;0;0;0;2;0;0;0;0
"31/03/2020";"21:10:00";"375";"sem vítima";"312";"BR-163/MS";"Norte";"Tombamento de moto";0;0;0;1;0;0;0;0;0;0;1;0;0;0;0
"01/04/2020";"18:25:00";"419";"sem vítima";"615";"BR-163/MS";"Sul";"Colisão com veículos (traseira)";1;0;0;0;0;0;0;0;0;1;3;0;0;0;0
"01/04/2020";"23:00:00";"561";"com vítima";"437";"BR-163/MS";"Sul";"Atropelamento de animais";1;0;0;0;0;0;0;0;0;0;1;1;0;0;0
"02/04/2020";"10:54:00";"269";"com vítima";"63,733";"BR-163/MS";"Sul";"Capotamento";1;0;0;0;0;0;0;0;0;0;3;3;0;0;0
"02/04/2020";"14:30:00";"411";"com vítima";"247,1";"BR-163/MS";"Norte";"Tombamento de moto";0;0;0;1;0;0;0;0;0;0;1;0;1;0;0
"02/04/2020";"20:20:00";"697";"com vítima";"313";"BR-163/MS";"Norte";"Tombamento de moto";0;0;0;1;0;0;0;0;0;0;0;1;0;0;0
"02/04/2020";"21:21:00";"726";"sem vítima";"719,925";"BR-163/MS";"Sul";"Tombamento";0;0;1;0;0;1;0;0;0;0;1;0;0;0;0
"03/04/2020";"07:36:00";"63";"sem vítima";"17,571";"BR-163/MS";"Sul";"Colisão c/ obstáculos";0;0;0;0;0;0;0;0;0;1;1;0;0;0;0
"04/04/2020";"21:40:00";"304";"com vítima";"93,95";"BR-163/MS";"Sul";"Colisão com veículos (frontal)";0;0;1;0;0;2;0;0;0;1;3;0;0;0;1
"05/04/2020";"06:23:00";"44";"sem vítima";"533,5";"BR-163/MS";"Norte";"Tombamento";1;0;1;0;0;0;0;0;0;0;4;0;0;0;0
"05/04/2020";"15:31:00";"236";"com vítima";"319,513";"BR-163/MS";"Sul";"Tombamento de moto";0;0;0;1;0;0;0;0;0;0;0;1;0;0;0
"06/04/2020";"16:26:00";"280";"sem vítima";"34,944";"BR-163/MS";"Norte";"Saídas de pista";1;0;0;0;0;0;0;0;0;0;1;0;0;0;0
"06/04/2020";"23:49:00";"365";"com vítima";"61";"BR-163/MS";"Norte";"Tombamento";0;0;1;0;0;0;0;0;0;0;0;0;1;0;0
"07/04/2020";"03:06:00";"10";"sem vítima";"670,685";"BR-163/MS";"Norte";"Saídas de pista";0;0;0;0;0;0;0;0;0;1;2;0;0;0;0
"07/04/2020";"17:51:00";"284";"com vítima";"490,49";"BR-163/MS";"Norte";"Colisão com veículos (traseira)";1;0;0;1;0;0;0;0;0;0;1;1;0;0;0
"07/04/2020";"22:57:00";"334";"sem vítima";"461";"BR-163/MS";"Norte";"Atropelamento de animais";0;0;1;0;0;0;0;0;0;0;2;0;0;0;0
"08/04/2020";"07:25:00";"59";"sem vítima";"195,193";"BR-163/MS";"Sul";"Atropelamento de animais";1;0;0;0;0;0;0;0;0;0;1;0;0;0;0
"08/04/2020";"08:49:00";"105";"sem vítima";"114,722";"BR-163/MS";"Sul";"Saídas de pista";0;0;1;0;0;1;0;0;0;0;2;0;0;0;0
"08/04/2020";"15:32:00";"247";"com vítima";"530,477";"BR-163/MS";"Sul";"Tombamento";0;0;1;0;0;0;0;0;0;0;0;1;0;0;0
"08/04/2020";"18:44:00";"306";"com vítima";"485,196";"BR-163/MS";"Sul";"Colisão lateral no mesmo sentido";0;0;0;2;0;0;0;0;0;0;0;2;0;0;0
"08/04/2020";"21:28:00";"333";"com vítima";"219,552";"BR-163/MS";"Sul";"Colisão c/ obstáculos";0;0;1;1;0;2;0;0;0;0;3;0;0;1;0
"08/04/2020";"21:59:00";"336";"com vítima";"219,552";"BR-163/MS";"Sul";"Saídas de pista";0;0;0;1;0;0;0;0;0;0;0;1;0;0;0
"09/04/2020";"00:01:00";"1";"sem vítima";"250,435";"BR-163/MS";"Sul";"Saídas de pista";0;0;0;0;0;0;0;0;0;1;3;0;0;0;0
"09/04/2020";"18:49:00";"321";"sem vítima";"169,502";"BR-163/MS";"Sul";"Atropelamento de animais";1;0;0;0;0;0;0;0;0;0;2;0;0;0;0
"09/04/2020";"19:00:00";"324";"sem vítima";"18,18";"BR-163/MS";"Norte";"Saídas de pista";1;0;0;0;0;0;0;0;0;0;1;0;0;0;0
"10/04/2020";"03:39:00";"22";"sem vítima";"451,952";"BR-163/MS";"Sul";"Atropelamento de animais";0;0;1;0;0;0;0;0;0;0;1;0;0;0;0
"10/04/2020";"12:14:00";"138";"com vítima";"481,134";"BR-163/MS";"Norte";"Tombamento de moto";0;0;0;1;0;0;0;0;0;0;0;1;0;0;0
"10/04/2020";"16:21:00";"221";"com vítima";"680,354";"BR-163/MS";"Norte";"Tombamento";0;1;0;0;0;0;0;0;0;0;0;2;0;0;0
"10/04/2020";"19:13:00";"256";"com vítima";"322,8";"BR-163/MS";"Norte";"Colisão c/ obstáculos";0;1;0;0;0;0;0;0;0;0;0;1;0;0;0
"11/04/2020";"11:25:00";"127";"com vítima";"473,625";"BR-163/MS";"Norte";"Capotamento";0;0;1;0;0;0;0;0;0;0;1;1;0;0;0
"11/04/2020";"20:58:00";"237";"sem vítima";"624,298";"BR-163/MS";"Norte";"Colisão c/ obstáculos";1;0;1;0;0;0;0;0;0;0;3;0;0;0;0
"12/04/2020";"19:22:00";"219";"sem vítima";"405,308";"BR-163/MS";"Norte";"Atropelamento de animais";1;0;0;0;0;0;0;0;0;0;3;0;0;0;0
"12/04/2020";"21:28:00";"243";"sem vítima";"139,6";"BR-163/MS";"Norte";"Saídas de pista";0;0;0;0;0;0;0;0;0;1;2;0;0;0;0
"13/04/2020";"07:11:00";"48";"com vítima";"680,5";"BR-163/MS";"Sul";"Colisão lateral no sentido contrário";1;0;1;0;0;0;0;0;0;0;1;1;0;0;0
"13/04/2020";"10:14:00";"140";"com vítima";"445,131";"BR-163/MS";"Norte";"Engavetamento";2;0;0;0;0;1;0;0;0;0;6;1;0;0;0
"13/04/2020";"22:23:00";"339";"sem vítima";"276,325";"BR-163/MS";"Norte";"Saídas de pista";1;0;0;0;0;0;0;0;0;0;1;0;0;0;0
"14/04/2020";"02:27:00";"15";"sem vítima";"238,15";"BR-163/MS";"Norte";"Atropelamento de animais";0;0;0;0;0;0;0;0;0;1;1;0;0;0;0
"14/04/2020";"04:03:00";"24";"sem vítima";"600";"BR-163/MS";"Norte";"Saídas de pista";0;0;1;0;0;1;0;0;0;0;2;0;0;0;0
"14/04/2020";"04:48:00";"27";"com vítima";"315,696";"BR-163/MS";"Norte";"Tombamento de moto";0;0;0;1;0;0;0;0;0;0;0;1;0;0;0
"14/04/2020";"08:07:00";"82";"sem vítima";"267,828";"BR-163/MS";"Norte";"Colisão com veículos (traseira)";1;0;0;0;0;1;0;0;0;0;3;0;0;0;0
"14/04/2020";"18:13:00";"282";"com vítima";"260,487";"BR-163/MS";"Norte";"Colisão com veículos (traseira)";1;0;0;1;0;0;0;0;0;0;1;1;0;0;0
"14/04/2020";"19:23:00";"298";"sem vítima";"294,5";"BR-163/MS";"Sul";"Atropelamento de animais";0;0;0;0;0;0;0;0;0;1;1;0;0;0;0
"14/04/2020";"21:50:00";"333";"sem vítima";"239,363";"BR-163/MS";"Sul";"Atropelamento de animais";1;0;0;0;0;0;0;0;0;0;2;0;0;0;0
"14/04/2020";"22:21:00";"342";"com vítima";"11,3";"BR-163/MS";"Norte";"Atropelamento de pedestre";0;0;0;1;0;0;0;0;0;0;0;1;1;0;0
"15/04/2020";"10:26:00";"179";"sem vítima";"697";"BR-163/MS";"Sul";"Colisão com veículos (traseira)";0;0;2;0;0;1;0;0;0;0;4;0;0;0;0
"15/04/2020";"14:03:00";"242";"com vítima";"103,929";"BR-163/MS";"Norte";"Tombamento de moto";0;0;0;1;0;0;0;0;0;0;0;1;0;0;0
"16/04/2020";"19:22:00";"329";"sem vítima";"808,521";"BR-163/MS";"Norte";"Tombamento";0;0;1;0;0;1;0;0;0;0;2;0;0;0;0
"17/04/2020";"07:49:00";"69";"com vítima";"117,692";"BR-163/MS";"Norte";"Colisão lateral no mesmo sentido";0;0;1;1;0;0;0;0;0;0;1;1;0;0;0
"17/04/2020";"18:22:00";"284";"com vítima";"182,48";"BR-163/MS";"Norte";"Saídas de pista";1;0;0;0;0;0;0;0;0;0;0;3;0;0;0
"17/04/2020";"18:44:00";"289";"sem vítima";"298";"BR-163/MS";"Norte";"Atropelamento de animais";1;0;0;0;0;0;0;0;0;0;3;0;0;0;0
"18/04/2020";"16:27:00";"268";"com vítima";"98,61";"BR-163/MS";"Norte";"Colisão com veículos (traseira)";1;0;0;0;0;1;0;0;0;0;2;1;0;0;0
"18/04/2020";"20:28:00";"324";"sem vítima";"10,66";"BR-163/MS";"Sul";"Colisão lateral no sentido contrário";0;0;1;0;0;1;0;0;0;1;3;0;0;0;0
"19/04/2020";"00:35:00";"8";"com vítima";"264,908";"BR-163/MS";"Norte";"Colisão c/ obstáculos";0;0;0;0;0;0;0;0;0;1;0;0;0;1;0
"19/04/2020";"11:33:00";"117";"sem vítima";"456,602";"BR-163/MS";"Norte";"Capotamento";1;0;0;0;0;0;0;0;0;0;1;0;0;0;0
"19/04/2020";"19:16:00";"257";"com vítima";"616,275";"BR-163/MS";"Sul";"Tombamento de moto";0;0;1;1;0;0;0;0;0;0;1;1;0;0;0
"19/04/2020";"19:32:00";"262";"com vítima";"462,846";"BR-163/MS";"Sul";"Atropelamento de pedestre";0;0;0;1;0;0;0;0;0;0;1;0;1;0;0
"19/04/2020";"20:38:00";"270";"sem vítima";"278,7";"BR-163/MS";"Sul";"Colisão c/ obstáculos";1;0;0;0;0;0;0;0;0;0;1;0;0;0;0
"19/04/2020";"20:52:00";"271";"sem vítima";"246";"BR-163/MS";"Norte";"Saídas de pista";0;0;0;0;0;0;0;0;0;1;1;0;0;0;0
"20/04/2020";"00:39:00";"10";"sem vítima";"715,737";"BR-163/MS";"Sul";"Atropelamento de animais";0;0;0;0;0;0;0;0;0;1;5;0;0;0;0
"20/04/2020";"13:54:00";"213";"com vítima";"258,38";"BR-163/MS";"Sul";"Colisão c/ obstáculos";1;1;0;0;0;0;0;0;0;0;1;0;1;0;0
"20/04/2020";"15:02:00";"230";"com vítima";"77,7";"BR-163/MS";"Sul";"Colisão lateral no mesmo sentido";1;0;0;1;0;0;0;0;0;0;3;0;0;1;0
"20/04/2020";"18:32:00";"280";"com vítima";"722";"BR-163/MS";"Norte";"Tombamento";0;1;0;0;0;0;0;0;0;0;0;1;0;0;0
"20/04/2020";"18:45:00";"282";"sem vítima";"448,6";"BR-163/MS";"Sul";"Atropelamento de animais";1;0;0;0;0;0;0;0;0;0;1;0;0;0;0
"20/04/2020";"18:51:00";"283";"sem vítima";"256,604";"BR-163/MS";"Norte";"Saídas de pista";1;0;0;0;0;0;0;0;0;0;1;0;0;0;0
"20/04/2020";"20:21:00";"302";"sem vítima";"525,3";"BR-163/MS";"Sul";"Atropelamento de animais";1;0;0;0;0;0;0;0;0;0;1;0;0;0;0
"21/04/2020";"08:08:00";"68";"com vítima";"552,163";"BR-163/MS";"Norte";"Capotamento";0;0;1;0;0;1;0;0;0;1;1;6;0;0;0
"21/04/2020";"19:04:00";"219";"com vítima";"256,9";"BR-163/MS";"Norte";"Colisão com veículos (frontal)";1;1;0;0;0;0;0;0;0;0;0;2;0;1;0
"21/04/2020";"19:21:00";"220";"com vítima";"78";"BR-163/MS";"Norte";"Atropelamento de pedestre";0;0;0;1;0;0;0;0;0;0;1;2;0;0;0
"21/04/2020";"20:35:00";"237";"sem vítima";"770,308";"BR-163/MS";"Sul";"Atropelamento de animais";0;0;0;0;0;0;0;0;0;1;3;0;0;0;0
"22/04/2020";"08:58:00";"109";"sem vítima";"667";"BR-163/MS";"Sul";"Colisão c/ obstáculos";0;0;1;0;0;0;0;0;0;0;1;0;0;0;0
"22/04/2020";"16:20:00";"255";"com vítima";"485";"BR-163/MS";"Norte";"Tombamento de moto";0;0;0;1;0;1;0;0;0;0;1;1;0;0;0
"22/04/2020";"16:51:00";"263";"sem vítima";"83,559";"BR-163/MS";"Sul";"Tombamento de moto";0;0;1;1;0;0;0;0;0;0;2;0;0;0;0
"23/04/2020";"02:00:00";"19";"sem vítima";"271,5";"BR-163/MS";"Sul";"Atropelamento de animais";0;0;0;0;0;0;0;0;0;1;1;0;0;0;0
"23/04/2020";"16:18:00";"279";"com vítima";"258,721";"BR-163/MS";"Norte";"Tombamento de moto";0;0;0;1;0;0;0;0;0;0;0;1;0;0;0
"23/04/2020";"19:36:00";"339";"sem vítima";"258,211";"BR-163/MS";"Sul";"Colisão lateral no mesmo sentido";1;0;0;1;0;0;0;0;0;0;4;0;0;0;0
"24/04/2020";"17:36:00";"314";"sem vítima";"690,793";"BR-163/MS";"Norte";"Tombamento";0;0;1;0;0;0;0;0;0;0;1;0;0;0;0
"24/04/2020";"19:30:00";"341";"com vítima";"264";"BR-163/MS";"Norte";"Tombamento";0;1;0;0;0;0;0;0;0;0;0;1;0;0;0
"24/04/2020";"20:03:00";"347";"sem vítima";"320,818";"BR-163/MS";"Sul";"Atropelamento de animais";1;0;0;0;0;0;0;0;0;0;1;0;0;0;0
"25/04/2020";"07:38:00";"81";"sem vítima";"480,751";"BR-163/MS";"Sul";"Colisão lateral no mesmo sentido";2;0;0;0;0;0;0;0;0;0;2;0;0;0;0
"26/04/2020";"04:58:00";"29";"sem vítima";"90,754";"BR-163/MS";"Norte";"Colisão c/ obstáculos";1;0;0;0;0;0;0;0;0;0;1;0;0;0;0
"26/04/2020";"06:37:00";"38";"sem vítima";"482,447";"BR-163/MS";"Sul";"Colisão lateral no mesmo sentido";1;0;1;0;0;0;0;0;0;0;6;0;0;0;0
"26/04/2020";"10:15:00";"118";"sem vítima";"511,182";"BR-163/MS";"Sul";"Colisão lateral no mesmo sentido";1;0;0;0;0;0;0;0;0;1;7;0;0;0;0
"26/04/2020";"21:11:00";"270";"sem vítima";"55,9";"BR-163/MS";"Norte";"Atropelamento de animais";0;0;0;0;0;0;0;0;0;1;1;0;0;0;0
"27/04/2020";"04:54:00";"27";"sem vítima";"658,479";"BR-163/MS";"Sul";"Colisão com veículos (traseira)";0;0;1;0;0;0;0;0;0;1;6;0;0;0;0
"27/04/2020";"17:23:00";"271";"com vítima";"484,828";"BR-163/MS";"Sul";"Colisão lateral no sentido contrário";0;1;0;1;0;1;0;0;0;0;1;0;2;1;0
"27/04/2020";"19:42:00";"311";"com vítima";"833,954";"BR-163/MS";"Sul";"Tombamento";0;0;0;1;0;0;0;0;0;0;0;1;0;0;0
"27/04/2020";"20:18:00";"325";"sem vítima";"723,399";"BR-163/MS";"Norte";"Atropelamento de animais";1;0;0;0;0;0;0;0;0;0;3;0;0;0;0
"28/04/2020";"01:56:00";"16";"sem vítima";"294,5";"BR-163/MS";"Sul";"Atropelamento de animais";1;0;0;0;0;0;0;0;0;0;1;0;0;0;0
"28/04/2020";"07:33:00";"76";"com vítima";"103,67";"BR-163/MS";"Sul";"Tombamento";0;0;1;0;0;1;0;0;0;0;1;1;0;0;0
"28/04/2020";"11:51:00";"189";"com vítima";"490,541";"BR-163/MS";"Norte";"Tombamento de moto";0;0;0;1;0;0;0;0;0;0;0;1;0;0;0
"28/04/2020";"19:01:00";"316";"com vítima";"490";"BR-163/MS";"Norte";"Colisão com veículos (traseira)";0;0;0;1;0;0;0;0;0;1;1;1;0;0;0
"28/04/2020";"20:22:00";"338";"sem vítima";"425";"BR-163/MS";"Norte";"Atropelamento de animais";1;0;0;0;0;0;0;0;0;0;2;0;0;0;0
"28/04/2020";"20:29:00";"340";"sem vítima";"456";"BR-163/MS";"Norte";"Atropelamento de animais";0;0;2;0;0;0;0;0;0;0;3;0;0;0;0
"29/04/2020";"05:21:00";"44";"com vítima";"492,704";"BR-163/MS";"Sul";"Colisão com veículos (frontal)";1;0;1;0;0;1;0;0;0;0;2;0;2;0;0
"29/04/2020";"06:35:00";"59";"com vítima";"333,873";"BR-163/MS";"Sul";"Colisão c/ obstáculos";0;0;1;0;0;2;0;0;0;0;2;1;0;0;0
"29/04/2020";"17:52:00";"294";"com vítima";"482,606";"BR-163/MS";"Sul";"Atropelamento de animais";0;0;0;1;0;0;0;0;0;0;0;0;1;0;0
"30/04/2020";"17:44:00";"305";"sem vítima";"194,742";"BR-163/MS";"Norte";"Colisão lateral no mesmo sentido";1;0;1;0;0;2;0;0;0;0;5;0;0;0;0
"01/05/2020";"10:36:00";"129";"sem vítima";"656";"BR-163/MS";"Norte";"Colisão lateral no mesmo sentido";1;0;0;0;0;0;0;0;0;1;7;0;0;0;0
"01/05/2020";"15:12:00";"200";"sem vítima";"316,657";"BR-163/MS";"Norte";"Saídas de pista";1;0;0;0;0;0;0;0;0;0;1;0;0;0;0
"01/05/2020";"15:19:00";"203";"com vítima";"484";"BR-163/MS";"Sul";"Tombamento de moto";0;0;0;1;0;0;0;0;0;0;0;1;0;0;0
"01/05/2020";"16:06:00";"217";"com vítima";"439";"BR-163/MS";"Sul";"Colisão com veículos (frontal)";0;0;0;1;0;0;0;0;0;1;1;0;0;1;0
"01/05/2020";"18:47:00";"265";"sem vítima";"660,6";"BR-163/MS";"Norte";"Colisão com veículos (traseira)";0;0;1;0;0;2;0;0;0;1;4;0;0;0;0
"01/05/2020";"18:49:00";"267";"com vítima";"465";"BR-163/MS";"Norte";"Atropelamento de pedestre";0;0;0;0;0;0;0;0;0;1;1;0;1;0;0
"02/05/2020";"08:34:00";"110";"com vítima";"500,896";"BR-163/MS";"Sul";"Colisão c/ obstáculos";1;0;0;0;0;0;0;0;0;0;0;1;1;0;0
"02/05/2020";"18:25:00";"269";"com vítima";"375";"BR-163/MS";"Norte";"Capotamento";1;0;0;0;0;0;0;0;0;0;0;2;0;0;0
"02/05/2020";"18:35:00";"272";"sem vítima";"80,225";"BR-163/MS";"Sul";"Atropelamento de animais";0;0;1;0;0;0;0;0;0;0;1;0;0;0;0
"02/05/2020";"19:05:00";"279";"sem vítima";"391,346";"BR-163/MS";"Sul";"Atropelamento de animais";1;0;0;0;0;0;0;0;0;0;3;0;0;0;0
"03/05/2020";"00:37:00";"14";"sem vítima";"420,363";"BR-163/MS";"Norte";"Colisão c/ obstáculos";1;0;0;0;0;0;0;0;0;0;2;0;0;0;0
"03/05/2020";"00:40:00";"15";"sem vítima";"579,9";"BR-163/MS";"Sul";"Colisão c/ obstáculos";1;0;0;0;0;0;0;0;0;0;1;0;0;0;0
"03/05/2020";"03:15:00";"24";"sem vítima";"207";"BR-163/MS";"Sul";"Tombamento";1;0;0;0;0;0;0;0;0;0;3;0;0;0;0
"03/05/2020";"10:34:00";"137";"com vítima";"838,225";"BR-163/MS";"Sul";"Tombamento";0;0;1;0;0;1;0;0;0;0;1;1;0;0;0
"03/05/2020";"16:29:00";"209";"com vítima";"496,516";"BR-163/MS";"Sul";"Tombamento de moto";0;0;0;1;0;0;0;0;0;0;0;2;0;0;0
"03/05/2020";"18:36:00";"245";"sem vítima";"205,437";"BR-163/MS";"Norte";"Saídas de pista";1;0;0;0;0;0;0;0;0;0;1;0;0;0;0
"03/05/2020";"20:03:00";"274";"sem vítima";"438,79";"BR-163/MS";"Norte";"Atropelamento de animais";1;0;0;0;0;0;0;0;0;0;4;0;0;0;0