data;horario;n_da_ocorrencia;tipo_de_ocorrencia;km;trecho;sentido;tipo_de_acidente;automovel;bicicleta;caminhao;moto;onibus;outros;tracao_animal;transporte_de_cargas_especiais;trator_maquinas;utilitarios;ilesos;levemente_feridos;moderadamente_feridos;gravemente_feridos;mortos
"04/05/2020";"14:15:00";"215";"sem vítima";"247";"BR-163/MS";"Norte";"Colisão com veículos (traseira)";1;0;0;0;0;0;0;0;0;1;2;0;0;0;0
"04/05/2020";"22:28:00";"316";"sem vítima";"186,7";"BR-163/MS";"Norte";"Capotamento";1;0;0;0;0;0;0;0;0;0;1;0;0;0;0
"05/05/2020";"07:47:00";"95";"sem vítima";"732,5";"BR-163/MS";"Norte";"Saídas de pista";1;0;0;0;0;0;0;0;0;0;1;0;0;0;0
"05/05/2020";"16:06:00";"270";"sem vítima";"485";"BR-163/MS";"Norte";"Colisão com veículos (traseira)";1;0;0;0;0;0;0;0;0;1;1;0;0;0;0
"06/05/2020";"15:05:00";"230";"com vítima";"341,514";"BR-163/MS";"Sul";"Colisão com veículos (traseira)";0;0;1;0;0;0;0;0;0;1;6;1;0;0;0
"06/05/2020";"19:01:00";"296";"com vítima";"484";"BR-163/MS";"Norte";"Colisão lateral no sentido contrário";1;0;1;0;0;0;0;0;0;0;1;2;0;0;0
"07/05/2020";"12:24:00";"190";"sem vítima";"316,85";"BR-163/MS";"Norte";"Tombamento";0;0;1;0;0;2;0;0;0;0;3;0;0;0;0
"08/05/2020";"01:20:00";"18";"com vítima";"631,64";"BR-163/MS";"Sul";"Tombamento";0;0;1;0;0;2;0;0;0;0;2;1;0;0;0
"08/05/2020";"08:06:00";"93";"com vítima";"505,93";"BR-163/MS";"Norte";"Tombamento de moto";0;0;0;1;0;0;0;0;0;0;0;1;0;0;0
"08/05/2020";"11:28:00";"188";"com vítima";"582,231";"BR-163/MS";"Sul";"Colisão c/ obstáculos";1;0;0;0;0;0;0;0;0;0;0;1;0;0;0
"08/05/2020";"15:56:00";"273";"sem vítima";"18,7";"BR-163/MS";"Norte";"Atropelamento de pedestre";0;0;0;1;0;0;0;0;0;0;2;0;0;0;0
"08/05/2020";"19:20:00";"328";"sem vítima";"721,57";"BR-163/MS";"Sul";"Saídas de pista";1;0;0;0;0;0;0;0;0;0;2;0;0;0;0
"08/05/2020";"19:38:00";"331";"sem vítima";"25,8";"BR-163/MS";"Norte";"Atropelamento de animais";1;0;0;0;0;0;0;0;0;0;3;0;0;0;0
"09/05/2020";"11:36:00";"167";"sem vítima";"505,355";"BR-163/MS";"Norte";"Capotamento";0;0;0;0;0;0;0;0;0;1;1;0;0;0;0
"09/05/2020";"13:18:00";"191";"com vítima";"415,92";"BR-163/MS";"Sul";"Capotamento";1;0;0;0;0;1;0;0;0;0;1;2;0;0;0
"09/05/2020";"17:32:00";"249";"sem vítima";"565";"BR-163/MS";"Norte";"Outros";0;0;0;1;0;0;0;0;0;0;1;0;0;0;0
"09/05/2020";"19:04:00";"271";"sem vítima";"102";"BR-163/MS";"Sul";"Tombamento";0;0;1;0;0;2;0;0;0;0;3;0;0;0;0
"10/05/2020";"09:31:00";"111";"com vítima";"786,648";"BR-163/MS";"Sul";"Colisão lateral no sentido contrário";0;0;1;1;0;1;0;0;0;0;2;0;0;0;1
"10/05/2020";"19:46:00";"276";"com vítima";"728,594";"BR-163/MS";"Norte";"Atropelamento de pedestre";0;0;1;0;0;2;0;0;0;0;3;0;0;0;1
"11/05/2020";"18:45:00";"312";"sem vítima";"512,582";"BR-163/MS";"Sul";"Saídas de pista";1;0;0;0;0;0;0;0;0;0;2;0;0;0;0
"12/05/2020";"07:40:00";"70";"com vítima";"484,804";"BR-163/MS";"Norte";"Colisão com veículos (traseira)";0;0;1;0;0;1;0;0;0;0;1;1;0;0;0
"12/05/2020";"10:46:00";"164";"sem vítima";"476,754";"BR-163/MS";"Sul";"Colisão c/ obstáculos";0;0;1;0;0;1;0;0;0;0;2;0;0;0;0
"12/05/2020";"21:42:00";"340";"com vítima";"360,874";"BR-163/MS";"Norte";"Tombamento";0;0;1;0;0;2;0;0;0;0;2;1;0;0;0
"13/05/2020";"03:53:00";"18";"sem vítima";"53,388";"BR-163/MS";"Norte";"Saídas de pista";0;0;0;0;0;1;0;0;0;1;3;0;0;0;0
"13/05/2020";"09:26:00";"121";"com vítima";"655,73";"BR-163/MS";"Sul";"Capotamento";1;0;0;0;0;0;0;0;0;0;4;3;0;0;0
"13/05/2020";"14:17:00";"197";"com vítima";"6,647";"BR-163/MS";"Sul";"Capotamento";0;0;0;0;0;0;0;0;0;1;1;1;0;0;0
"13/05/2020";"15:38:00";"231";"sem vítima";"670,659";"BR-163/MS";"Sul";"Colisão c/ obstáculos";1;0;0;0;0;0;0;0;0;0;1;0;0;0;0
"14/05/2020";"01:29:00";"13";"sem vítima";"201,626";"BR-163/MS";"Sul";"Saídas de pista";0;0;1;0;0;2;0;0;0;0;3;0;0;0;0
"14/05/2020";"08:40:00";"119";"com vítima";"462,789";"BR-163/MS";"Norte";"Colisão lateral no sentido contrário";1;0;0;0;0;0;0;0;0;1;4;0;1;0;0
"14/05/2020";"19:21:00";"385";"com vítima";"476,88";"BR-163/MS";"Norte";"Colisão c/ obstáculos";0;0;0;2;0;2;0;0;0;0;3;1;0;0;1
"14/05/2020";"20:42:00";"400";"sem vítima";"373";"BR-163/MS";"Norte";"Outros";0;0;1;0;0;0;0;0;0;0;1;0;0;0;0
"15/05/2020";"18:10:00";"387";"com vítima";"267";"BR-163/MS";"Norte";"Tombamento";0;1;0;0;0;0;0;0;0;0;0;1;0;0;0
"15/05/2020";"18:50:00";"401";"sem vítima";"492";"BR-163/MS";"Norte";"Colisão lateral no mesmo sentido";1;0;0;0;0;1;0;0;0;0;2;0;0;0;0
"16/05/2020";"08:31:00";"102";"com vítima";"463";"BR-163/MS";"Sul";"Tombamento de moto";0;0;0;1;0;0;0;0;0;0;0;1;0;0;0
"16/05/2020";"15:55:00";"252";"com vítima";"735,678";"BR-163/MS";"Norte";"Tombamento";0;0;1;0;0;2;0;0;0;0;2;1;0;0;0
"16/05/2020";"19:19:00";"302";"sem vítima";"473,724";"BR-163/MS";"Sul";"Colisão lateral no mesmo sentido";1;0;1;0;0;0;0;0;0;0;2;0;0;0;0
"16/05/2020";"19:48:00";"309";"sem vítima";"261,742";"BR-163/MS";"Norte";"Colisão com veículos (traseira)";0;0;1;0;0;0;0;0;0;1;3;0;0;0;0
"17/05/2020";"01:03:00";"14";"com vítima";"481,656";"BR-163/MS";"Norte";"Colisão lateral no mesmo sentido";1;0;1;0;0;0;0;0;0;0;2;0;0;1;0
"17/05/2020";"08:32:00";"80";"com vítima";"255";"BR-163/MS";"Norte";"Tombamento de moto";0;0;0;1;0;0;0;0;0;0;0;0;1;0;0
"18/05/2020";"11:07:00";"171";"com vítima";"660,6";"BR-163/MS";"Norte";"Tombamento de moto";0;0;0;1;0;0;0;0;0;0;0;0;0;1;0
"18/05/2020";"13:51:00";"219";"com vítima";"41,51";"BR-163/MS";"Sul";"Atropelamento de pedestre";0;0;1;0;0;2;0;0;0;0;2;1;0;0;1
"19/05/2020";"04:46:00";"28";"com vítima";"477,776";"BR-163/MS";"Norte";"Colisão lateral no mesmo sentido";0;0;1;1;0;1;0;0;0;0;2;0;1;0;0
"20/05/2020";"06:56:00";"41";"com vítima";"77,595";"BR-163/MS";"Norte";"Tombamento de moto";0;0;0;1;0;1;0;0;0;0;1;1;0;0;0
"20/05/2020";"10:11:00";"182";"com vítima";"680";"BR-163/MS";"Norte";"Colisão com veículos (frontal)";0;0;1;1;0;0;0;0;0;0;1;0;1;0;0
"21/05/2020";"17:26:00";"390";"sem vítima";"191";"BR-163/MS";"Sul";"Colisão lateral no mesmo sentido";1;0;1;0;0;1;0;0;0;0;6;0;0;0;0
"21/05/2020";"23:30:00";"448";"sem vítima";"189,812";"BR-163/MS";"Sul";"Colisão c/ obstáculos";0;0;0;0;0;0;0;0;0;1;1;0;0;0;0
"22/05/2020";"17:23:00";"313";"sem vítima";"610,993";"BR-163/MS";"Norte";"Saídas de pista";1;0;0;0;0;0;0;0;0;0;1;0;0;0;0
"22/05/2020";"20:05:00";"338";"sem vítima";"479";"BR-163/MS";"Norte";"Colisão com veículos (traseira)";2;0;0;1;0;0;0;0;0;0;5;0;0;0;0
"23/05/2020";"01:14:00";"6";"sem vítima";"498,569";"BR-163/MS";"Norte";"Saídas de pista";0;0;0;1;0;0;0;0;0;0;1;0;0;0;0
"24/05/2020";"09:28:00";"97";"sem vítima";"379,27";"BR-163/MS";"Sul";"Tombamento";0;0;2;0;0;1;0;0;0;0;3;0;0;0;0
"24/05/2020";"14:13:00";"162";"com vítima";"485,456";"BR-163/MS";"Norte";"Colisão lateral no sentido contrário";0;0;1;0;0;2;0;0;0;1;3;2;0;0;0
"24/05/2020";"15:37:00";"183";"sem vítima";"473,624";"BR-163/MS";"Sul";"Capotamento";0;0;0;0;0;0;0;0;0;1;1;0;0;0;0
"24/05/2020";"17:24:00";"211";"com vítima";"2,281";"BR-163/MS";"Sul";"Tombamento de moto";0;0;0;1;0;0;0;0;0;0;0;1;1;0;0
"24/05/2020";"18:12:00";"222";"sem vítima";"261,31";"BR-163/MS";"Sul";"Saídas de pista";1;0;0;0;0;0;0;0;0;0;1;0;0;0;0
"24/05/2020";"19:42:00";"239";"sem vítima";"17,665";"BR-163/MS";"Norte";"Atropelamento de animais";0;0;1;0;0;1;0;0;0;0;2;0;0;0;0
"24/05/2020";"20:38:00";"246";"sem vítima";"690,4";"BR-163/MS";"Norte";"Atropelamento de animais";1;0;0;0;0;0;0;0;0;0;4;0;0;0;0
"24/05/2020";"20:59:00";"249";"sem vítima";"694";"BR-163/MS";"Norte";"Outros";1;0;0;0;0;0;0;0;0;0;1;0;0;0;0
"25/05/2020";"12:09:00";"180";"sem vítima";"147,185";"BR-163/MS";"Sul";"Saídas de pista";1;0;0;0;0;0;0;0;0;0;1;0;0;0;0
"25/05/2020";"17:27:00";"267";"com vítima";"840,842";"BR-163/MS";"Norte";"Tombamento";0;0;1;0;0;1;0;0;0;0;1;1;0;0;0
"25/05/2020";"23:38:00";"336";"sem vítima";"176,417";"BR-163/MS";"Norte";"Atropelamento de animais";1;0;0;0;0;0;0;0;0;0;3;0;0;0;0
"26/05/2020";"01:25:00";"7";"com vítima";"403,935";"BR-163/MS";"Norte";"Saídas de pista";0;0;1;0;0;0;0;0;0;0;0;1;0;0;0
"26/05/2020";"09:10:00";"130";"sem vítima";"270";"BR-163/MS";"Norte";"Colisão com veículos (traseira)";2;0;0;0;0;0;0;0;0;0;4;0;0;0;0
"26/05/2020";"16:28:00";"280";"sem vítima";"37,45";"BR-163/MS";"Norte";"Colisão com veículos (traseira)";0;0;2;0;0;0;0;0;0;0;2;0;0;0;0
"27/05/2020";"20:56:00";"407";"sem vítima";"215";"BR-163/MS";"Sul";"Saídas de pista";0;0;1;0;0;2;0;0;0;0;3;0;0;0;0
"27/05/2020";"21:56:00";"415";"sem vítima";"460";"BR-163/MS";"Norte";"Atropelamento de animais";0;0;0;0;0;0;0;0;0;1;4;0;0;0;0
"28/05/2020";"07:08:00";"60";"sem vítima";"260,558";"BR-163/MS";"Norte";"Saídas de pista";1;0;0;0;0;0;0;0;0;0;1;0;0;0;0
"28/05/2020";"07:49:00";"93";"com vítima";"274,699";"BR-163/MS";"Norte";"Colisão lateral no sentido contrário";0;0;0;0;0;0;0;0;0;2;3;1;0;0;0
"28/05/2020";"14:40:00";"279";"sem vítima";"565,9";"BR-163/MS";"Sul";"Colisão com veículos (traseira)";0;0;3;0;0;0;0;0;0;0;3;0;0;0;0
"28/05/2020";"14:57:00";"290";"sem vítima";"565,89";"BR-163/MS";"Sul";"Colisão c/ obstáculos";1;0;0;0;0;0;0;0;0;0;4;0;0;0;0
"28/05/2020";"18:51:00";"353";"sem vítima";"731";"BR-163/MS";"Sul";"Atropelamento de animais";1;0;0;0;0;0;0;0;0;0;1;0;0;0;0
"29/05/2020";"07:49:00";"78";"com vítima";"484,394";"BR-163/MS";"Sul";"Colisão lateral no sentido contrário";1;0;0;1;0;0;0;0;0;0;1;1;0;0;0
"29/05/2020";"07:59:00";"87";"com vítima";"490,47";"BR-163/MS";"Norte";"Colisão lateral no mesmo sentido";1;0;0;1;0;0;0;0;0;0;1;1;0;0;0
"29/05/2020";"20:38:00";"337";"sem vítima";"751,583";"BR-163/MS";"Sul";"Atropelamento de animais";0;0;1;0;0;2;0;0;0;0;3;0;0;0;0
"30/05/2020";"14:21:00";"228";"com vítima";"110,5";"BR-163/MS";"Norte";"Capotamento";1;0;1;0;0;0;0;0;0;0;1;0;0;1;0
"30/05/2020";"16:30:00";"275";"com vítima";"615";"BR-163/MS";"Norte";"Colisão lateral no sentido contrário";1;0;0;1;0;0;0;0;0;0;3;1;0;0;0
"30/05/2020";"18:34:00";"308";"com vítima";"775";"BR-163/MS";"Sul";"Tombamento de moto";0;0;0;1;0;0;0;0;0;0;0;0;1;0;0
"31/05/2020";"15:50:00";"203";"com vítima";"86,55";"BR-163/MS";"Norte";"Capotamento";1;0;0;0;0;0;0;0;0;0;0;3;0;0;0
"31/05/2020";"19:55:00";"275";"sem vítima";"529,625";"BR-163/MS";"Norte";"Saídas de pista";0;0;0;0;0;0;0;0;0;1;1;0;0;0;0
"31/05/2020";"22:09:00";"308";"com vítima";"257";"BR-163/MS";"Norte";"Colisão com veículos (traseira)";0;1;0;0;0;1;0;0;0;0;1;1;0;0;0
"01/06/2020";"22:28:00";"338";"sem vítima";"303";"BR-163/MS";"Sul";"Atropelamento de animais";1;0;0;0;0;0;0;0;0;0;1;0;0;0;0
"02/06/2020";"12:56:00";"180";"sem vítima";"665,214";"BR-163/MS";"Norte";"Tombamento";0;0;1;0;0;2;0;0;0;0;3;0;0;0;0
"03/06/2020";"05:36:00";"35";"sem vítima";"294";"BR-163/MS";"Sul";"Colisão c/ obstáculos";0;0;0;0;0;0;0;0;0;1;4;0;0;0;0
"03/06/2020";"11:12:00";"148";"sem vítima";"518,323";"BR-163/MS";"Norte";"Colisão c/ obstáculos";1;0;0;0;0;0;0;0;0;0;2;0;0;0;0
"03/06/2020";"23:01:00";"308";"com vítima";"28,837";"BR-163/MS";"Norte";"Tombamento de moto";0;0;0;1;0;0;0;0;0;0;1;1;0;0;0
"03/06/2020";"23:37:00";"310";"sem vítima";"150,304";"BR-163/MS";"Sul";"Atropelamento de animais";0;0;1;0;0;0;0;0;0;0;1;0;0;0;0
"03/06/2020";"23:43:00";"313";"sem vítima";"295,976";"BR-163/MS";"Sul";"Atropelamento de animais";1;0;0;0;0;0;0;0;0;0;1;0;0;0;0
"04/06/2020";"09:05:00";"106";"com vítima";"406,729";"BR-163/MS";"Sul";"Tombamento de moto";0;0;0;1;0;0;0;0;0;0;0;0;1;0;0
"04/06/2020";"18:21:00";"309";"com vítima";"428,43";"BR-163/MS";"Norte";"Tombamento de moto";0;0;0;1;0;0;0;0;0;0;0;1;0;0;0
"04/06/2020";"20:13:00";"332";"com vítima";"457,831";"BR-163/MS";"Norte";"Saídas de pista";1;0;0;0;0;0;0;0;0;0;0;1;0;0;0
"04/06/2020";"21:48:00";"347";"com vítima";"364";"BR-163/MS";"Sul";"Atropelamento de pedestre";0;0;0;0;0;1;0;0;0;0;1;1;0;0;0
"05/06/2020";"01:27:00";"8";"com vítima";"536,207";"BR-163/MS";"Norte";"Capotamento";1;0;0;0;0;0;0;0;0;0;0;1;0;0;0
"05/06/2020";"04:01:00";"17";"com vítima";"275";"BR-163/MS";"Norte";"Capotamento";1;0;0;0;0;0;0;0;0;0;1;1;0;0;0
"05/06/2020";"07:21:00";"55";"sem vítima";"479,46";"BR-163/MS";"Norte";"Colisão lateral no mesmo sentido";2;0;0;0;0;1;0;0;0;1;5;0;0;0;0
"05/06/2020";"07:37:00";"64";"sem vítima";"70,1";"BR-163/MS";"Norte";"Saídas de pista";0;0;0;0;0;0;0;0;0;1;3;0;0;0;0
"05/06/2020";"15:59:00";"286";"com vítima";"477,52";"BR-163/MS";"Norte";"Tombamento de moto";0;0;0;1;0;0;0;0;0;0;0;1;0;0;0
"05/06/2020";"23:35:00";"382";"sem vítima";"541";"BR-163/MS";"Norte";"Saídas de pista";1;0;0;0;0;0;0;0;0;0;1;0;0;0;0
"06/06/2020";"18:21:00";"322";"com vítima";"191,5";"BR-163/MS";"Sul";"Atropelamento de pedestre";0;0;0;0;0;0;0;0;0;1;2;0;1;0;0
"06/06/2020";"21:39:00";"359";"com vítima";"376,776";"BR-163/MS";"Norte";"Saídas de pista";1;0;0;0;0;0;0;0;0;0;0;1;0;0;0
"06/06/2020";"23:48:00";"383";"sem vítima";"277";"BR-163/MS";"Sul";"Atropelamento de animais";1;0;0;0;0;0;0;0;0;0;2;0;0;0;0
"07/06/2020";"05:45:00";"28";"sem vítima";"477,863";"BR-163/MS";"Sul";"Colisão c/ obstáculos";1;0;0;0;0;0;0;0;0;0;1;0;0;0;0
"07/06/2020";"18:19:00";"347";"sem vítima";"810";"BR-163/MS";"Sul";"Atropelamento de animais";1;0;0;0;0;0;0;0;0;0;1;0;0;0;0
"07/06/2020";"19:16:00";"363";"com vítima";"75";"BR-163/MS";"Norte";"Atropelamento de pedestre";0;0;1;0;0;0;0;0;0;0;1;1;0;0;0
"08/06/2020";"11:28:00";"176";"com vítima";"12,19";"BR-163/MS";"Norte";"Colisão com veículos (frontal)";1;0;1;0;0;0;0;0;0;1;1;0;0;2;4
"08/06/2020";"15:45:00";"262";"sem vítima";"97";"BR-163/MS";"Norte";"Engavetamento";0;0;4;0;0;0;0;0;0;0;4;0;0;0;0
"09/06/2020";"07:55:00";"96";"com vítima";"496,155";"BR-163/MS";"Norte";"Atropelamento de animais";0;0;0;1;0;0;0;0;0;0;0;1;0;0;0
"09/06/2020";"14:30:00";"250";"sem vítima";"369";"BR-163/MS";"Norte";"Tombamento de moto";0;0;0;1;0;0;0;0;0;0;1;0;0;0;0
"09/06/2020";"17:35:00";"321";"sem vítima";"835,2";"BR-163/MS";"Norte";"Atropelamento de animais";0;1;1;0;0;2;0;0;0;0;5;0;0;0;0
"10/06/2020";"01:48:00";"4";"sem vítima";"610";"BR-163/MS";"Norte";"Colisão lateral no sentido contrário";1;0;1;0;0;1;0;0;0;0;3;0;0;0;0
"10/06/2020";"18:02:00";"347";"sem vítima";"476,436";"BR-163/MS";"Norte";"Colisão lateral no mesmo sentido";0;0;1;0;0;0;0;0;0;1;2;0;0;0;0
"10/06/2020";"22:19:00";"400";"sem vítima";"232,53";"BR-163/MS";"Sul";"Atropelamento de animais";1;0;0;0;0;0;0;0;0;0;2;0;0;0;0
"11/06/2020";"14:21:00";"265";"sem vítima";"184";"BR-163/MS";"Norte";"Capotamento";0;0;0;0;0;0;0;0;0;1;1;0;0;0;0
"11/06/2020";"16:00:00";"318";"com vítima";"253";"BR-163/MS";"Norte";"Tombamento de moto";0;0;0;1;0;0;0;0;0;0;0;2;0;0;0
"11/06/2020";"16:10:00";"323";"com vítima";"474,12";"BR-163/MS";"Norte";"Tombamento de moto";0;0;0;1;0;0;0;0;0;0;1;1;0;0;0
"11/06/2020";"17:36:00";"351";"sem vítima";"255,506";"BR-163/MS";"Norte";"Tombamento de moto";0;0;0;1;0;0;0;0;0;0;1;0;0;0;0
"11/06/2020";"19:19:00";"383";"com vítima";"552";"BR-163/MS";"Norte";"Colisão lateral no sentido contrário";2;0;0;0;0;0;0;0;0;0;0;1;1;1;0
"11/06/2020";"21:38:00";"411";"sem vítima";"253";"BR-163/MS";"Norte";"Saídas de pista";0;0;0;0;0;0;0;0;0;1;1;0;0;0;0
"11/06/2020";"22:50:00";"426";"sem vítima";"294,493";"BR-163/MS";"Sul";"Atropelamento de animais";1;0;0;0;0;0;0;0;0;0;3;0;0;0;0
"12/06/2020";"10:56:00";"190";"sem vítima";"87,345";"BR-163/MS";"Sul";"Tombamento";0;0;1;0;0;1;0;0;0;0;2;0;0;0;0
"12/06/2020";"15:12:00";"282";"sem vítima";"41,1";"BR-163/MS";"Sul";"Colisão com veículos (traseira)";0;0;2;0;0;0;0;0;0;0;2;0;0;0;0
"12/06/2020";"16:30:00";"321";"sem vítima";"126";"BR-163/MS";"Norte";"Saídas de pista";1;0;0;0;0;0;0;0;0;0;1;0;0;0;0
"12/06/2020";"16:51:00";"327";"com vítima";"484";"BR-163/MS";"Norte";"Colisão com veículos (traseira)";0;0;0;1;0;1;0;0;0;0;1;1;0;1;0
"12/06/2020";"18:05:00";"347";"com vítima";"694,132";"BR-163/MS";"Sul";"Atropelamento de animais";0;0;0;1;0;0;0;0;0;0;0;1;0;0;0
"13/06/2020";"16:21:00";"215";"sem vítima";"237";"BR-163/MS";"Norte";"Colisão c/ obstáculos";0;0;0;0;0;0;0;0;0;1;1;0;0;0;0
"13/06/2020";"23:07:00";"302";"sem vítima";"259,134";"BR-163/MS";"Norte";"Colisão lateral no mesmo sentido";2;0;0;0;0;0;0;0;0;0;2;0;0;0;0
"14/06/2020";"04:57:00";"29";"com vítima";"631,478";"BR-163/MS";"Sul";"Tombamento";0;0;1;0;0;1;0;0;0;0;2;1;0;0;0
"14/06/2020";"17:09:00";"248";"sem vítima";"172";"BR-163/MS";"Norte";"Saídas de pista";0;0;0;0;0;0;0;0;0;1;1;0;0;0;0
"14/06/2020";"18:42:00";"266";"com vítima";"206,105";"BR-163/MS";"Norte";"Tombamento";0;0;0;1;0;0;0;0;0;0;0;1;0;0;0
"15/06/2020";"07:53:00";"93";"com vítima";"255,503";"BR-163/MS";"Norte";"Colisão c/ obstáculos";0;0;0;1;0;0;0;0;0;0;0;1;0;0;0
"15/06/2020";"20:35:00";"445";"com vítima";"549";"BR-163/MS";"Norte";"Colisão com veículos (traseira)";1;0;1;0;0;2;0;0;0;0;3;2;0;0;0
"16/06/2020";"14:24:00";"350";"com vítima";"518";"BR-163/MS";"Norte";"Saídas de pista";1;0;0;0;0;0;0;0;0;0;1;2;0;0;0
"17/06/2020";"06:29:00";"69";"sem vítima";"811,55";"BR-163/MS";"Sul";"Saídas de pista";1;0;0;0;0;0;0;0;0;0;3;0;0;0;0
"17/06/2020";"07:08:00";"91";"com vítima";"775";"BR-163/MS";"Sul";"Saídas de pista";0;0;1;0;0;1;0;0;0;0;1;1;0;0;0
"17/06/2020";"16:00:00";"317";"sem vítima";"113";"BR-163/MS";"Norte";"Colisão com veículos (traseira)";1;0;1;0;0;0;0;0;0;0;2;0;0;0;0
"17/06/2020";"21:33:00";"412";"sem vítima";"486,24";"BR-163/MS";"Norte";"Tombamento";0;0;0;0;0;1;0;0;0;1;3;0;0;0;0
"18/06/2020";"09:29:00";"154";"sem vítima";"241";"BR-163/MS";"Norte";"Colisão lateral no mesmo sentido";2;0;0;0;0;0;0;0;0;0;2;0;0;0;0
"18/06/2020";"16:37:00";"344";"com vítima";"575,138";"BR-163/MS";"Norte";"Colisão com veículos (traseira)";0;0;1;0;0;0;0;0;0;1;6;1;0;0;0
"18/06/2020";"21:31:00";"429";"com vítima";"660,27";"BR-163/MS";"Norte";"Saídas de pista";1;0;0;0;0;0;0;0;0;0;1;1;0;0;0
"19/06/2020";"07:47:00";"95";"sem vítima";"489";"BR-163/MS";"Norte";"Tombamento de moto";0;0;0;1;0;0;0;0;0;0;1;0;0;0;0
"19/06/2020";"17:37:00";"377";"sem vítima";"52,5";"BR-163/MS";"Norte";"Saídas de pista";1;0;0;0;0;0;0;0;0;0;1;0;0;0;0
"19/06/2020";"19:11:00";"408";"sem vítima";"712";"BR-163/MS";"Norte";"Colisão c/ obstáculos";0;0;2;0;0;2;0;0;0;0;4;0;0;0;0
"20/06/2020";"08:03:00";"102";"com vítima";"730,565";"BR-163/MS";"Norte";"Colisão lateral no sentido contrário";0;0;0;1;0;0;0;0;0;1;3;0;0;0;1
"20/06/2020";"15:07:00";"241";"com vítima";"511,91";"BR-163/MS";"Sul";"Colisão lateral no sentido contrário";0;0;1;1;0;0;0;0;0;0;1;0;2;0;0
"20/06/2020";"17:53:00";"291";"sem vítima";"35";"BR-163/MS";"Sul";"Saídas de pista";1;0;1;0;0;2;0;0;0;0;4;0;0;0;0
"20/06/2020";"20:02:00";"331";"com vítima";"486";"BR-163/MS";"Norte";"Colisão lateral no mesmo sentido";1;0;0;1;0;0;0;0;0;0;2;2;0;0;0
"20/06/2020";"23:25:00";"366";"com vítima";"210,5";"BR-163/MS";"Norte";"Colisão com veículos (traseira)";2;0;0;0;0;0;0;0;0;0;0;3;0;0;0
"21/06/2020";"06:23:00";"45";"sem vítima";"704,146";"BR-163/MS";"Norte";"Colisão c/ obstáculos";1;0;0;0;0;0;0;0;0;0;1;0;0;0;0
"21/06/2020";"14:51:00";"192";"com vítima";"418,223";"BR-163/MS";"Norte";"Colisão com veículos (traseira)";0;0;2;0;0;1;0;0;0;0;2;1;0;0;0
"21/06/2020";"17:20:00";"256";"com vítima";"123,6";"BR-163/MS";"Norte";"Atropelamento de pedestre";1;0;0;0;0;0;0;0;0;0;2;0;0;1;0
"21/06/2020";"18:26:00";"271";"com vítima";"466";"BR-163/MS";"Norte";"Colisão lateral no mesmo sentido";0;0;0;1;0;1;0;0;0;0;1;0;0;1;0
"22/06/2020";"06:01:00";"36";"sem vítima";"575";"BR-163/MS";"Norte";"Colisão lateral no mesmo sentido";0;0;2;0;0;2;0;0;0;0;5;0;0;0;0
"22/06/2020";"08:20:00";"85";"sem vítima";"575";"BR-163/MS";"Norte";"Colisão lateral no sentido contrário";1;0;1;0;0;0;0;0;0;0;3;0;0;0;0
"23/06/2020";"03:27:00";"29";"sem vítima";"368";"BR-163/MS";"Norte";"Saídas de pista";1;0;0;0;0;0;0;0;0;0;2;0;0;0;0
"23/06/2020";"06:30:00";"54";"sem vítima";"563,239";"BR-163/MS";"Norte";"Tombamento";0;0;1;0;0;2;0;0;0;0;3;0;0;0;0
"23/06/2020";"06:51:00";"60";"sem vítima";"612";"BR-163/MS";"Norte";"Colisão com veículos (traseira)";2;0;0;0;0;0;0;0;0;0;3;0;0;0;0
"23/06/2020";"10:45:00";"177";"com vítima";"486,24";"BR-163/MS";"Norte";"Colisão lateral no sentido contrário";1;0;1;0;0;0;0;0;0;0;2;1;0;0;0
"23/06/2020";"21:05:00";"370";"sem vítima";"436,192";"BR-163/MS";"Sul";"Atropelamento de animais";1;0;0;0;0;0;0;0;0;0;3;0;0;0;0
"23/06/2020";"22:45:00";"390";"sem vítima";"564,275";"BR-163/MS";"Sul";"Saídas de pista";2;0;0;0;0;1;0;0;0;0;3;0;0;0;0
"25/06/2020";"08:20:00";"113";"com vítima";"769,3";"BR-163/MS";"Norte";"Capotamento";1;0;0;0;0;0;0;0;0;0;0;1;1;0;0
"25/06/2020";"12:26:00";"231";"com vítima";"134,97";"BR-163/MS";"Norte";"Capotamento";0;0;0;0;0;0;0;0;0;1;0;1;0;0;0
"25/06/2020";"18:36:00";"344";"sem vítima";"443";"BR-163/MS";"Norte";"Atropelamento de animais";1;0;0;0;0;0;0;0;0;0;2;0;0;0;0
"26/06/2020";"07:44:00";"81";"com vítima";"596,116";"BR-163/MS";"Norte";"Colisão com veículos (traseira)";0;0;1;0;0;1;0;0;0;1;2;1;0;0;0
"26/06/2020";"14:01:00";"230";"com vítima";"707,139";"BR-163/MS";"Sul";"Tombamento de moto";0;0;0;1;0;0;0;0;0;0;0;2;0;0;0
"27/06/2020";"03:57:00";"19";"sem vítima";"154,468";"BR-163/MS";"Sul";"Saídas de pista";0;0;1;0;0;0;0;0;0;0;2;0;0;0;0