data;horario;n_da_ocorrencia;tipo_de_ocorrencia;km;trecho;sentido;tipo_de_acidente;automovel;bicicleta;caminhao;moto;onibus;outros;tracao_animal;transporte_de_cargas_especiais;trator_maquinas;utilitarios;ilesos;levemente_feridos;moderadamente_feridos;gravemente_feridos;mortos
"19/09/2020";"20:19:00";"316";"Acidente s";"270,645";"BR-163/MS";"NORTE";"Colisão c/ obstáculos";1;0;0;0;0;0;0;0;0;0;1;0;0;0;0
"20/09/2020";"04:16:00";"22";"Acidente c";"656,7";"BR-163/MS";"SUL";"Saídas de pista";1;0;0;0;0;0;0;0;0;0;0;1;0;0;0
"20/09/2020";"05:13:00";"26";"Acidente c";"28,938";"BR-163/MS";"SUL";"Tombamento";1;0;0;0;0;0;0;0;0;0;3;2;0;0;0
"20/09/2020";"12:20:00";"125";"Acidente s";"257";"BR-163/MS";"NORTE";"Atropelamento de animais";0;0;0;1;0;0;0;0;0;0;1;0;0;0;0
"20/09/2020";"18:16:00";"217";"Acidente c";"480,521";"BR-163/MS";"NORTE";"Colisão lateral no mesmo sentido";1;0;0;0;0;0;0;0;0;2;4;1;0;0;0
"20/09/2020";"19:18:00";"239";"Acidente s";"444,47";"BR-163/MS";"NORTE";"Atropelamento de animais";0;0;1;0;0;1;0;0;0;0;2;0;0;0;0
"20/09/2020";"23:48:00";"263";"Acidente s";"452";"BR-163/MS";"SUL";"Atropelamento de animais";1;0;0;0;0;0;0;0;0;0;4;0;0;0;0
"21/09/2020";"05:26:00";"27";"Acidente c";"363,7";"BR-163/MS";"NORTE";"Tombamento de moto";0;0;0;1;0;0;0;0;0;0;1;1;0;0;0
"21/09/2020";"11:16:00";"205";"Acidente s";"469,892";"BR-163/MS";"SUL";"Colisão c/ obstáculos";0;0;0;0;0;0;0;0;0;1;1;0;0;0;0
"21/09/2020";"20:02:00";"342";"Acidente s";"255,955";"BR-163/MS";"SUL";"Saídas de pista";1;0;0;0;0;0;0;0;0;0;1;0;0;0;0
"21/09/2020";"21:07:00";"355";"Acidente c";"246,718";"BR-163/MS";"NORTE";"Capotamento";2;0;0;0;0;0;0;0;0;0;4;0;1;0;0
"23/09/2020";"09:03:00";"123";"Acidente c";"474,9";"BR-163/MS";"SUL";"Colisão lateral no sentido contrário";1;0;0;1;0;0;0;0;0;0;2;1;0;0;0
"23/09/2020";"09:07:00";"129";"Acidente c";"22,973";"BR-163/MS";"NORTE";"Colisão lateral no mesmo sentido";1;0;1;0;0;1;0;0;0;0;2;1;0;0;0
"23/09/2020";"19:33:00";"327";"Acidente s";"551,676";"BR-163/MS";"SUL";"Tombamento";0;0;1;0;0;1;0;0;0;0;2;0;0;0;0
"24/09/2020";"00:37:00";"9";"Acidente s";"232,663";"BR-163/MS";"SUL";"Atropelamento de animais";1;0;0;0;0;0;0;0;0;0;1;0;0;0;0
"24/09/2020";"14:44:00";"265";"Acidente c";"245,7";"BR-163/MS";"NORTE";"Tombamento";0;0;1;0;0;2;0;0;0;0;2;1;0;0;0
"24/09/2020";"19:21:00";"345";"Acidente c";"425,752";"BR-163/MS";"NORTE";"Colisão lateral no mesmo sentido";0;0;2;0;0;0;0;0;0;0;1;1;0;0;0
"25/09/2020";"06:15:00";"45";"Acidente s";"475";"BR-163/MS";"NORTE";"Colisão lateral no mesmo sentido";1;0;1;0;0;1;0;0;0;0;4;0;0;0;0
"25/09/2020";"09:06:00";"150";"Acidente s";"148,667";"BR-163/MS";"SUL";"Capotamento";1;0;0;0;0;0;0;0;0;0;1;0;0;0;0
"25/09/2020";"09:39:00";"168";"Acidente s";"419";"BR-163/MS";"NORTE";"Colisão com veículos (traseira)";0;0;3;0;0;4;0;0;0;0;8;0;0;0;0
"25/09/2020";"10:14:00";"176";"Acidente s";"497";"BR-163/MS";"NORTE";"Capotamento";0;0;0;0;0;0;0;0;0;1;1;0;0;0;0
"25/09/2020";"17:06:00";"337";"Acidente c";"482";"BR-163/MS";"SUL";"Colisão lateral no mesmo sentido";1;0;0;1;0;0;0;0;0;0;1;1;0;0;0
"25/09/2020";"19:09:00";"376";"Acidente s";"108";"BR-163/MS";"NORTE";"Atropelamento de animais";0;0;0;0;0;0;0;0;0;1;3;0;0;0;0
"25/09/2020";"21:37:00";"399";"Acidente c";"208,226";"BR-163/MS";"SUL";"Colisão lateral no mesmo sentido";0;0;1;1;0;1;0;0;0;0;2;0;0;1;0
"26/09/2020";"00:10:00";"2";"Acidente c";"609,439";"BR-163/MS";"SUL";"Tombamento";0;0;1;0;0;0;0;0;0;0;1;1;0;0;0
"26/09/2020";"01:34:00";"15";"Acidente c";"368";"BR-163/MS";"NORTE";"Tombamento";0;0;0;1;0;0;0;0;0;0;0;2;0;0;0
"26/09/2020";"10:44:00";"155";"Acidente c";"113,872";"BR-163/MS";"SUL";"Colisão c/ obstáculos";1;0;0;0;0;0;0;0;0;0;1;1;0;0;0
"26/09/2020";"21:10:00";"346";"Acidente s";"783";"BR-163/MS";"SUL";"Atropelamento de animais";0;0;0;0;0;0;0;0;0;1;1;0;0;0;0
"26/09/2020";"22:40:00";"360";"Acidente c";"487";"BR-163/MS";"SUL";"Tombamento de moto";0;0;0;1;0;0;0;0;0;0;0;1;0;0;0
"27/09/2020";"01:36:00";"10";"Acidente s";"262,993";"BR-163/MS";"SUL";"Colisão c/ obstáculos";1;0;0;0;0;0;0;0;0;0;2;0;0;0;0
"27/09/2020";"14:40:00";"186";"Acidente s";"808,534";"BR-163/MS";"NORTE";"Colisão c/ obstáculos";1;0;0;0;0;0;0;0;0;0;2;0;0;0;0
"27/09/2020";"20:19:00";"266";"Acidente c";"548,4";"BR-163/MS";"NORTE";"Colisão lateral no mesmo sentido";0;0;0;1;0;0;0;0;0;1;1;1;0;0;0
"28/09/2020";"01:30:00";"8";"Acidente s";"294,184";"BR-163/MS";"NORTE";"Tombamento";0;0;1;0;0;1;0;0;0;0;2;0;0;0;0
"28/09/2020";"21:57:00";"306";"Acidente c";"266,894";"BR-163/MS";"NORTE";"Atropelamento de animais";0;0;0;1;0;0;0;0;0;0;0;1;0;0;0
"29/09/2020";"05:00:00";"20";"Acidente c";"436,596";"BR-163/MS";"SUL";"Atropelamento de animais";0;0;0;1;0;0;0;0;0;0;0;0;1;0;0
"29/09/2020";"06:58:00";"49";"Acidente c";"578";"BR-163/MS";"SUL";"Tombamento";0;0;1;0;0;0;0;0;0;0;1;0;1;0;0
"29/09/2020";"22:41:00";"318";"Acidente s";"795,362";"BR-163/MS";"SUL";"Atropelamento de animais";0;0;0;0;0;0;0;0;0;1;1;0;0;0;0
"30/09/2020";"05:10:00";"30";"Acidente c";"563,692";"BR-163/MS";"NORTE";"Capotamento";1;0;0;0;0;0;0;0;0;0;1;0;1;0;0
"30/09/2020";"18:33:00";"381";"Acidente c";"436";"BR-163/MS";"SUL";"Atropelamento de animais";0;0;0;1;0;0;0;0;0;0;0;1;0;0;0
"01/10/2020";"08:19:00";"124";"Acidente s";"681,467";"BR-163/MS";"NORTE";"Colisão lateral no mesmo sentido";1;0;0;1;0;0;0;0;0;0;2;0;0;0;0
"01/10/2020";"15:10:00";"313";"Acidente s";"123,525";"BR-163/MS";"SUL";"Engavetamento";1;0;2;0;0;1;0;0;0;0;4;0;0;0;0
"01/10/2020";"16:38:00";"338";"Acidente c";"463";"BR-163/MS";"NORTE";"Tombamento de moto";0;0;0;1;0;0;0;0;0;0;0;1;0;0;0
"01/10/2020";"22:46:00";"425";"Acidente s";"142";"BR-163/MS";"NORTE";"Atropelamento de animais";1;0;0;0;0;0;0;0;0;0;1;0;0;0;0
"01/10/2020";"22:54:00";"427";"Acidente c";"488,61";"BR-163/MS";"NORTE";"Colisão lateral no sentido contrário";1;0;1;0;0;0;0;0;0;0;2;0;0;1;0
"02/10/2020";"00:10:00";"1";"Acidente s";"270,26";"BR-163/MS";"NORTE";"Colisão lateral no sentido contrário";2;0;0;0;0;0;0;0;0;0;4;0;0;0;0
"02/10/2020";"09:04:00";"95";"Acidente c";"526,5";"BR-163/MS";"SUL";"Capotamento";0;0;1;0;0;0;0;0;0;0;0;1;0;0;0
"02/10/2020";"15:24:00";"213";"Acidente s";"364,28";"BR-163/MS";"NORTE";"Tombamento";0;0;1;0;0;2;0;0;0;0;3;0;0;0;0
"02/10/2020";"21:27:00";"322";"Acidente s";"656,976";"BR-163/MS";"NORTE";"Tombamento";0;0;1;0;0;0;0;0;0;0;2;0;0;0;0
"03/10/2020";"04:49:00";"28";"Acidente c";"775,828";"BR-163/MS";"SUL";"Tombamento";0;0;1;0;0;2;0;0;0;0;2;1;0;0;0
"03/10/2020";"15:35:00";"224";"Acidente c";"221";"BR-163/MS";"SUL";"Colisão com veículos (traseira)";1;0;0;1;0;0;0;0;0;0;2;0;1;0;0
"03/10/2020";"19:09:00";"289";"Acidente s";"382,5";"BR-163/MS";"SUL";"Atropelamento de animais";1;0;0;0;0;0;0;0;0;0;2;0;0;0;0
"03/10/2020";"21:55:00";"318";"Acidente c";"501,99";"BR-163/MS";"NORTE";"Tombamento de moto";0;0;0;1;0;0;0;0;0;0;0;1;0;0;0
"03/10/2020";"22:57:00";"326";"Acidente s";"81,743";"BR-163/MS";"SUL";"Saídas de pista";1;0;0;0;0;0;0;0;0;0;4;0;0;0;0
"04/10/2020";"06:43:00";"36";"Acidente s";"285,314";"BR-163/MS";"NORTE";"Colisão com veículos (traseira)";2;0;0;0;0;0;0;0;0;0;6;0;0;0;0
"04/10/2020";"07:11:00";"44";"Acidente c";"663,281";"BR-163/MS";"NORTE";"Colisão com veículos (traseira)";1;1;0;0;0;0;0;0;0;0;4;0;1;0;0
"04/10/2020";"17:55:00";"208";"Acidente c";"308,619";"BR-163/MS";"NORTE";"Colisão lateral no sentido contrário";0;1;0;0;0;1;0;0;0;0;1;1;0;0;0
"04/10/2020";"19:33:00";"232";"Acidente c";"248,449";"BR-163/MS";"NORTE";"Tombamento";0;0;0;1;0;1;0;0;0;0;1;1;0;0;0
"05/10/2020";"06:25:00";"34";"Acidente c";"473,647";"BR-163/MS";"NORTE";"Tombamento";0;1;0;0;0;0;0;0;0;0;0;1;0;0;0
"05/10/2020";"19:00:00";"319";"Acidente s";"133,627";"BR-163/MS";"NORTE";"Tombamento";0;0;1;0;0;0;0;0;0;0;1;0;0;0;0
"05/10/2020";"23:59:00";"355";"Acidente s";"1";"BR-163/MS";"SUL";"Colisão c/ obstáculos";0;0;0;0;0;0;0;0;0;1;1;0;0;0;0
"06/10/2020";"08:00:00";"106";"Acidente c";"554,871";"BR-163/MS";"NORTE";"Tombamento";0;0;1;0;0;2;0;0;0;0;3;1;0;0;0
"06/10/2020";"09:11:00";"135";"Acidente c";"28,28";"BR-163/MS";"SUL";"Colisão com veículos (traseira)";0;0;2;0;0;2;0;0;0;0;3;1;0;0;0
"06/10/2020";"14:23:00";"251";"Acidente s";"374,139";"BR-163/MS";"NORTE";"Tombamento";0;0;1;0;0;1;0;0;0;0;2;0;0;0;0
"06/10/2020";"23:51:00";"386";"Acidente s";"426,179";"BR-163/MS";"NORTE";"Tombamento";0;0;1;0;0;0;0;0;0;0;1;0;0;0;0
"07/10/2020";"09:02:00";"127";"Acidente c";"730";"BR-163/MS";"SUL";"Tombamento de moto";0;0;0;1;0;0;0;0;0;0;0;1;0;0;0
"07/10/2020";"12:06:00";"206";"Acidente s";"163,5";"BR-163/MS";"NORTE";"Colisão c/ obstáculos";1;0;0;0;0;0;0;0;0;0;1;0;0;0;0
"08/10/2020";"12:04:00";"180";"Acidente c";"256,82";"BR-163/MS";"NORTE";"Colisão c/ obstáculos";0;1;1;0;0;0;0;0;0;0;1;0;1;0;0
"08/10/2020";"15:55:00";"260";"Acidente s";"647,688";"BR-163/MS";"SUL";"Tombamento";0;0;1;0;0;0;0;0;0;0;1;0;0;0;0
"08/10/2020";"19:50:00";"329";"Acidente s";"550,899";"BR-163/MS";"SUL";"Colisão com veículos (traseira)";0;0;2;0;0;0;0;0;0;0;2;0;0;0;0
"08/10/2020";"20:58:00";"339";"Acidente s";"488,36";"BR-163/MS";"NORTE";"Colisão c/ obstáculos";1;0;0;0;0;0;0;0;0;0;1;0;0;0;0
"09/10/2020";"14:27:00";"290";"Acidente c";"727,451";"BR-163/MS";"NORTE";"Colisão lateral no sentido contrário";2;0;0;0;0;0;0;0;0;0;0;2;2;0;0
"09/10/2020";"15:23:00";"307";"Acidente c";"711,107";"BR-163/MS";"SUL";"Colisão lateral no mesmo sentido";1;0;2;0;0;0;0;0;0;0;2;1;0;0;0
"10/10/2020";"00:29:00";"380";"Acidente s";"655,2";"BR-163/MS";"SUL";"Colisão c/ obstáculos";1;0;0;0;0;0;0;0;0;0;1;0;0;0;0
"10/10/2020";"03:02:00";"23";"Acidente s";"258";"BR-163/MS";"NORTE";"Colisão c/ obstáculos";1;0;0;0;0;0;0;0;0;0;4;0;0;0;0
"10/10/2020";"13:16:00";"228";"Acidente c";"689,827";"BR-163/MS";"SUL";"Capotamento";0;0;0;0;0;0;0;0;0;1;0;1;0;0;0
"10/10/2020";"15:48:00";"273";"Acidente s";"341,694";"BR-163/MS";"NORTE";"Colisão com veículos (traseira)";2;0;0;0;0;0;0;0;0;0;5;0;0;0;0
"10/10/2020";"16:57:00";"302";"Acidente s";"454,5";"BR-163/MS";"NORTE";"Colisão com veículos (traseira)";1;0;0;0;0;0;0;0;0;1;7;0;0;0;0
"10/10/2020";"19:29:00";"344";"Acidente c";"485,513";"BR-163/MS";"NORTE";"Colisão com veículos (traseira)";0;0;0;1;0;0;0;0;0;1;4;1;0;0;0
"11/10/2020";"08:16:00";"100";"Acidente s";"660,915";"BR-163/MS";"NORTE";"Saídas de pista";0;0;1;0;0;1;0;0;0;0;2;0;0;0;0
"11/10/2020";"09:33:00";"134";"Acidente s";"794,919";"BR-163/MS";"SUL";"Tombamento";0;0;1;0;0;2;0;0;0;0;3;0;0;0;0
"11/10/2020";"11:07:00";"168";"Acidente s";"466,322";"BR-163/MS";"SUL";"Colisão com veículos (traseira)";0;0;2;0;0;4;0;0;0;0;6;0;0;0;0
"11/10/2020";"17:21:00";"267";"Acidente s";"246";"BR-163/MS";"NORTE";"Tombamento de moto";0;0;0;1;0;0;0;0;0;0;1;0;0;0;0
"11/10/2020";"18:13:00";"283";"Acidente c";"261";"BR-163/MS";"NORTE";"Colisão lateral no sentido contrário";1;0;0;1;0;0;0;0;0;0;2;0;0;1;0
"11/10/2020";"18:22:00";"286";"Acidente c";"462,627";"BR-163/MS";"NORTE";"Colisão com veículos (traseira)";1;0;1;0;0;0;0;0;0;0;1;2;0;0;0
"11/10/2020";"20:28:00";"320";"Acidente c";"483,546";"BR-163/MS";"SUL";"Colisão lateral no mesmo sentido";1;0;0;1;0;0;0;0;0;0;3;1;0;0;0
"12/10/2020";"04:44:00";"25";"Acidente s";"563,652";"BR-163/MS";"NORTE";"Atropelamento de animais";0;0;1;0;0;1;0;0;0;0;1;0;0;0;0
"12/10/2020";"06:40:00";"42";"Acidente c";"261,855";"BR-163/MS";"NORTE";"Tombamento de moto";0;0;0;1;0;0;0;0;0;0;0;1;0;0;0
"12/10/2020";"06:43:00";"43";"Acidente s";"247,355";"BR-163/MS";"NORTE";"Colisão lateral no mesmo sentido";1;0;1;0;0;0;0;0;0;0;4;0;0;0;0
"12/10/2020";"08:33:00";"78";"Acidente s";"773,643";"BR-163/MS";"NORTE";"Tombamento";0;0;1;0;0;1;0;0;0;0;1;0;0;0;0
"12/10/2020";"15:27:00";"190";"Acidente c";"191,186";"BR-163/MS";"SUL";"Colisão lateral no mesmo sentido";1;0;1;0;0;1;0;0;0;0;2;1;0;0;2
"12/10/2020";"16:50:00";"209";"Acidente c";"429,1";"BR-163/MS";"NORTE";"Colisão com veículos (frontal)";2;0;1;0;0;2;0;0;0;0;4;2;0;0;0
"12/10/2020";"17:11:00";"215";"Acidente s";"454";"BR-163/MS";"NORTE";"Engavetamento";2;0;0;0;0;0;0;0;0;1;6;0;0;0;0
"12/10/2020";"18:50:00";"232";"Acidente s";"425,676";"BR-163/MS";"SUL";"Engavetamento";4;0;0;0;1;0;0;0;0;0;54;0;0;0;0
"12/10/2020";"19:11:00";"241";"Acidente s";"270";"BR-163/MS";"NORTE";"Colisão c/ obstáculos";1;0;0;0;0;0;0;0;0;0;2;0;0;0;0
"12/10/2020";"19:13:00";"242";"Acidente s";"431,967";"BR-163/MS";"NORTE";"Colisão c/ obstáculos";1;0;0;0;0;0;0;0;0;0;4;0;0;0;0
"12/10/2020";"20:05:00";"253";"Acidente c";"387,602";"BR-163/MS";"NORTE";"Colisão c/ obstáculos";1;0;0;0;0;0;0;0;0;0;0;1;0;0;0
"12/10/2020";"23:49:00";"283";"Acidente s";"738,684";"BR-163/MS";"NORTE";"Atropelamento de animais";1;0;0;0;0;0;0;0;0;0;2;0;0;0;0
"13/10/2020";"04:30:00";"22";"Acidente s";"256";"BR-163/MS";"NORTE";"Colisão lateral no mesmo sentido";1;0;1;0;0;0;0;0;0;0;4;0;0;0;0
"13/10/2020";"08:45:00";"84";"Acidente c";"12,5";"BR-163/MS";"NORTE";"Colisão lateral no mesmo sentido";0;0;1;0;0;2;0;0;0;1;3;1;0;0;0
"14/10/2020";"07:14:00";"62";"Acidente c";"486,38";"BR-163/MS";"NORTE";"Colisão lateral no mesmo sentido";0;1;1;0;0;1;0;0;0;0;2;0;0;0;1
"14/10/2020";"18:55:00";"333";"Acidente s";"738";"BR-163/MS";"NORTE";"Atropelamento de animais";0;0;0;0;0;0;0;0;0;1;4;0;0;0;0
"14/10/2020";"22:10:00";"363";"Atropelame";"21,68";"BR-163/MS";"NORTE";"Atropelamento de pedestre";0;1;1;0;0;2;0;0;0;0;3;0;1;0;0
"15/10/2020";"07:45:00";"85";"Acidente c";"471";"BR-163/MS";"NORTE";"Colisão lateral no mesmo sentido";0;0;0;2;0;0;0;0;0;0;2;2;0;0;0
"15/10/2020";"10:51:00";"188";"Acidente c";"322,111";"BR-163/MS";"SUL";"Colisão lateral no mesmo sentido";0;1;1;0;0;0;0;0;0;0;1;0;0;1;0
"15/10/2020";"14:22:00";"261";"Acidente s";"505,408";"BR-163/MS";"SUL";"Colisão c/ obstáculos";1;0;0;0;0;0;0;0;0;0;2;0;0;0;0
"15/10/2020";"19:00:00";"359";"Acidente s";"243,9";"BR-163/MS";"NORTE";"Saídas de pista";1;0;0;0;0;1;0;0;0;0;5;0;0;0;0
"15/10/2020";"21:13:00";"383";"Acidente s";"502,791";"BR-163/MS";"NORTE";"Tombamento de moto";0;0;0;1;0;0;0;0;0;0;1;0;0;0;0
"16/10/2020";"03:47:00";"14";"Acidente c";"615,448";"BR-163/MS";"SUL";"Colisão c/ obstáculos";1;0;0;0;0;0;0;0;0;0;0;0;1;0;0
"16/10/2020";"03:59:00";"15";"Acidente s";"280,9";"BR-163/MS";"NORTE";"Saídas de pista";0;0;1;0;0;0;0;0;0;0;1;0;0;0;0
"16/10/2020";"05:25:00";"27";"Acidente s";"623,8";"BR-163/MS";"SUL";"Colisão c/ obstáculos";1;0;0;0;0;0;0;0;0;0;1;0;0;0;0
"16/10/2020";"11:52:00";"177";"Acidente c";"139";"BR-163/MS";"NORTE";"Capotamento";0;0;0;0;0;0;0;0;0;1;0;1;0;0;0
"16/10/2020";"16:31:00";"269";"Acidente s";"476,296";"BR-163/MS";"NORTE";"Colisão com veículos (traseira)";1;0;1;0;0;0;0;0;0;0;2;0;0;0;0
"16/10/2020";"22:41:00";"356";"Acidente s";"215,861";"BR-163/MS";"NORTE";"Saídas de pista";1;0;0;0;0;0;0;0;0;0;1;0;0;0;0
"17/10/2020";"02:18:00";"15";"Acidente s";"484,639";"BR-163/MS";"SUL";"Capotamento";1;0;0;0;0;0;0;0;0;0;1;0;0;0;0
"17/10/2020";"07:25:00";"73";"Acidente c";"348,93";"BR-163/MS";"NORTE";"Colisão lateral no mesmo sentido";1;0;0;0;0;1;0;0;0;1;2;4;0;0;0
"17/10/2020";"08:37:00";"93";"Acidente c";"109";"BR-163/MS";"NORTE";"Tombamento de moto";0;0;0;1;0;0;0;0;0;0;0;1;0;0;0
"17/10/2020";"10:32:00";"131";"Acidente s";"440";"BR-163/MS";"NORTE";"Tombamento";0;0;1;0;0;0;0;0;0;0;1;0;0;0;0
"17/10/2020";"12:07:00";"152";"Acidente s";"204,484";"BR-163/MS";"NORTE";"Colisão c/ obstáculos";1;0;1;0;0;0;0;0;0;0;5;0;0;0;0
"17/10/2020";"21:57:00";"300";"Acidente s";"249,852";"BR-163/MS";"NORTE";"Atropelamento de animais";1;0;0;0;0;0;0;0;0;0;1;0;0;0;0
"17/10/2020";"22:04:00";"303";"Acidente c";"728,138";"BR-163/MS";"NORTE";"Colisão com veículos (traseira)";1;0;0;1;0;1;0;0;0;0;3;0;1;0;0
"17/10/2020";"22:04:00";"302";"Acidente s";"317,806";"BR-163/MS";"SUL";"Saídas de pista";1;0;0;0;0;1;0;0;0;0;2;0;0;0;0
"18/10/2020";"01:15:00";"8";"Acidente s";"680,869";"BR-163/MS";"NORTE";"Saídas de pista";1;0;0;0;0;0;0;0;0;0;1;0;0;0;0
"18/10/2020";"10:49:00";"125";"Acidente s";"624,73";"BR-163/MS";"NORTE";"Tombamento";0;0;1;0;0;2;0;0;0;0;3;0;0;0;0
"18/10/2020";"16:23:00";"207";"Acidente s";"453,426";"BR-163/MS";"NORTE";"Saídas de pista";0;0;0;0;0;0;0;0;0;1;2;0;0;0;0
"19/10/2020";"09:14:00";"131";"Acidente c";"527,493";"BR-163/MS";"NORTE";"Colisão com veículos (traseira)";0;0;1;1;0;1;0;0;0;0;2;1;0;0;0
"20/10/2020";"07:10:00";"59";"Atropelame";"255,946";"BR-163/MS";"NORTE";"Atropelamento de pedestre";0;0;0;0;0;1;0;0;0;0;1;1;0;0;0
"20/10/2020";"11:25:00";"199";"Acidente c";"479";"BR-163/MS";"NORTE";"Colisão lateral no mesmo sentido";1;0;2;0;0;2;0;0;0;0;5;0;1;2;0
"20/10/2020";"19:03:00";"343";"Acidente s";"692";"BR-163/MS";"NORTE";"Colisão com veículos (traseira)";0;0;1;0;0;2;0;0;0;1;4;0;0;0;0
"20/10/2020";"19:58:00";"350";"Acidente c";"259,456";"BR-163/MS";"NORTE";"Colisão com veículos (traseira)";0;0;1;1;0;1;0;0;0;0;2;0;1;0;1
"21/10/2020";"09:46:00";"134";"Acidente s";"575";"BR-163/MS";"SUL";"Colisão lateral no mesmo sentido";0;0;1;0;0;0;0;0;0;1;2;0;0;0;0
"21/10/2020";"10:01:00";"141";"Acidente c";"74,73";"BR-163/MS";"SUL";"Colisão lateral no sentido contrário";0;0;0;1;0;0;0;0;0;1;1;1;0;0;0
"22/10/2020";"18:30:00";"303";"Acidente s";"700,998";"BR-163/MS";"NORTE";"Atropelamento de animais";1;0;0;0;0;0;0;0;0;0;1;0;0;0;0
"22/10/2020";"21:41:00";"341";"Acidente c";"86,237";"BR-163/MS";"SUL";"Tombamento";0;0;1;0;0;2;0;0;0;0;2;1;0;0;0
"23/10/2020";"07:32:00";"73";"Acidente s";"364,884";"BR-163/MS";"SUL";"Engavetamento";0;0;1;0;0;0;0;0;0;2;10;0;0;0;0
"23/10/2020";"11:41:00";"223";"Acidente c";"502";"BR-163/MS";"NORTE";"Colisão lateral no mesmo sentido";1;0;1;0;0;1;0;0;0;0;2;0;0;1;0
"23/10/2020";"12:02:00";"230";"Acidente c";"485";"BR-163/MS";"SUL";"Colisão c/ obstáculos";0;0;0;1;0;1;0;0;0;0;2;1;0;0;0
"23/10/2020";"13:38:00";"254";"Acidente c";"320,7";"BR-163/MS";"NORTE";"Capotamento";1;0;0;0;0;0;0;0;0;0;2;0;1;0;0
"23/10/2020";"15:33:00";"296";"Acidente c";"490";"BR-163/MS";"SUL";"Colisão com veículos (traseira)";1;0;0;1;0;0;0;0;0;0;2;1;0;0;0
"23/10/2020";"15:36:00";"297";"Acidente s";"698,4";"BR-163/MS";"SUL";"Tombamento";0;0;1;0;0;1;0;0;0;0;2;0;0;0;0
"23/10/2020";"21:30:00";"377";"Acidente c";"478,6";"BR-163/MS";"SUL";"Tombamento de moto";0;0;0;1;0;0;0;0;0;0;0;2;0;0;0
"24/10/2020";"05:40:00";"24";"Acidente c";"479,1";"BR-163/MS";"SUL";"Colisão c/ obstáculos";0;0;0;1;0;0;0;0;0;0;1;1;0;0;0
"24/10/2020";"08:33:00";"88";"Acidente c";"741,8";"BR-163/MS";"NORTE";"Tombamento de moto";0;0;0;1;0;0;0;0;0;0;0;1;0;0;0
"24/10/2020";"13:17:00";"185";"Acidente c";"489,8";"BR-163/MS";"NORTE";"Tombamento";0;1;0;0;0;0;0;0;0;0;0;0;1;0;0
"24/10/2020";"15:41:00";"231";"Acidente c";"669";"BR-163/MS";"NORTE";"Tombamento";0;0;1;0;0;1;0;0;0;0;2;1;0;0;0
"24/10/2020";"17:22:00";"255";"Acidente s";"666,62";"BR-163/MS";"SUL";"Saídas de pista";0;0;0;0;0;0;0;0;0;1;4;0;0;0;0
"25/10/2020";"00:39:00";"5";"Acidente s";"787";"BR-163/MS";"NORTE";"Atropelamento de animais";0;0;1;0;0;0;0;0;0;0;1;0;0;0;0
"25/10/2020";"01:16:00";"8";"Acidente s";"721";"BR-163/MS";"SUL";"Capotamento";1;0;0;0;0;0;0;0;0;0;2;0;0;0;0
"25/10/2020";"02:48:00";"15";"Acidente c";"499";"BR-163/MS";"NORTE";"Saídas de pista";1;0;0;0;0;0;0;0;0;0;1;1;0;0;0
"25/10/2020";"04:26:00";"23";"Acidente s";"617";"BR-163/MS";"NORTE";"Tombamento de moto";0;0;0;1;0;0;0;0;0;0;1;0;0;0;0
"25/10/2020";"13:11:00";"152";"Acidente c";"81";"BR-163/MS";"NORTE";"Capotamento";0;0;0;0;0;1;0;0;0;1;2;1;0;0;0
"26/10/2020";"05:09:00";"28";"Acidente s";"48,5";"BR-163/MS";"NORTE";"Atropelamento de animais";0;0;1;0;0;0;0;0;0;0;1;0;0;0;0
"26/10/2020";"06:08:00";"33";"Acidente s";"421";"BR-163/MS";"NORTE";"Colisão c/ obstáculos";1;0;0;0;0;0;0;0;0;0;1;0;0;0;0
"26/10/2020";"11:06:00";"129";"Acidente s";"396";"BR-163/MS";"NORTE";"Saídas de pista";1;0;0;0;0;0;0;0;0;0;3;0;0;0;0
"26/10/2020";"16:31:00";"197";"Acidente s";"466";"BR-163/MS";"NORTE";"Saídas de pista";0;0;1;0;0;0;0;0;0;0;1;0;0;0;0
"26/10/2020";"17:51:00";"210";"Acidente s";"270";"BR-163/MS";"NORTE";"Colisão com veículos (traseira)";1;0;1;0;0;0;0;0;0;0;2;0;0;0;0
"27/10/2020";"06:15:00";"50";"Acidente c";"843";"BR-163/MS";"SUL";"Tombamento";0;0;1;0;0;1;0;0;0;0;1;1;0;0;0
"27/10/2020";"08:45:00";"109";"Acidente c";"145,5";"BR-163/MS";"NORTE";"Capotamento";0;0;0;0;0;1;0;0;0;1;1;1;0;0;0
"27/10/2020";"14:50:00";"217";"Acidente c";"275";"BR-163/MS";"NORTE";"Tombamento de moto";0;0;0;1;0;0;0;0;0;0;0;2;0;0;0
"27/10/2020";"15:55:00";"239";"Acidente s";"162,3";"BR-163/MS";"SUL";"Tombamento de moto";0;0;0;1;0;0;0;0;0;0;1;0;0;0;0
"27/10/2020";"17:15:00";"259";"Acidente s";"485";"BR-163/MS";"NORTE";"Engavetamento";3;0;0;0;0;0;0;0;0;0;4;0;0;0;0
"28/10/2020";"13:52:00";"260";"Acidente s";"249,873";"BR-163/MS";"NORTE";"Colisão com veículos (traseira)";1;0;0;0;0;1;0;0;0;1;7;0;0;0;0
"28/10/2020";"15:24:00";"309";"Acidente c";"483";"BR-163/MS";"NORTE";"Tombamento de moto";0;0;0;1;0;0;0;0;0;0;1;1;0;0;0
"28/10/2020";"15:42:00";"312";"Acidente s";"463";"BR-163/MS";"NORTE";"Engavetamento";0;0;4;0;0;3;0;0;0;0;7;0;0;0;0