data;horario;n_da_ocorrencia;tipo_de_ocorrencia;km;trecho;sentido;tipo_de_acidente;automovel;bicicleta;caminhao;moto;onibus;outros;tracao_animal;transporte_de_cargas_especiais;trator_maquinas;utilitarios;ilesos;levemente_feridos;moderadamente_feridos;gravemente_feridos;mortos
"28/06/2021";"12:54:00";"201";"Acidente s";"462,44";"BR-163/MS";"NORTE";"Tombamento de moto";0;0;0;1;0;0;0;0;0;0;1;0;0;0;0
"28/06/2021";"14:26:00";"231";"Acidente s";"206,4";"BR-163/MS";"SUL";"Colisão com veículos (traseira)";0;0;0;0;0;0;0;0;0;2;3;0;0;0;0
"28/06/2021";"15:00:00";"246";"Acidente s";"769,89";"BR-163/MS";"NORTE";"Atropelamento de animais";1;0;0;0;0;0;0;0;0;0;1;0;0;0;0
"28/06/2021";"17:37:00";"312";"Acidente c";"310,175";"BR-163/MS";"NORTE";"Colisão com veículos (traseira)";2;0;0;0;0;0;0;0;0;0;1;2;1;1;0
"28/06/2021";"21:46:00";"349";"Acidente s";"375,98";"BR-163/MS";"NORTE";"Colisão c/ obstáculos";1;0;0;0;0;0;0;0;0;0;5;0;0;0;0
"28/06/2021";"23:09:00";"359";"Acidente s";"185,405";"BR-163/MS";"NORTE";"Saídas de pista";1;0;0;0;0;0;0;0;0;0;1;0;0;0;0
"29/06/2021";"05:35:00";"24";"Acidente c";"556,894";"BR-163/MS";"SUL";"Saídas de pista";1;0;0;0;0;0;0;0;0;0;1;1;1;0;0
"29/06/2021";"17:37:00";"312";"Acidente s";"484,936";"BR-163/MS";"NORTE";"Engavetamento";3;0;0;0;0;0;0;0;0;0;4;0;0;0;0
"29/06/2021";"17:38:00";"313";"Acidente s";"485,921";"BR-163/MS";"NORTE";"Colisão com veículos (traseira)";1;0;0;0;0;0;0;0;0;1;4;0;0;0;0
"29/06/2021";"18:28:00";"322";"Acidente s";"117";"BR-163/MS";"NORTE";"Colisão com veículos (traseira)";1;0;1;0;0;2;0;0;0;0;6;0;0;0;0
"30/06/2021";"17:54:00";"248";"Acidente s";"526,52";"BR-163/MS";"NORTE";"Colisão lateral no mesmo sentido";2;0;0;0;0;0;0;0;0;0;4;0;0;0;0
"30/06/2021";"18:00:00";"247";"Acidente s";"222,173";"BR-163/MS";"SUL";"Colisão c/ obstáculos";0;0;0;0;0;0;0;0;0;1;1;0;0;0;0
"02/07/2021";"08:12:00";"96";"Acidente s";"115,213";"BR-163/MS";"SUL";"Colisão com veículos (traseira)";1;0;1;0;0;0;0;0;0;0;3;0;0;0;0
"02/07/2021";"17:59:00";"357";"Acidente s";"475,777";"BR-163/MS";"NORTE";"Colisão com veículos (frontal)";0;0;0;0;0;0;0;0;0;2;2;0;0;0;0
"02/07/2021";"18:45:00";"370";"Acidente s";"347,181";"BR-163/MS";"SUL";"Atropelamento de animais";1;0;0;0;0;0;0;0;0;0;3;0;0;0;0
"02/07/2021";"19:11:00";"377";"Acidente c";"485";"BR-163/MS";"SUL";"Engavetamento";3;0;0;0;0;0;0;0;0;0;3;1;0;0;0
"02/07/2021";"20:34:00";"390";"Acidente s";"403,789";"BR-163/MS";"NORTE";"Atropelamento de animais";1;0;0;0;0;0;0;0;0;0;2;0;0;0;0
"03/07/2021";"07:51:00";"93";"Acidente c";"481,68";"BR-163/MS";"SUL";"Colisão com veículos (traseira)";0;0;0;1;0;1;0;0;0;0;1;0;1;0;0
"03/07/2021";"13:41:00";"265";"Acidente s";"36,348";"BR-163/MS";"NORTE";"Colisão lateral no mesmo sentido";0;0;2;0;0;3;0;0;0;0;5;0;0;0;0
"04/07/2021";"12:16:00";"202";"Acidente c";"543,9";"BR-163/MS";"SUL";"Capotamento";1;0;0;0;0;0;0;0;0;0;0;1;0;0;0
"04/07/2021";"13:21:00";"217";"Acidente c";"171";"BR-163/MS";"NORTE";"Colisão lateral no sentido contrário";1;0;0;1;0;0;0;0;0;0;3;1;0;0;0
"04/07/2021";"15:22:00";"249";"Acidente c";"278";"BR-163/MS";"SUL";"Tombamento de moto";0;0;0;1;0;0;0;0;0;0;0;1;0;0;0
"05/07/2021";"03:43:00";"14";"Acidente c";"370,256";"BR-163/MS";"SUL";"Colisão com veículos (traseira)";0;1;0;0;0;0;0;0;0;2;2;0;0;0;1
"05/07/2021";"05:42:00";"25";"Acidente c";"713,309";"BR-163/MS";"SUL";"Tombamento de moto";0;0;0;1;0;0;0;0;0;0;1;1;0;0;0
"05/07/2021";"11:10:00";"163";"Acidente s";"189,892";"BR-163/MS";"SUL";"Colisão lateral no sentido contrário";1;0;1;0;0;2;0;0;0;0;4;0;0;0;0
"06/07/2021";"01:15:00";"5";"Acidente s";"423";"BR-163/MS";"SUL";"Atropelamento de animais";0;0;1;0;0;0;0;0;0;0;1;0;0;0;0
"06/07/2021";"03:15:00";"11";"Acidente s";"382,24";"BR-163/MS";"SUL";"Atropelamento de animais";1;0;0;0;0;0;0;0;0;0;1;0;0;0;0
"06/07/2021";"07:20:00";"51";"Acidente c";"680,753";"BR-163/MS";"SUL";"Colisão lateral no sentido contrário";0;0;0;1;0;0;0;0;0;1;1;1;0;0;0
"06/07/2021";"07:24:00";"53";"Acidente s";"497,971";"BR-163/MS";"NORTE";"Colisão com veículos (traseira)";1;0;0;0;0;2;0;0;0;0;4;0;0;0;0
"06/07/2021";"11:06:00";"146";"Acidente s";"485,5";"BR-163/MS";"NORTE";"Engavetamento";1;0;1;0;1;0;0;0;0;0;38;0;0;0;0
"06/07/2021";"17:54:00";"230";"Acidente s";"487";"BR-163/MS";"SUL";"Colisão com veículos (traseira)";1;0;0;0;0;0;0;0;0;1;3;0;0;0;0
"07/07/2021";"05:16:00";"17";"Acidente s";"430,18";"BR-163/MS";"NORTE";"Colisão c/ obstáculos";0;0;0;0;0;0;0;0;0;1;1;0;0;0;0
"07/07/2021";"07:24:00";"52";"Acidente c";"484,893";"BR-163/MS";"NORTE";"Engavetamento";2;0;0;0;0;0;0;0;0;1;4;2;0;0;0
"07/07/2021";"08:17:00";"95";"Acidente s";"66,673";"BR-163/MS";"NORTE";"Colisão lateral no mesmo sentido";1;0;1;0;0;1;0;0;0;0;6;0;0;0;0
"07/07/2021";"17:41:00";"374";"Acidente c";"49,306";"BR-163/MS";"SUL";"Colisão c/ obstáculos";1;0;0;0;0;0;0;0;0;0;0;1;0;0;0
"09/07/2021";"09:49:00";"132";"Acidente s";"409,863";"BR-163/MS";"NORTE";"Saídas de pista";1;0;0;0;0;0;0;0;0;0;2;0;0;0;0
"09/07/2021";"15:25:00";"213";"Acidente c";"452,825";"BR-163/MS";"SUL";"Colisão com veículos (frontal)";0;0;1;0;0;1;0;0;0;1;1;2;1;1;2
"09/07/2021";"17:34:00";"236";"Acidente s";"257";"BR-163/MS";"NORTE";"Colisão com veículos (traseira)";1;0;0;1;0;0;0;0;0;0;7;0;0;0;0
"09/07/2021";"18:33:00";"248";"Acidente s";"692";"BR-163/MS";"NORTE";"Atropelamento de animais";1;0;0;0;0;0;0;0;0;0;1;0;0;0;0
"09/07/2021";"18:38:00";"249";"Atropelame";"682,5";"BR-163/MS";"NORTE";"Atropelamento de pedestre";0;0;0;0;0;1;0;0;0;0;1;0;1;0;0
"09/07/2021";"22:01:00";"282";"Acidente s";"546,244";"BR-163/MS";"SUL";"Colisão lateral no mesmo sentido";1;0;1;0;0;0;0;0;0;0;7;0;0;0;0
"09/07/2021";"23:21:00";"294";"Acidente c";"80,723";"BR-163/MS";"NORTE";"Capotamento";1;0;0;0;0;0;0;0;0;0;0;3;0;0;0
"10/07/2021";"09:09:00";"73";"Acidente s";"6,8";"BR-163/MS";"SUL";"Colisão com veículos (traseira)";2;0;0;0;0;0;0;0;0;0;6;0;0;0;0
"10/07/2021";"14:16:00";"151";"Acidente s";"399";"BR-163/MS";"SUL";"Colisão com veículos (traseira)";2;0;0;0;0;0;0;0;0;0;8;0;0;0;0
"10/07/2021";"17:17:00";"199";"Acidente s";"13,3";"BR-163/MS";"NORTE";"Atropelamento de animais";0;0;0;0;0;0;0;0;0;1;2;0;0;0;0
"10/07/2021";"18:38:00";"212";"Acidente c";"554,554";"BR-163/MS";"NORTE";"Capotamento";1;0;1;0;0;1;0;0;0;0;8;0;1;0;0
"10/07/2021";"18:43:00";"214";"Acidente c";"474,731";"BR-163/MS";"SUL";"Colisão lateral no sentido contrário";1;0;0;1;0;0;0;0;0;0;1;1;0;0;0
"10/07/2021";"18:50:00";"215";"Acidente s";"332,908";"BR-163/MS";"NORTE";"Colisão c/ obstáculos";1;0;0;0;0;1;0;0;0;0;2;0;0;0;0
"10/07/2021";"21:52:00";"242";"Acidente s";"756,852";"BR-163/MS";"NORTE";"Atropelamento de animais";0;0;0;0;0;0;0;0;0;1;3;0;0;0;0
"10/07/2021";"22:37:00";"246";"Acidente c";"486,322";"BR-163/MS";"NORTE";"Colisão com veículos (traseira)";0;0;0;1;0;1;0;0;0;0;1;1;0;0;0
"11/07/2021";"00:36:00";"5";"Acidente c";"61,638";"BR-163/MS";"NORTE";"Capotamento";1;0;0;0;0;0;0;0;0;0;1;1;0;0;0
"11/07/2021";"02:36:00";"12";"Acidente c";"8,87";"BR-163/MS";"SUL";"Saídas de pista";0;0;0;0;0;0;0;0;0;1;0;1;0;0;0
"11/07/2021";"05:17:00";"26";"Acidente c";"35,478";"BR-163/MS";"SUL";"Colisão com veículos (traseira)";1;0;0;0;0;1;0;0;0;0;1;1;0;0;0
"11/07/2021";"05:27:00";"27";"Acidente s";"475,241";"BR-163/MS";"NORTE";"Colisão com veículos (traseira)";1;0;0;0;0;0;0;0;0;0;2;0;0;0;0
"11/07/2021";"16:23:00";"197";"Acidente s";"278,782";"BR-163/MS";"NORTE";"Colisão lateral no mesmo sentido";1;0;1;0;0;0;0;0;0;0;2;0;0;0;0
"11/07/2021";"22:39:00";"267";"Atropelame";"257,183";"BR-163/MS";"NORTE";"Tombamento de moto";1;0;0;1;0;0;0;0;0;0;1;0;0;0;1
"11/07/2021";"23:13:00";"272";"Atropelame";"457,752";"BR-163/MS";"NORTE";"Atropelamento de pedestre";0;1;0;0;0;1;0;0;0;0;1;0;0;1;0
"12/07/2021";"01:11:00";"4";"Acidente s";"656,423";"BR-163/MS";"NORTE";"Saídas de pista";1;0;0;0;0;0;0;0;0;0;1;0;0;0;0
"12/07/2021";"08:05:00";"88";"Acidente c";"527,76";"BR-163/MS";"NORTE";"Colisão lateral no sentido contrário";1;0;0;0;0;1;0;0;0;1;5;1;0;0;0
"12/07/2021";"14:56:00";"244";"Acidente c";"245,67";"BR-163/MS";"NORTE";"Capotamento";0;0;0;0;0;0;0;0;0;1;0;0;2;1;0
"12/07/2021";"16:51:00";"283";"Acidente s";"511,133";"BR-163/MS";"SUL";"Colisão c/ obstáculos";0;0;1;0;0;0;0;0;0;0;1;0;0;0;0
"12/07/2021";"17:24:00";"298";"Acidente s";"225,391";"BR-163/MS";"SUL";"Colisão c/ obstáculos";1;0;0;0;0;0;0;0;0;0;2;0;0;0;0
"13/07/2021";"07:36:00";"77";"Acidente c";"468,89";"BR-163/MS";"NORTE";"Tombamento de moto";0;0;0;1;0;0;0;0;0;0;0;2;0;0;0
"13/07/2021";"14:17:00";"232";"Acidente c";"569,268";"BR-163/MS";"NORTE";"Capotamento";1;0;0;0;0;0;0;0;0;0;1;0;1;0;0
"13/07/2021";"16:39:00";"272";"Acidente s";"703,501";"BR-163/MS";"SUL";"Tombamento de moto";0;0;0;1;0;0;0;0;0;0;1;0;0;0;0
"13/07/2021";"18:41:00";"287";"Acidente s";"311,848";"BR-163/MS";"NORTE";"Atropelamento de animais";0;0;0;0;0;0;0;0;0;1;1;0;0;0;0
"14/07/2021";"06:58:00";"55";"Acidente c";"257,54";"BR-163/MS";"SUL";"Tombamento";0;1;0;0;0;0;0;0;0;0;0;1;0;0;0
"14/07/2021";"18:20:00";"314";"Acidente s";"770,24";"BR-163/MS";"NORTE";"Atropelamento de animais";1;0;0;0;0;0;0;0;0;0;1;0;0;0;0
"14/07/2021";"18:39:00";"316";"Acidente s";"486,183";"BR-163/MS";"NORTE";"Engavetamento";1;0;3;0;0;0;0;0;0;0;4;0;0;0;0
"14/07/2021";"18:49:00";"318";"Acidente c";"78,23";"BR-163/MS";"SUL";"Colisão lateral no mesmo sentido";1;0;0;1;0;0;0;0;0;0;2;2;0;0;0
"15/07/2021";"02:32:00";"12";"Acidente c";"799,703";"BR-163/MS";"SUL";"Colisão c/ obstáculos";0;0;0;0;0;0;0;0;0;1;0;1;0;0;0
"15/07/2021";"13:58:00";"207";"Acidente c";"730,5";"BR-163/MS";"NORTE";"Colisão lateral no sentido contrário";0;0;0;1;0;0;0;0;0;1;2;1;0;0;0
"15/07/2021";"15:31:00";"232";"Acidente c";"664,5";"BR-163/MS";"SUL";"Tombamento";0;1;0;0;0;0;0;0;0;0;0;1;0;0;0
"15/07/2021";"19:47:00";"304";"Acidente c";"12,349";"BR-163/MS";"SUL";"Colisão lateral no mesmo sentido";0;0;0;1;0;0;0;0;0;1;4;1;0;0;0
"15/07/2021";"21:38:00";"331";"Acidente c";"210,8";"BR-163/MS";"NORTE";"Colisão com veículos (traseira)";0;0;1;0;1;2;0;0;0;0;17;8;0;0;0
"15/07/2021";"23:51:00";"340";"Acidente s";"564,66";"BR-163/MS";"NORTE";"Atropelamento de animais";1;0;0;0;0;0;0;0;0;0;2;0;0;0;0
"16/07/2021";"06:03:00";"21";"Acidente s";"113,856";"BR-163/MS";"NORTE";"Colisão c/ obstáculos";0;0;0;0;0;0;0;0;0;1;1;0;0;0;0
"16/07/2021";"09:17:00";"151";"Acidente s";"57,712";"BR-163/MS";"SUL";"Tombamento";0;0;1;0;0;1;0;0;0;0;2;0;0;0;0
"16/07/2021";"09:52:00";"164";"Acidente s";"532";"BR-163/MS";"NORTE";"Colisão lateral no mesmo sentido";2;0;0;0;0;0;0;0;0;0;4;0;0;0;0
"16/07/2021";"10:02:00";"173";"Acidente c";"57,288";"BR-163/MS";"SUL";"Engavetamento";0;0;2;0;0;0;0;0;0;1;3;0;1;0;0
"16/07/2021";"13:03:00";"228";"Acidente c";"578,54";"BR-163/MS";"SUL";"Engavetamento";2;0;3;0;0;1;0;0;0;0;6;0;0;0;1
"16/07/2021";"15:49:00";"280";"Acidente s";"106,161";"BR-163/MS";"SUL";"Capotamento";1;0;0;0;0;0;0;0;0;0;2;0;0;0;0
"16/07/2021";"20:31:00";"350";"Acidente c";"250,202";"BR-163/MS";"NORTE";"Colisão lateral no mesmo sentido";0;0;1;0;0;1;0;0;0;1;2;0;0;0;1
"16/07/2021";"21:12:00";"357";"Acidente c";"302,625";"BR-163/MS";"NORTE";"Capotamento";1;0;0;0;0;0;0;0;0;0;0;1;0;0;0
"17/07/2021";"09:01:00";"101";"Acidente c";"620,1";"BR-163/MS";"NORTE";"Tombamento de moto";0;0;0;1;0;0;0;0;0;0;0;1;1;0;0
"17/07/2021";"10:31:00";"157";"Acidente c";"496,824";"BR-163/MS";"SUL";"Tombamento de moto";0;0;0;1;0;0;0;0;0;0;0;1;0;1;0
"17/07/2021";"22:11:00";"339";"Acidente c";"680,336";"BR-163/MS";"NORTE";"Tombamento";0;1;0;0;0;0;0;0;0;0;0;1;0;0;0
"18/07/2021";"04:34:00";"20";"Acidente s";"183,687";"BR-163/MS";"SUL";"Colisão c/ obstáculos";0;0;0;0;0;0;0;0;0;1;1;0;0;0;0
"18/07/2021";"18:52:00";"256";"Acidente c";"561,7";"BR-163/MS";"SUL";"Capotamento";0;0;0;0;0;0;0;0;0;1;0;1;0;0;0
"19/07/2021";"05:26:00";"22";"Acidente s";"579,657";"BR-163/MS";"SUL";"Colisão c/ obstáculos";1;0;0;0;0;0;0;0;0;0;1;0;0;0;0
"19/07/2021";"06:22:00";"31";"Acidente c";"72";"BR-163/MS";"NORTE";"Capotamento";1;0;0;0;0;0;0;0;0;0;0;1;0;0;0
"19/07/2021";"06:49:00";"37";"Acidente s";"72";"BR-163/MS";"NORTE";"Saídas de pista";1;0;0;0;0;0;0;0;0;0;4;0;0;0;0
"19/07/2021";"10:44:00";"142";"Acidente s";"679,5";"BR-163/MS";"NORTE";"Colisão c/ obstáculos";0;0;2;0;0;0;0;0;0;0;4;0;0;0;0
"19/07/2021";"11:43:00";"156";"Acidente c";"793,62";"BR-163/MS";"SUL";"Colisão lateral no sentido contrário";1;0;1;0;0;0;0;0;0;0;4;1;0;0;0
"19/07/2021";"15:33:00";"232";"Acidente c";"556,9";"BR-163/MS";"SUL";"Colisão lateral no mesmo sentido";0;0;2;0;0;2;0;0;0;1;3;2;0;1;0
"19/07/2021";"17:30:00";"259";"Acidente s";"261,374";"BR-163/MS";"NORTE";"Tombamento";0;0;0;0;0;0;0;0;0;1;1;0;0;0;0
"19/07/2021";"18:22:00";"267";"Acidente c";"609,205";"BR-163/MS";"SUL";"Tombamento";0;0;1;0;0;1;0;0;0;0;1;1;0;0;0
"19/07/2021";"19:20:00";"276";"Acidente s";"263,6";"BR-163/MS";"SUL";"Colisão com veículos (traseira)";2;0;1;0;0;0;0;0;0;0;4;0;0;0;0
"20/07/2021";"13:13:00";"210";"Acidente s";"204";"BR-163/MS";"NORTE";"Engavetamento";3;0;0;0;0;0;0;0;0;0;7;0;0;0;0
"21/07/2021";"19:28:00";"322";"Acidente c";"408,241";"BR-163/MS";"NORTE";"Tombamento";0;0;1;0;0;2;0;0;0;0;2;3;0;0;0
"21/07/2021";"23:57:00";"354";"Atropelame";"681,6";"BR-163/MS";"NORTE";"Atropelamento de pedestre";0;0;0;0;0;1;0;0;0;1;5;0;0;1;0
"23/07/2021";"05:29:00";"29";"Acidente c";"732,224";"BR-163/MS";"SUL";"Capotamento";0;0;1;0;0;2;0;0;0;0;2;0;1;0;0
"23/07/2021";"10:01:00";"135";"Acidente c";"614";"BR-163/MS";"NORTE";"Colisão lateral no sentido contrário";0;0;1;1;0;0;0;0;0;0;1;1;0;0;0
"23/07/2021";"14:57:00";"233";"Acidente c";"481,4";"BR-163/MS";"SUL";"Tombamento de moto";0;0;0;1;0;0;0;0;0;0;0;0;1;0;0
"23/07/2021";"15:19:00";"237";"Acidente c";"512,673";"BR-163/MS";"NORTE";"Capotamento";0;0;1;0;0;0;0;0;0;0;0;0;1;0;0
"23/07/2021";"19:08:00";"294";"Acidente c";"117";"BR-163/MS";"NORTE";"Colisão lateral no sentido contrário";0;0;1;0;1;2;0;0;0;0;26;2;0;0;0
"23/07/2021";"19:24:00";"295";"Acidente s";"726,246";"BR-163/MS";"SUL";"Saídas de pista";0;0;1;0;0;0;0;0;0;0;1;0;0;0;0
"23/07/2021";"21:43:00";"314";"Acidente s";"615,674";"BR-163/MS";"SUL";"Colisão lateral no sentido contrário";2;0;0;0;0;1;0;0;0;0;3;0;0;0;0
"24/07/2021";"03:09:00";"18";"Acidente s";"389,635";"BR-163/MS";"NORTE";"Tombamento";0;0;1;0;0;1;0;0;0;0;2;0;0;0;0
"24/07/2021";"18:05:00";"310";"Acidente s";"526,5";"BR-163/MS";"NORTE";"Tombamento de moto";0;0;0;1;0;0;0;0;0;0;1;0;0;0;0
"24/07/2021";"21:50:00";"348";"Acidente c";"54,636";"BR-163/MS";"NORTE";"Atropelamento de animais";2;0;0;0;0;0;0;0;0;0;4;1;0;0;0
"25/07/2021";"01:08:00";"6";"Acidente c";"611";"BR-163/MS";"NORTE";"Colisão lateral no sentido contrário";1;0;0;1;0;0;0;0;0;0;0;1;3;0;0
"25/07/2021";"01:26:00";"11";"Acidente c";"477,832";"BR-163/MS";"SUL";"Colisão lateral no sentido contrário";1;1;0;0;0;0;0;0;0;0;1;0;0;1;0
"25/07/2021";"07:58:00";"59";"Acidente s";"435";"BR-163/MS";"NORTE";"Colisão c/ obstáculos";0;0;0;0;1;0;0;0;0;0;1;0;0;0;0
"25/07/2021";"12:22:00";"133";"Acidente c";"687,438";"BR-163/MS";"SUL";"Colisão c/ obstáculos";0;0;0;1;0;0;0;0;0;0;0;1;0;1;0
"26/07/2021";"05:53:00";"23";"Acidente s";"774,4";"BR-163/MS";"SUL";"Tombamento";0;0;1;0;0;2;0;0;0;0;3;0;0;0;0
"26/07/2021";"12:31:00";"208";"Acidente s";"203,883";"BR-163/MS";"NORTE";"Colisão c/ obstáculos";0;0;0;0;0;0;0;0;0;1;1;0;0;0;0
"26/07/2021";"22:40:00";"357";"Acidente c";"810,412";"BR-163/MS";"SUL";"Colisão lateral no mesmo sentido";0;0;1;1;0;2;0;0;0;0;3;0;0;1;0
"27/07/2021";"03:41:00";"16";"Acidente s";"802";"BR-163/MS";"SUL";"Atropelamento de animais";0;0;0;0;0;0;0;0;0;1;1;0;0;0;0
"27/07/2021";"08:10:00";"110";"Acidente s";"3,8";"BR-163/MS";"SUL";"Colisão com veículos (traseira)";1;0;0;0;0;0;0;0;0;1;2;0;0;0;0
"27/07/2021";"18:11:00";"311";"Acidente s";"512,189";"BR-163/MS";"SUL";"Colisão com veículos (traseira)";0;0;2;0;0;2;0;0;0;0;4;0;0;0;0
"27/07/2021";"21:18:00";"337";"Acidente c";"263,28";"BR-163/MS";"SUL";"Colisão lateral no mesmo sentido";1;0;0;1;0;0;0;0;0;0;1;1;0;0;0
"27/07/2021";"23:03:00";"347";"Acidente s";"172,2";"BR-163/MS";"SUL";"Colisão c/ obstáculos";0;0;1;0;0;1;0;0;0;0;2;0;0;0;0
"27/07/2021";"23:31:00";"351";"Acidente c";"773,636";"BR-163/MS";"NORTE";"Atropelamento de animais";0;0;0;1;0;0;0;0;0;0;0;0;0;1;0
"28/07/2021";"09:00:00";"92";"Acidente s";"330,8";"BR-163/MS";"NORTE";"Saídas de pista";1;0;0;0;0;0;0;0;0;0;1;0;0;0;0
"28/07/2021";"13:32:00";"187";"Acidente c";"210,887";"BR-163/MS";"NORTE";"Colisão lateral no sentido contrário";0;0;0;1;0;0;0;0;0;1;1;1;1;0;0
"28/07/2021";"22:46:00";"280";"Acidente c";"256";"BR-163/MS";"NORTE";"Colisão c/ obstáculos";0;0;0;1;0;0;0;0;0;1;2;0;0;1;0
"29/07/2021";"18:37:00";"301";"Acidente c";"294,754";"BR-163/MS";"SUL";"Colisão com veículos (traseira)";1;0;1;0;0;1;0;0;0;0;4;1;0;0;0
"30/07/2021";"04:05:00";"14";"Acidente c";"841,303";"BR-163/MS";"SUL";"Tombamento";0;0;1;0;0;1;0;0;0;0;1;1;0;0;0
"30/07/2021";"09:07:00";"123";"Acidente s";"597,575";"BR-163/MS";"SUL";"Tombamento";0;0;1;0;0;2;0;0;0;0;3;0;0;0;0
"30/07/2021";"10:39:00";"156";"Acidente s";"39,6";"BR-163/MS";"SUL";"Colisão lateral no sentido contrário";1;0;0;0;0;0;0;0;0;1;2;0;0;0;0
"30/07/2021";"13:02:00";"203";"Acidente c";"75,939";"BR-163/MS";"NORTE";"Colisão lateral no sentido contrário";0;0;0;1;0;0;0;0;0;1;6;1;0;0;0
"30/07/2021";"13:57:00";"220";"Acidente s";"316";"BR-163/MS";"NORTE";"Tombamento";0;0;1;0;0;2;0;0;0;0;3;0;0;0;0
"30/07/2021";"14:18:00";"228";"Acidente s";"452,1";"BR-163/MS";"SUL";"Colisão lateral no mesmo sentido";1;0;1;0;0;1;0;0;0;0;3;0;0;0;0
"30/07/2021";"19:21:00";"322";"Acidente c";"273,484";"BR-163/MS";"SUL";"Capotamento";0;0;0;0;0;0;0;0;0;1;0;1;0;0;0
"31/07/2021";"00:37:00";"4";"Acidente c";"232,606";"BR-163/MS";"SUL";"Colisão com veículos (traseira)";0;0;1;0;0;0;0;0;0;1;1;0;0;1;0
"31/07/2021";"17:59:00";"267";"Acidente c";"261,165";"BR-163/MS";"NORTE";"Colisão com veículos (traseira)";1;0;0;1;0;0;0;0;0;0;1;1;0;0;0
"31/07/2021";"20:37:00";"291";"Acidente c";"10,815";"BR-163/MS";"SUL";"Capotamento";0;0;0;0;0;0;0;0;0;1;1;2;0;1;0
"31/07/2021";"20:43:00";"295";"Acidente c";"255,276";"BR-163/MS";"NORTE";"Capotamento";1;0;1;0;0;0;0;0;0;1;4;3;0;0;0
"01/08/2021";"09:27:00";"108";"Acidente c";"484,383";"BR-163/MS";"SUL";"Colisão lateral no sentido contrário";1;0;1;0;0;2;0;0;0;0;3;1;0;0;0
"01/08/2021";"18:06:00";"262";"Acidente c";"488,233";"BR-163/MS";"SUL";"Colisão lateral no sentido contrário";1;1;0;0;0;0;0;0;0;0;1;1;0;0;0
"01/08/2021";"18:23:00";"268";"Acidente c";"548,778";"BR-163/MS";"SUL";"Colisão c/ obstáculos";1;0;0;0;0;0;0;0;0;0;0;0;1;0;0
"01/08/2021";"19:32:00";"284";"Acidente s";"416,493";"BR-163/MS";"NORTE";"Atropelamento de animais";1;0;0;0;0;0;0;0;0;0;4;0;0;0;0
"01/08/2021";"20:11:00";"289";"Acidente c";"728,955";"BR-163/MS";"SUL";"Colisão c/ obstáculos";1;0;0;0;0;0;0;0;0;0;1;1;0;0;0
"01/08/2021";"21:50:00";"303";"Acidente s";"43,155";"BR-163/MS";"SUL";"Capotamento";1;0;0;0;0;0;0;0;0;0;1;0;0;0;0
"01/08/2021";"22:36:00";"306";"Acidente s";"227,962";"BR-163/MS";"SUL";"Atropelamento de animais";1;0;0;0;0;0;0;0;0;0;3;0;0;0;0
"02/08/2021";"15:51:00";"178";"Acidente s";"254,483";"BR-163/MS";"NORTE";"Saídas de pista";1;0;0;0;0;0;0;0;0;0;1;0;0;0;0
"02/08/2021";"16:31:00";"185";"Acidente s";"475,777";"BR-163/MS";"SUL";"Colisão lateral no sentido contrário";1;0;0;0;0;0;0;0;0;1;3;0;0;0;0
"02/08/2021";"16:54:00";"193";"Acidente c";"476,381";"BR-163/MS";"NORTE";"Colisão lateral no sentido contrário";1;0;0;1;0;0;0;0;0;0;1;0;1;0;0
"02/08/2021";"18:34:00";"206";"Acidente s";"740,777";"BR-163/MS";"SUL";"Colisão com veículos (traseira)";0;0;0;0;0;0;0;0;0;2;3;0;0;0;0
"02/08/2021";"19:03:00";"211";"Acidente c";"254,49";"BR-163/MS";"SUL";"Atropelamento de animais";0;0;0;1;0;0;0;0;0;0;0;2;0;0;0
"02/08/2021";"21:30:00";"230";"Acidente c";"681,209";"BR-163/MS";"SUL";"Colisão com veículos (frontal)";0;0;0;1;0;0;0;0;0;1;4;0;0;1;0
"03/08/2021";"04:34:00";"5";"Acidente c";"483,137";"BR-163/MS";"SUL";"Capotamento";0;0;0;0;0;0;0;0;0;1;0;2;0;0;0
"04/08/2021";"04:41:00";"19";"Acidente s";"750,382";"BR-163/MS";"SUL";"Atropelamento de animais";0;0;0;0;0;0;0;0;0;1;1;0;0;0;0
"04/08/2021";"12:30:00";"236";"Acidente s";"373,711";"BR-163/MS";"NORTE";"Colisão lateral no mesmo sentido";0;0;2;0;0;0;0;0;0;0;3;0;0;0;0
"04/08/2021";"12:54:00";"245";"Acidente c";"476,71";"BR-163/MS";"NORTE";"Tombamento de moto";0;0;0;1;0;0;0;0;0;0;0;2;0;0;0
"04/08/2021";"16:29:00";"334";"Acidente c";"261,209";"BR-163/MS";"SUL";"Tombamento de moto";0;0;0;1;0;0;0;0;0;0;1;1;0;0;0
"04/08/2021";"17:11:00";"351";"Acidente c";"261";"BR-163/MS";"SUL";"Colisão c/ obstáculos";1;0;0;1;0;0;0;0;0;0;1;1;0;0;0
"04/08/2021";"22:39:00";"399";"Acidente s";"158,221";"BR-163/MS";"SUL";"Atropelamento de animais";0;0;0;0;0;0;0;0;0;1;4;0;0;0;0
"05/08/2021";"14:21:00";"249";"Acidente s";"191";"BR-163/MS";"NORTE";"Saídas de pista";0;0;0;0;0;0;0;0;0;1;3;0;0;0;0