data;horario;n_da_ocorrencia;tipo_de_ocorrencia;km;trecho;sentido;tipo_de_acidente;automovel;bicicleta;caminhao;moto;onibus;outros;tracao_animal;transporte_de_cargas_especiais;trator_maquinas;utilitarios;ilesos;levemente_feridos;moderadamente_feridos;gravemente_feridos;mortos
"05/08/2021";"17:31:00";"335";"Acidente c";"166,232";"BR-163/MS";"NORTE";"Colisão lateral no mesmo sentido";0;0;0;0;0;1;0;0;0;1;2;1;0;0;0
"05/08/2021";"17:51:00";"339";"Acidente s";"437,94";"BR-163/MS";"NORTE";"Saídas de pista";1;0;0;0;0;0;0;0;0;0;1;0;0;0;0
"05/08/2021";"18:20:00";"350";"Acidente s";"743,823";"BR-163/MS";"NORTE";"Atropelamento de animais";1;0;0;0;0;0;0;0;0;0;1;0;0;0;0
"06/08/2021";"05:41:00";"20";"Acidente s";"834,782";"BR-163/MS";"NORTE";"Atropelamento de animais";0;0;1;0;0;1;0;0;0;0;2;0;0;0;0
"06/08/2021";"12:36:00";"161";"Acidente s";"485,1";"BR-163/MS";"NORTE";"Colisão com veículos (traseira)";0;0;1;0;0;0;0;0;0;1;5;0;0;0;0
"06/08/2021";"12:57:00";"165";"Acidente c";"636,8";"BR-163/MS";"SUL";"Colisão c/ obstáculos";0;0;1;0;0;0;0;0;0;0;0;1;0;0;0
"06/08/2021";"16:56:00";"248";"Acidente s";"250,925";"BR-163/MS";"NORTE";"Colisão lateral no mesmo sentido";0;0;1;0;0;2;0;0;0;1;5;0;0;0;0
"06/08/2021";"17:56:00";"263";"Acidente c";"469,203";"BR-163/MS";"NORTE";"Colisão lateral no sentido contrário";1;0;0;1;0;0;0;0;0;0;3;1;0;0;0
"06/08/2021";"21:19:00";"310";"Acidente c";"123,782";"BR-163/MS";"SUL";"Colisão lateral no mesmo sentido";1;0;2;0;0;3;0;0;0;0;6;1;2;0;0
"06/08/2021";"23:55:00";"329";"Acidente c";"479,688";"BR-163/MS";"NORTE";"Atropelamento de animais";0;0;0;1;0;0;0;0;0;0;0;1;0;0;0
"07/08/2021";"05:49:00";"29";"Acidente s";"237,461";"BR-163/MS";"SUL";"Atropelamento de animais";0;0;0;0;0;0;0;0;0;1;1;0;0;0;0
"07/08/2021";"06:47:00";"42";"Acidente s";"748,763";"BR-163/MS";"NORTE";"Saídas de pista";1;0;0;0;0;0;0;0;0;0;1;0;0;0;0
"07/08/2021";"07:08:00";"49";"Acidente c";"463,871";"BR-163/MS";"NORTE";"Colisão com veículos (traseira)";0;1;0;0;0;0;0;0;0;1;1;1;0;0;0
"07/08/2021";"12:55:00";"163";"Acidente c";"475,8";"BR-163/MS";"NORTE";"Tombamento de moto";0;0;0;1;0;0;0;0;0;0;0;1;0;0;0
"07/08/2021";"20:34:00";"283";"Acidente s";"540,187";"BR-163/MS";"SUL";"Colisão com veículos (traseira)";2;0;0;0;0;0;0;0;0;0;8;0;0;0;0
"08/08/2021";"09:04:00";"81";"Acidente s";"201,8";"BR-163/MS";"NORTE";"Saídas de pista";1;0;0;0;0;0;0;0;0;0;4;0;0;0;0
"08/08/2021";"18:22:00";"273";"Acidente s";"425,5";"BR-163/MS";"SUL";"Atropelamento de animais";1;0;0;0;0;0;0;0;0;0;2;0;0;0;0
"08/08/2021";"19:06:00";"288";"Acidente s";"424,42";"BR-163/MS";"NORTE";"Atropelamento de animais";0;0;0;0;0;0;0;0;0;1;2;0;0;0;0
"08/08/2021";"20:28:00";"305";"Acidente s";"316,87";"BR-163/MS";"SUL";"Colisão c/ obstáculos";1;0;0;0;0;0;0;0;0;0;1;0;0;0;0
"08/08/2021";"20:36:00";"308";"Acidente c";"261,435";"BR-163/MS";"SUL";"Tombamento de moto";0;0;0;1;0;0;0;0;0;0;0;0;1;0;0
"09/08/2021";"01:38:00";"12";"Acidente s";"352,353";"BR-163/MS";"SUL";"Atropelamento de animais";1;0;0;0;0;0;0;0;0;0;1;0;0;0;0
"09/08/2021";"06:59:00";"55";"Acidente s";"89,884";"BR-163/MS";"NORTE";"Colisão c/ obstáculos";1;0;0;0;0;0;0;0;0;0;1;0;0;0;0
"09/08/2021";"11:47:00";"229";"Acidente c";"141,583";"BR-163/MS";"NORTE";"Engavetamento";0;0;3;0;0;4;0;0;0;0;6;1;0;0;0
"09/08/2021";"14:20:00";"287";"Acidente c";"484,41";"BR-163/MS";"SUL";"Colisão lateral no sentido contrário";0;0;0;2;0;0;0;0;0;0;0;1;1;0;0
"09/08/2021";"20:34:00";"401";"Acidente s";"212,4";"BR-163/MS";"NORTE";"Atropelamento de animais";0;0;0;0;0;0;0;0;0;1;2;0;0;0;0
"10/08/2021";"05:56:00";"35";"Acidente s";"444,789";"BR-163/MS";"NORTE";"Atropelamento de animais";0;0;1;0;0;0;0;0;0;0;1;0;0;0;0
"10/08/2021";"06:39:00";"60";"Acidente c";"477,913";"BR-163/MS";"SUL";"Colisão lateral no sentido contrário";1;0;0;0;0;0;0;0;0;1;1;1;0;0;0
"10/08/2021";"10:46:00";"208";"Acidente s";"227,993";"BR-163/MS";"NORTE";"Colisão com veículos (traseira)";0;0;2;0;0;4;0;0;0;0;6;0;0;0;0
"10/08/2021";"12:18:00";"237";"Acidente s";"588";"BR-163/MS";"SUL";"Saídas de pista";0;0;0;0;0;0;0;0;0;1;1;0;0;0;0
"10/08/2021";"12:22:00";"240";"Acidente s";"2,427";"BR-163/MS";"NORTE";"Colisão com veículos (traseira)";2;0;0;0;0;0;0;0;0;0;5;0;0;0;0
"10/08/2021";"14:20:00";"274";"Acidente c";"484,845";"BR-163/MS";"NORTE";"Colisão com veículos (traseira)";1;0;2;0;0;2;0;0;0;0;4;0;0;0;1
"11/08/2021";"05:47:00";"24";"Acidente c";"6";"BR-163/MS";"SUL";"Saídas de pista";1;0;0;0;0;0;0;0;0;0;0;4;0;0;0
"11/08/2021";"11:20:00";"147";"Acidente s";"475,887";"BR-163/MS";"SUL";"Colisão com veículos (traseira)";1;0;0;0;0;0;0;0;0;1;3;0;0;0;0
"11/08/2021";"15:23:00";"216";"Acidente s";"238,5";"BR-163/MS";"NORTE";"Colisão com veículos (traseira)";0;0;3;0;0;4;0;0;0;0;7;0;0;0;0
"11/08/2021";"19:10:00";"255";"Acidente c";"263,2";"BR-163/MS";"SUL";"Atropelamento de pedestre";0;1;0;0;0;0;0;0;0;0;0;1;0;0;0
"11/08/2021";"20:50:00";"279";"Acidente s";"262";"BR-163/MS";"NORTE";"Colisão c/ obstáculos";1;0;0;0;0;0;0;0;0;0;1;0;0;0;0
"12/08/2021";"04:51:00";"19";"Acidente s";"806,672";"BR-163/MS";"SUL";"Atropelamento de animais";1;0;0;0;0;0;0;0;0;0;2;0;0;0;0
"12/08/2021";"04:54:00";"21";"Acidente s";"468,164";"BR-163/MS";"SUL";"Colisão com veículos (traseira)";1;0;0;0;0;1;0;0;0;0;8;0;0;0;0
"12/08/2021";"12:22:00";"190";"Acidente s";"69";"BR-163/MS";"NORTE";"Tombamento de moto";0;0;0;1;0;0;0;0;0;0;2;0;0;0;0
"12/08/2021";"13:46:00";"217";"Acidente s";"103,64";"BR-163/MS";"SUL";"Tombamento";0;0;1;0;0;1;0;0;0;0;2;0;0;0;0
"12/08/2021";"16:42:00";"264";"Acidente s";"44,58";"BR-163/MS";"NORTE";"Tombamento";0;0;1;0;0;0;0;0;0;0;1;0;0;0;0
"13/08/2021";"04:33:00";"23";"Acidente s";"339,468";"BR-163/MS";"SUL";"Colisão com veículos (traseira)";0;0;0;0;0;1;0;0;0;1;2;0;0;0;0
"13/08/2021";"11:01:00";"177";"Acidente c";"482,878";"BR-163/MS";"SUL";"Colisão lateral no mesmo sentido";0;0;0;1;0;0;0;0;0;1;1;0;1;0;0
"13/08/2021";"18:41:00";"340";"Acidente c";"491,115";"BR-163/MS";"NORTE";"Colisão lateral no mesmo sentido";0;0;0;1;0;0;0;0;0;1;1;1;0;0;0
"13/08/2021";"20:31:00";"379";"Acidente c";"369,245";"BR-163/MS";"NORTE";"Colisão c/ obstáculos";0;0;0;1;0;0;0;0;0;0;0;1;0;0;0
"13/08/2021";"20:48:00";"387";"Acidente s";"4,219";"BR-163/MS";"NORTE";"Atropelamento de animais";0;0;0;0;0;0;0;0;0;1;1;0;0;0;0
"14/08/2021";"03:14:00";"12";"Acidente s";"489,417";"BR-163/MS";"NORTE";"Colisão c/ obstáculos";0;0;0;0;0;0;0;0;0;1;2;0;0;0;0
"14/08/2021";"04:46:00";"17";"Acidente s";"253,699";"BR-163/MS";"NORTE";"Colisão c/ obstáculos";1;0;0;0;0;0;0;0;0;0;1;0;0;0;0
"14/08/2021";"05:01:00";"20";"Acidente s";"275,232";"BR-163/MS";"SUL";"Colisão c/ obstáculos";1;0;0;0;0;0;0;0;0;0;3;0;0;0;0
"14/08/2021";"10:44:00";"145";"Acidente s";"144,537";"BR-163/MS";"SUL";"Tombamento";0;0;1;0;0;2;0;0;0;0;3;0;0;0;0
"14/08/2021";"11:03:00";"152";"Acidente s";"600,567";"BR-163/MS";"SUL";"Colisão c/ obstáculos";1;0;0;0;0;0;0;0;0;0;3;0;0;0;0
"14/08/2021";"12:31:00";"179";"Acidente c";"76,94";"BR-163/MS";"SUL";"Tombamento de moto";0;0;0;1;0;1;0;0;0;0;1;1;0;0;0
"14/08/2021";"15:27:00";"238";"Acidente s";"254,693";"BR-163/MS";"NORTE";"Colisão com veículos (traseira)";1;0;1;0;0;0;0;0;0;0;3;0;0;0;0
"14/08/2021";"18:46:00";"288";"Acidente c";"6,401";"BR-163/MS";"SUL";"Tombamento de moto";1;0;0;1;0;0;0;0;0;0;1;1;0;0;0
"14/08/2021";"19:59:00";"300";"Acidente c";"82,861";"BR-163/MS";"NORTE";"Colisão lateral no mesmo sentido";1;0;1;0;0;2;0;0;0;0;3;2;0;0;0
"15/08/2021";"01:33:00";"8";"Acidente c";"76,37";"BR-163/MS";"SUL";"Colisão lateral no mesmo sentido";0;0;0;1;1;0;0;0;0;0;1;1;0;0;0
"15/08/2021";"02:24:00";"13";"Acidente s";"264,694";"BR-163/MS";"SUL";"Colisão c/ obstáculos";1;0;0;0;0;0;0;0;0;0;2;0;0;0;0
"15/08/2021";"03:49:00";"19";"Acidente s";"834,453";"BR-163/MS";"SUL";"Colisão c/ obstáculos";1;0;0;0;0;0;0;0;0;0;1;0;0;0;0
"15/08/2021";"04:15:00";"20";"Acidente s";"608,775";"BR-163/MS";"SUL";"Atropelamento de animais";0;0;1;0;0;0;0;0;0;0;5;0;0;0;0
"15/08/2021";"04:42:00";"21";"Acidente s";"17,99";"BR-163/MS";"NORTE";"Colisão c/ obstáculos";1;0;0;0;0;0;0;0;0;0;1;0;0;0;0
"15/08/2021";"15:10:00";"259";"Acidente s";"485,36";"BR-163/MS";"SUL";"Colisão com veículos (traseira)";2;0;0;0;0;0;0;0;0;0;3;0;0;0;0
"15/08/2021";"22:42:00";"361";"Acidente c";"483,96";"BR-163/MS";"SUL";"Tombamento de moto";0;0;0;1;0;0;0;0;0;0;0;2;0;0;0
"16/08/2021";"07:46:00";"73";"Acidente c";"241,271";"BR-163/MS";"NORTE";"Capotamento";0;0;0;0;0;0;0;0;0;1;0;0;0;1;0
"16/08/2021";"17:21:00";"244";"Acidente s";"487,475";"BR-163/MS";"SUL";"Colisão com veículos (traseira)";0;0;2;0;0;0;0;0;0;0;2;0;0;0;0
"16/08/2021";"19:02:00";"270";"Acidente c";"363,126";"BR-163/MS";"NORTE";"Colisão com veículos (traseira)";0;1;0;0;0;0;0;0;0;1;1;0;0;1;0
"17/08/2021";"10:16:00";"157";"Acidente c";"627,46";"BR-163/MS";"NORTE";"Colisão c/ obstáculos";1;0;0;1;0;0;0;0;0;0;1;1;0;0;0
"17/08/2021";"18:14:00";"309";"Acidente s";"558,356";"BR-163/MS";"NORTE";"Atropelamento de animais";0;0;0;0;0;0;0;0;0;1;4;0;0;0;0
"17/08/2021";"19:59:00";"327";"Acidente c";"385,678";"BR-163/MS";"SUL";"Atropelamento de animais";0;0;0;0;0;0;0;0;0;1;3;1;0;0;0
"18/08/2021";"10:49:00";"185";"Acidente c";"288,668";"BR-163/MS";"NORTE";"Engavetamento";0;0;3;0;0;1;0;0;0;0;4;1;0;0;0
"18/08/2021";"16:41:00";"318";"Acidente c";"76,637";"BR-163/MS";"NORTE";"Colisão com veículos (traseira)";0;0;0;1;0;0;0;0;0;1;1;1;0;0;0
"18/08/2021";"18:18:00";"349";"Acidente c";"488,2";"BR-163/MS";"NORTE";"Tombamento";0;1;0;0;0;0;0;0;0;0;0;0;1;0;0
"18/08/2021";"22:07:00";"397";"Acidente c";"261,241";"BR-163/MS";"SUL";"Atropelamento de animais";1;0;0;1;0;0;0;0;0;0;1;0;0;1;0
"18/08/2021";"22:38:00";"402";"Acidente s";"699,963";"BR-163/MS";"NORTE";"Atropelamento de animais";0;0;0;0;0;0;0;0;0;1;1;0;0;0;0
"19/08/2021";"04:22:00";"15";"Acidente s";"591,958";"BR-163/MS";"SUL";"Colisão c/ obstáculos";0;0;1;0;0;0;0;0;0;0;2;0;0;0;0
"19/08/2021";"10:52:00";"218";"Acidente c";"608,2";"BR-163/MS";"NORTE";"Colisão com veículos (traseira)";0;0;1;0;0;0;0;0;0;1;1;1;0;0;0
"19/08/2021";"11:26:00";"234";"Acidente s";"595,101";"BR-163/MS";"NORTE";"Capotamento";1;0;0;0;0;0;0;0;0;0;1;0;0;0;0
"19/08/2021";"12:53:00";"262";"Acidente c";"614,218";"BR-163/MS";"NORTE";"Colisão lateral no sentido contrário";0;1;1;0;0;0;0;0;0;0;1;1;0;0;0
"19/08/2021";"21:06:00";"450";"Acidente c";"25,473";"BR-163/MS";"NORTE";"Colisão com veículos (traseira)";0;0;2;0;0;4;0;0;0;0;5;1;0;0;0
"20/08/2021";"08:20:00";"92";"Acidente c";"179";"BR-163/MS";"NORTE";"Colisão com veículos (traseira)";1;0;1;0;0;0;0;0;0;0;2;2;0;0;0
"20/08/2021";"09:55:00";"131";"Acidente s";"213";"BR-163/MS";"SUL";"Colisão com veículos (traseira)";0;0;1;0;0;1;0;0;0;0;2;0;0;0;0
"20/08/2021";"11:04:00";"154";"Acidente c";"615,231";"BR-163/MS";"NORTE";"Colisão lateral no mesmo sentido";1;0;0;1;0;0;0;0;0;0;3;1;0;0;0
"20/08/2021";"13:50:00";"203";"Acidente s";"0,1";"BR-163/MS";"NORTE";"Tombamento";0;0;1;0;0;2;0;0;0;0;3;0;0;0;0
"20/08/2021";"15:45:00";"239";"Acidente c";"485,458";"BR-163/MS";"NORTE";"Colisão lateral no mesmo sentido";0;0;0;2;0;0;0;0;0;0;0;0;2;0;0
"20/08/2021";"18:59:00";"285";"Acidente s";"260,608";"BR-163/MS";"NORTE";"Colisão c/ obstáculos";1;0;0;0;0;0;0;0;0;0;2;0;0;0;0
"20/08/2021";"23:58:00";"335";"Acidente c";"368,246";"BR-163/MS";"SUL";"Colisão com veículos (traseira)";0;0;0;1;0;0;0;0;0;1;1;0;0;1;0
"21/08/2021";"05:34:00";"28";"Acidente s";"357,748";"BR-163/MS";"SUL";"Colisão lateral no mesmo sentido";1;0;0;0;0;0;0;0;0;1;7;0;0;0;0
"21/08/2021";"06:39:00";"40";"Acidente c";"262,952";"BR-163/MS";"NORTE";"Colisão lateral no sentido contrário";1;0;0;1;0;0;0;0;0;0;5;2;0;0;0
"21/08/2021";"10:18:00";"116";"Acidente s";"211,92";"BR-163/MS";"NORTE";"Colisão com veículos (traseira)";2;0;0;0;0;0;0;0;0;0;2;0;0;0;0
"21/08/2021";"10:57:00";"131";"Acidente s";"343,21";"BR-163/MS";"SUL";"Saídas de pista";1;0;0;0;0;0;0;0;0;0;1;0;0;0;0
"21/08/2021";"14:49:00";"200";"Acidente s";"681";"BR-163/MS";"NORTE";"Colisão lateral no sentido contrário";1;0;1;0;0;1;0;0;0;0;3;0;0;0;0
"21/08/2021";"19:26:00";"279";"Acidente s";"456,696";"BR-163/MS";"NORTE";"Atropelamento de animais";0;0;0;0;0;0;0;0;0;1;4;0;0;0;0
"21/08/2021";"23:43:00";"311";"Acidente c";"400,16";"BR-163/MS";"NORTE";"Atropelamento de animais";0;0;0;1;0;0;0;0;0;0;0;1;1;0;0
"22/08/2021";"01:30:00";"18";"Acidente c";"60,438";"BR-163/MS";"NORTE";"Colisão lateral no sentido contrário";1;0;1;0;0;2;0;0;0;0;4;0;0;1;1
"22/08/2021";"02:58:00";"26";"Acidente c";"270,579";"BR-163/MS";"NORTE";"Colisão c/ obstáculos";0;0;0;0;0;0;0;0;0;1;1;1;0;0;0
"22/08/2021";"12:32:00";"131";"Acidente c";"260,2";"BR-163/MS";"NORTE";"Tombamento de moto";0;0;0;1;0;0;0;0;0;0;0;1;0;0;0
"22/08/2021";"21:36:00";"254";"Acidente s";"563,61";"BR-163/MS";"NORTE";"Atropelamento de animais";0;0;0;0;0;0;0;0;0;1;1;0;0;0;0
"22/08/2021";"21:50:00";"256";"Acidente s";"660,857";"BR-163/MS";"NORTE";"Capotamento";0;0;1;0;0;0;0;0;0;0;1;0;0;0;0
"23/08/2021";"04:59:00";"25";"Acidente s";"559,54";"BR-163/MS";"NORTE";"Atropelamento de animais";0;0;0;0;0;0;0;0;0;1;2;0;0;0;0
"23/08/2021";"06:03:00";"37";"Acidente s";"159,127";"BR-163/MS";"SUL";"Tombamento";0;0;1;0;0;2;0;0;0;0;3;0;0;0;0
"23/08/2021";"12:17:00";"214";"Acidente s";"662,544";"BR-163/MS";"SUL";"Atropelamento de animais";1;0;0;0;0;0;0;0;0;0;1;0;0;0;0
"23/08/2021";"13:47:00";"258";"Acidente c";"489,889";"BR-163/MS";"SUL";"Tombamento";0;1;0;0;0;0;0;0;0;0;0;1;0;0;0
"24/08/2021";"05:30:00";"23";"Acidente c";"243,848";"BR-163/MS";"NORTE";"Colisão com veículos (traseira)";0;0;0;1;0;0;0;0;0;1;1;1;0;0;0
"24/08/2021";"13:35:00";"244";"Acidente c";"837,947";"BR-163/MS";"NORTE";"Colisão com veículos (frontal)";0;0;1;0;0;2;0;0;0;1;4;0;0;1;0
"25/08/2021";"03:48:00";"17";"Acidente s";"254,481";"BR-163/MS";"SUL";"Atropelamento de animais";0;0;0;0;0;0;0;0;0;1;1;0;0;0;0
"25/08/2021";"04:17:00";"20";"Acidente s";"254,484";"BR-163/MS";"SUL";"Atropelamento de animais";0;0;0;1;0;0;0;0;0;0;1;0;0;0;0
"25/08/2021";"06:40:00";"45";"Acidente c";"478,713";"BR-163/MS";"NORTE";"Colisão lateral no mesmo sentido";0;0;1;1;0;0;0;0;0;0;2;0;1;0;0
"25/08/2021";"09:30:00";"108";"Acidente c";"260";"BR-163/MS";"NORTE";"Tombamento de moto";0;0;0;1;0;0;0;0;0;0;0;1;0;0;0
"25/08/2021";"11:31:00";"151";"Acidente s";"39,92";"BR-163/MS";"NORTE";"Colisão lateral no mesmo sentido";1;0;0;1;0;0;0;0;0;0;2;0;0;0;0
"25/08/2021";"15:07:00";"211";"Acidente s";"666,524";"BR-163/MS";"NORTE";"Tombamento";0;0;1;0;0;0;0;0;0;0;1;0;0;0;0
"25/08/2021";"17:16:00";"236";"Acidente c";"684,784";"BR-163/MS";"SUL";"Saídas de pista";1;0;0;0;0;0;0;0;0;0;2;1;1;0;0
"25/08/2021";"17:20:00";"237";"Acidente s";"214,995";"BR-163/MS";"SUL";"Colisão lateral no sentido contrário";1;0;0;0;0;1;0;0;0;0;3;0;0;0;0
"25/08/2021";"23:26:00";"298";"Acidente c";"476,389";"BR-163/MS";"SUL";"Colisão c/ obstáculos";0;0;0;1;0;1;0;0;0;0;1;2;0;0;0
"26/08/2021";"08:06:00";"76";"Acidente s";"564";"BR-163/MS";"SUL";"Tombamento";0;0;1;0;0;2;0;0;0;0;3;0;0;0;0
"26/08/2021";"12:24:00";"153";"Acidente c";"389";"BR-163/MS";"NORTE";"Saídas de pista";1;0;0;0;0;0;0;0;0;0;0;1;0;0;0
"27/08/2021";"00:30:00";"6";"Acidente s";"783,326";"BR-163/MS";"NORTE";"Atropelamento de animais";0;0;0;0;0;0;0;0;0;1;4;0;0;0;0
"27/08/2021";"08:52:00";"116";"Acidente c";"479,429";"BR-163/MS";"SUL";"Tombamento de moto";0;0;0;1;0;0;0;0;0;0;0;1;0;0;0
"27/08/2021";"16:17:00";"289";"Acidente c";"666,182";"BR-163/MS";"NORTE";"Tombamento de moto";0;0;0;1;0;0;0;0;0;0;0;1;0;0;0
"27/08/2021";"19:12:00";"326";"Acidente s";"252,252";"BR-163/MS";"SUL";"Colisão c/ obstáculos";0;0;1;0;0;0;0;0;0;1;2;0;0;0;0
"27/08/2021";"22:05:00";"356";"Acidente s";"78,8";"BR-163/MS";"SUL";"Tombamento";0;0;1;0;0;2;0;0;0;0;3;0;0;0;0
"28/08/2021";"05:36:00";"15";"Acidente s";"280,26";"BR-163/MS";"NORTE";"Colisão c/ obstáculos";1;0;0;0;0;0;0;0;0;0;1;0;0;0;0
"28/08/2021";"16:07:00";"242";"Acidente s";"500,824";"BR-163/MS";"SUL";"Capotamento";0;0;0;0;0;0;0;0;0;1;2;0;0;0;0
"28/08/2021";"17:47:00";"267";"Acidente c";"280,732";"BR-163/MS";"SUL";"Colisão com veículos (traseira)";0;0;0;1;0;1;0;0;0;0;1;1;0;0;0
"28/08/2021";"18:01:00";"272";"Acidente c";"25,833";"BR-163/MS";"NORTE";"Colisão lateral no sentido contrário";1;0;0;1;0;0;0;0;0;0;1;1;0;0;0
"29/08/2021";"09:23:00";"109";"Acidente s";"821,8";"BR-163/MS";"SUL";"Colisão c/ obstáculos";0;0;0;0;0;1;0;0;0;1;2;0;0;0;0
"29/08/2021";"12:18:00";"157";"Acidente c";"578,912";"BR-163/MS";"SUL";"Tombamento";0;0;1;0;0;2;0;0;0;0;2;1;0;0;0
"29/08/2021";"16:57:00";"255";"Acidente s";"171,883";"BR-163/MS";"SUL";"Colisão lateral no sentido contrário";1;0;1;0;0;1;0;0;0;0;3;0;0;0;0
"29/08/2021";"18:28:00";"275";"Acidente s";"479,96";"BR-163/MS";"NORTE";"Colisão c/ obstáculos";0;0;1;0;0;0;0;0;0;0;1;0;0;0;0
"30/08/2021";"08:01:00";"83";"Acidente s";"113,993";"BR-163/MS";"NORTE";"Colisão com veículos (traseira)";0;0;0;0;0;0;0;0;0;2;3;0;0;0;0
"30/08/2021";"20:07:00";"303";"Acidente s";"679,912";"BR-163/MS";"SUL";"Colisão lateral no sentido contrário";1;0;0;0;0;0;0;0;0;1;2;0;0;0;0
"31/08/2021";"00:06:00";"1";"Acidente s";"666,232";"BR-163/MS";"SUL";"Saídas de pista";0;0;1;0;0;0;0;0;0;0;2;0;0;0;0
"31/08/2021";"01:01:00";"5";"Acidente c";"493,414";"BR-163/MS";"NORTE";"Tombamento de moto";0;0;0;1;0;0;0;0;0;0;0;1;0;0;0
"31/08/2021";"04:43:00";"20";"Acidente c";"134,203";"BR-163/MS";"NORTE";"Colisão c/ obstáculos";0;0;0;0;1;0;0;0;0;0;24;1;0;0;0
"01/09/2021";"08:03:00";"94";"Acidente c";"485,138";"BR-163/MS";"NORTE";"Colisão com veículos (traseira)";1;0;0;1;0;0;0;0;0;0;3;0;0;1;0
"01/09/2021";"09:39:00";"122";"Acidente s";"617,123";"BR-163/MS";"NORTE";"Colisão com veículos (traseira)";0;0;0;0;0;0;0;0;0;2;7;0;0;0;0
"01/09/2021";"12:17:00";"181";"Acidente c";"728,35";"BR-163/MS";"SUL";"Colisão com veículos (traseira)";0;0;2;0;0;2;0;0;0;0;3;0;0;1;0
"01/09/2021";"14:23:00";"227";"Acidente s";"259,778";"BR-163/MS";"NORTE";"Colisão lateral no mesmo sentido";1;0;1;0;0;2;0;0;0;0;5;0;0;0;0
"01/09/2021";"18:06:00";"292";"Acidente s";"445,775";"BR-163/MS";"NORTE";"Atropelamento de animais";0;0;1;0;0;2;0;0;0;0;3;0;0;0;0
"02/09/2021";"10:18:00";"168";"Acidente c";"727,863";"BR-163/MS";"NORTE";"Tombamento de moto";0;0;0;1;0;0;0;0;0;0;0;1;0;0;0
"02/09/2021";"12:02:00";"205";"Acidente s";"485,63";"BR-163/MS";"SUL";"Colisão com veículos (traseira)";0;0;2;0;0;1;0;0;0;0;4;0;0;0;0
"03/09/2021";"09:08:00";"135";"Acidente c";"764";"BR-163/MS";"NORTE";"Colisão c/ obstáculos";0;0;0;1;0;0;0;0;0;0;0;0;1;0;0
"03/09/2021";"14:17:00";"274";"Acidente s";"576,438";"BR-163/MS";"NORTE";"Tombamento";0;0;1;0;0;1;0;0;0;0;2;0;0;0;0
"03/09/2021";"16:07:00";"319";"Acidente c";"88";"BR-163/MS";"NORTE";"Colisão c/ obstáculos";0;0;1;0;0;1;0;0;0;0;2;1;0;0;0
"03/09/2021";"18:20:00";"349";"Acidente s";"663";"BR-163/MS";"NORTE";"Atropelamento de animais";1;0;0;0;0;0;0;0;0;0;3;0;0;0;0
"03/09/2021";"19:50:00";"379";"Acidente s";"312";"BR-163/MS";"SUL";"Atropelamento de animais";1;0;0;0;0;0;0;0;0;0;1;0;0;0;0
"03/09/2021";"22:17:00";"407";"Acidente s";"278,757";"BR-163/MS";"SUL";"Colisão c/ obstáculos";1;0;0;0;0;0;0;0;0;0;1;0;0;0;0
"04/09/2021";"01:05:00";"6";"Acidente c";"94,11";"BR-163/MS";"SUL";"Capotamento";1;0;0;0;0;0;0;0;0;0;3;1;0;0;0
"04/09/2021";"01:08:00";"7";"Acidente c";"589,6";"BR-163/MS";"NORTE";"Tombamento";0;0;1;0;0;0;0;0;0;0;0;1;0;0;0
"04/09/2021";"15:01:00";"178";"Acidente c";"20,616";"BR-163/MS";"SUL";"Colisão lateral no sentido contrário";2;0;0;0;0;0;0;0;0;0;2;2;0;0;0
"04/09/2021";"16:18:00";"201";"Acidente c";"253";"BR-163/MS";"NORTE";"Colisão lateral no mesmo sentido";1;0;0;1;0;0;0;0;0;0;3;1;0;0;0
"04/09/2021";"19:10:00";"243";"Acidente s";"481,787";"BR-163/MS";"SUL";"Colisão lateral no mesmo sentido";0;0;0;1;0;0;0;0;0;1;5;0;0;0;0
"05/09/2021";"12:00:00";"104";"Acidente c";"86,231";"BR-163/MS";"SUL";"Tombamento";0;0;1;0;0;2;0;0;0;0;2;1;0;0;0
"05/09/2021";"12:20:00";"112";"Acidente c";"25,209";"BR-163/MS";"NORTE";"Colisão c/ obstáculos";1;0;0;0;0;0;0;0;0;0;1;3;0;0;0
"05/09/2021";"15:43:00";"160";"Acidente c";"252,411";"BR-163/MS";"SUL";"Tombamento de moto";0;0;0;1;0;0;0;0;0;0;0;1;0;0;0
"06/09/2021";"09:44:00";"116";"Acidente c";"663,8";"BR-163/MS";"NORTE";"Tombamento de moto";0;0;0;1;0;0;0;0;0;0;0;1;1;0;0
"06/09/2021";"09:53:00";"120";"Acidente s";"614,775";"BR-163/MS";"NORTE";"Colisão lateral no sentido contrário";1;0;0;0;0;0;0;0;0;1;6;0;0;0;0
"06/09/2021";"17:02:00";"294";"Acidente c";"552,6";"BR-163/MS";"SUL";"Tombamento de moto";0;0;0;1;0;0;0;0;0;0;0;0;1;0;0
"06/09/2021";"22:05:00";"361";"Acidente c";"842,726";"BR-163/MS";"NORTE";"Capotamento";1;0;0;0;0;0;0;0;0;0;0;1;0;0;0
"07/09/2021";"04:19:00";"31";"Acidente c";"34,698";"BR-163/MS";"NORTE";"Colisão c/ obstáculos";0;0;0;1;0;0;0;0;0;0;0;0;0;0;1
"07/09/2021";"07:21:00";"63";"Acidente c";"513,878";"BR-163/MS";"NORTE";"Capotamento";1;0;0;0;0;0;0;0;0;0;0;0;1;0;0