data;horario;n_da_ocorrencia;tipo_de_ocorrencia;km;trecho;sentido;tipo_de_acidente;automovel;bicicleta;caminhao;moto;onibus;outros;tracao_animal;transporte_de_cargas_especiais;trator_maquinas;utilitarios;ilesos;levemente_feridos;moderadamente_feridos;gravemente_feridos;mortos
"07/09/2021";"09:05:00";"117";"Acidente c";"270";"BR-163/MS";"NORTE";"Colisão lateral no mesmo sentido";1;0;0;1;0;0;0;0;0;0;5;1;0;0;0
"07/09/2021";"15:22:00";"230";"Acidente c";"730,317";"BR-163/MS";"NORTE";"Colisão lateral no sentido contrário";0;0;1;1;0;2;0;0;0;0;4;0;0;1;0
"07/09/2021";"16:18:00";"247";"Acidente s";"462,182";"BR-163/MS";"SUL";"Colisão lateral no sentido contrário";0;0;1;0;0;1;0;0;0;1;6;0;0;0;0
"07/09/2021";"18:37:00";"274";"Acidente c";"680,163";"BR-163/MS";"SUL";"Colisão com veículos (frontal)";1;0;0;1;0;0;0;0;0;0;3;0;1;0;0
"08/09/2021";"03:11:00";"19";"Acidente s";"3,619";"BR-163/MS";"SUL";"Saídas de pista";1;0;0;0;0;0;0;0;0;0;1;0;0;0;0
"08/09/2021";"04:32:00";"24";"Acidente c";"320,773";"BR-163/MS";"NORTE";"Colisão com veículos (frontal)";0;0;1;0;0;1;0;0;0;1;2;1;0;0;0
"08/09/2021";"08:29:00";"100";"Acidente s";"213";"BR-163/MS";"SUL";"Colisão com veículos (traseira)";0;0;0;1;0;0;0;0;0;1;2;0;0;0;0
"08/09/2021";"19:07:00";"253";"Acidente c";"258,211";"BR-163/MS";"SUL";"Colisão com veículos (traseira)";1;0;0;1;0;0;0;0;0;0;1;1;0;0;0
"08/09/2021";"23:52:00";"286";"Acidente s";"740,767";"BR-163/MS";"NORTE";"Atropelamento de animais";1;0;0;0;0;0;0;0;0;0;4;0;0;0;0
"09/09/2021";"06:31:00";"33";"Acidente s";"261,932";"BR-163/MS";"NORTE";"Tombamento";0;0;1;0;0;1;0;0;0;0;2;0;0;0;0
"09/09/2021";"07:55:00";"62";"Acidente s";"98,483";"BR-163/MS";"SUL";"Tombamento";0;0;1;0;0;0;0;0;0;0;1;0;0;0;0
"09/09/2021";"08:22:00";"70";"Acidente c";"443";"BR-163/MS";"NORTE";"Saídas de pista";1;0;0;0;0;0;0;0;0;0;0;1;0;0;0
"09/09/2021";"16:57:00";"190";"Acidente c";"98,994";"BR-163/MS";"NORTE";"Saídas de pista";1;0;0;0;0;0;0;0;0;0;2;1;0;0;0
"09/09/2021";"17:59:00";"199";"Acidente s";"75";"BR-163/MS";"SUL";"Colisão c/ obstáculos";1;0;0;0;0;0;0;0;0;0;1;0;0;0;0
"09/09/2021";"19:26:00";"214";"Acidente s";"382";"BR-163/MS";"NORTE";"Atropelamento de animais";1;0;0;0;0;0;0;0;0;0;2;0;0;0;0
"09/09/2021";"23:04:00";"237";"Acidente c";"838,242";"BR-163/MS";"NORTE";"Tombamento";0;0;1;0;0;1;0;0;0;0;1;1;0;0;0
"10/09/2021";"09:36:00";"139";"Acidente c";"548,416";"BR-163/MS";"SUL";"Colisão lateral no sentido contrário";0;0;1;0;0;0;0;0;0;1;2;2;0;0;0
"11/09/2021";"09:03:00";"131";"Acidente c";"245,796";"BR-163/MS";"SUL";"Colisão com veículos (traseira)";0;0;3;0;0;3;0;0;0;0;5;1;0;0;0
"11/09/2021";"12:38:00";"189";"Acidente c";"483,529";"BR-163/MS";"SUL";"Colisão lateral no sentido contrário";0;0;0;1;0;0;0;0;0;1;3;1;0;0;0
"11/09/2021";"16:49:00";"260";"Acidente c";"839,129";"BR-163/MS";"SUL";"Colisão com veículos (frontal)";0;1;1;0;0;2;0;0;0;0;3;0;0;1;0
"11/09/2021";"17:45:00";"271";"Acidente s";"261,185";"BR-163/MS";"NORTE";"Saídas de pista";1;0;0;0;0;0;0;0;0;0;2;0;0;0;0
"11/09/2021";"17:59:00";"275";"Acidente s";"407,605";"BR-163/MS";"NORTE";"Atropelamento de animais";1;0;0;0;0;0;0;0;0;0;2;0;0;0;0
"11/09/2021";"22:34:00";"319";"Acidente c";"256,9";"BR-163/MS";"SUL";"Colisão com veículos (frontal)";1;0;0;1;0;0;0;0;0;0;2;0;0;0;1
"12/09/2021";"00:20:00";"1";"Acidente c";"255,957";"BR-163/MS";"SUL";"Colisão com veículos (traseira)";0;0;0;1;0;0;0;0;0;1;1;1;0;0;0
"12/09/2021";"01:00:00";"8";"Acidente s";"557,521";"BR-163/MS";"NORTE";"Atropelamento de animais";0;0;0;0;0;0;0;0;0;1;1;0;0;0;0
"12/09/2021";"18:20:00";"274";"Acidente c";"372,8";"BR-163/MS";"SUL";"Capotamento";1;0;1;0;0;0;0;0;0;0;2;2;0;0;0
"12/09/2021";"18:25:00";"275";"Acidente s";"210,774";"BR-163/MS";"SUL";"Colisão lateral no sentido contrário";1;0;0;0;0;0;0;0;0;2;6;0;0;0;0
"12/09/2021";"20:16:00";"300";"Acidente c";"289,74";"BR-163/MS";"NORTE";"Colisão com veículos (frontal)";0;0;0;0;0;0;0;0;0;2;0;1;1;1;0
"12/09/2021";"23:20:00";"315";"Acidente s";"377,621";"BR-163/MS";"NORTE";"Atropelamento de animais";0;0;0;0;0;0;0;0;0;1;3;0;0;0;0
"13/09/2021";"18:12:00";"257";"Acidente c";"648,984";"BR-163/MS";"SUL";"Tombamento";0;0;1;0;0;2;0;0;0;0;2;0;0;0;1
"14/09/2021";"10:55:00";"140";"Acidente s";"485,7";"BR-163/MS";"SUL";"Colisão com veículos (traseira)";1;0;1;0;0;0;0;0;0;0;2;0;0;0;0
"14/09/2021";"23:08:00";"278";"Acidente s";"174,446";"BR-163/MS";"SUL";"Atropelamento de animais";0;0;0;0;1;0;0;0;0;0;54;0;0;0;0
"15/09/2021";"09:33:00";"134";"Acidente s";"106,287";"BR-163/MS";"SUL";"Colisão com veículos (traseira)";0;0;2;0;0;2;0;0;0;0;4;0;0;0;0
"15/09/2021";"19:02:00";"313";"Acidente s";"291,751";"BR-163/MS";"NORTE";"Atropelamento de animais";0;0;1;0;0;0;0;0;0;0;2;0;0;0;0
"16/09/2021";"07:46:00";"88";"Acidente c";"452,455";"BR-163/MS";"SUL";"Colisão lateral no mesmo sentido";1;0;1;0;0;1;0;0;0;0;4;1;0;0;0
"16/09/2021";"13:54:00";"228";"Acidente c";"572,9";"BR-163/MS";"SUL";"Colisão lateral no mesmo sentido";1;0;1;0;0;1;0;0;0;0;4;1;0;0;0
"17/09/2021";"00:18:00";"2";"Acidente s";"238,584";"BR-163/MS";"NORTE";"Tombamento";0;0;1;0;0;2;0;0;0;0;3;0;0;0;0
"17/09/2021";"11:24:00";"164";"Acidente c";"547,641";"BR-163/MS";"NORTE";"Saídas de pista";0;0;0;0;0;0;0;0;0;1;0;1;0;0;0
"17/09/2021";"14:41:00";"221";"Atropelame";"479,52";"BR-163/MS";"SUL";"Atropelamento de pedestre";0;0;0;1;0;1;0;0;0;0;2;1;0;0;0
"17/09/2021";"14:53:00";"225";"Acidente c";"479";"BR-163/MS";"SUL";"Colisão lateral no mesmo sentido";1;0;0;1;0;0;0;0;0;0;2;2;0;0;0
"17/09/2021";"18:55:00";"285";"Acidente s";"470,745";"BR-163/MS";"SUL";"Colisão com veículos (traseira)";1;0;1;0;0;2;0;0;0;0;7;0;0;0;0
"18/09/2021";"04:12:00";"8";"Acidente s";"529,102";"BR-163/MS";"NORTE";"Capotamento";1;0;0;0;0;0;0;0;0;0;2;0;0;0;0
"18/09/2021";"10:17:00";"111";"Acidente s";"285,95";"BR-163/MS";"SUL";"Colisão com veículos (traseira)";2;0;0;0;0;0;0;0;0;0;4;0;0;0;0
"18/09/2021";"14:19:00";"181";"Acidente c";"479";"BR-163/MS";"NORTE";"Colisão lateral no mesmo sentido";1;0;0;0;0;0;0;0;0;1;1;3;1;0;0
"18/09/2021";"19:13:00";"246";"Acidente s";"257,508";"BR-163/MS";"NORTE";"Colisão c/ obstáculos";0;0;0;0;0;0;0;0;0;1;1;0;0;0;0
"18/09/2021";"19:30:00";"250";"Acidente s";"274";"BR-163/MS";"NORTE";"Tombamento de moto";0;0;0;1;0;0;0;0;0;0;1;0;0;0;0
"18/09/2021";"20:31:00";"261";"Acidente s";"443,518";"BR-163/MS";"SUL";"Atropelamento de animais";0;0;1;0;0;0;0;0;0;0;1;0;0;0;0
"18/09/2021";"21:10:00";"263";"Acidente c";"490,66";"BR-163/MS";"NORTE";"Colisão lateral no mesmo sentido";1;0;0;1;0;0;0;0;0;0;2;1;0;0;0
"18/09/2021";"23:37:00";"277";"Acidente c";"478";"BR-163/MS";"SUL";"Tombamento de moto";0;0;0;1;0;0;0;0;0;0;0;1;0;0;0
"19/09/2021";"02:29:00";"7";"Acidente c";"78,42";"BR-163/MS";"SUL";"Tombamento de moto";0;0;0;1;0;0;0;0;0;0;0;1;0;0;0
"19/09/2021";"03:21:00";"12";"Acidente s";"274,736";"BR-163/MS";"SUL";"Colisão c/ obstáculos";1;0;0;0;0;0;0;0;0;0;3;0;0;0;0
"19/09/2021";"04:44:00";"15";"Acidente c";"354,6";"BR-163/MS";"SUL";"Capotamento";1;0;0;0;0;0;0;0;0;0;0;3;0;0;0
"19/09/2021";"06:55:00";"31";"Acidente s";"368,798";"BR-163/MS";"SUL";"Tombamento de moto";0;0;0;1;0;0;0;0;0;0;1;0;0;0;0
"19/09/2021";"13:48:00";"171";"Acidente c";"475,958";"BR-163/MS";"SUL";"Colisão com veículos (traseira)";0;0;1;1;0;0;0;0;0;0;1;1;0;0;0
"20/09/2021";"05:15:00";"17";"Acidente c";"267";"BR-163/MS";"NORTE";"Colisão c/ obstáculos";0;0;0;1;0;0;0;0;0;0;1;1;0;0;0
"20/09/2021";"13:19:00";"237";"Acidente s";"35,1";"BR-163/MS";"NORTE";"Engavetamento";1;0;2;0;0;2;0;0;0;0;6;0;0;0;0
"21/09/2021";"07:52:00";"118";"Acidente c";"477,599";"BR-163/MS";"SUL";"Colisão com veículos (traseira)";1;0;0;1;0;0;0;0;0;0;1;1;0;0;0
"21/09/2021";"13:28:00";"264";"Acidente c";"260";"BR-163/MS";"NORTE";"Colisão com veículos (traseira)";0;0;0;1;0;1;0;0;0;0;1;1;0;0;0
"21/09/2021";"15:18:00";"316";"Acidente s";"283,29";"BR-163/MS";"NORTE";"Colisão lateral no mesmo sentido";2;0;1;0;0;0;0;0;0;0;3;0;0;0;0
"21/09/2021";"15:19:00";"317";"Acidente s";"485,446";"BR-163/MS";"SUL";"Colisão lateral no sentido contrário";2;0;0;0;0;0;0;0;0;0;2;0;0;0;0
"21/09/2021";"20:06:00";"406";"Acidente c";"780,397";"BR-163/MS";"SUL";"Colisão lateral no mesmo sentido";1;0;1;0;0;1;0;0;0;0;2;0;1;0;0
"21/09/2021";"22:48:00";"427";"Acidente s";"740,705";"BR-163/MS";"NORTE";"Atropelamento de animais";0;0;0;0;0;0;0;0;0;1;3;0;0;0;0
"22/09/2021";"09:38:00";"131";"Acidente c";"403,641";"BR-163/MS";"NORTE";"Colisão lateral no mesmo sentido";0;0;1;0;0;2;0;0;0;1;3;2;0;0;0
"23/09/2021";"00:03:00";"3";"Acidente c";"278,535";"BR-163/MS";"NORTE";"Atropelamento de animais";0;0;0;1;0;0;0;0;0;0;0;0;0;0;1
"23/09/2021";"19:00:00";"251";"Acidente s";"158,804";"BR-163/MS";"NORTE";"Atropelamento de animais";0;0;0;0;0;0;0;0;0;1;1;0;0;0;0
"24/09/2021";"07:42:00";"89";"Acidente s";"93,5";"BR-163/MS";"SUL";"Saídas de pista";1;0;0;0;0;0;0;0;0;0;3;0;0;0;0
"24/09/2021";"17:24:00";"360";"Acidente s";"519,364";"BR-163/MS";"NORTE";"Colisão c/ obstáculos";0;0;1;0;0;2;0;0;0;1;4;1;0;0;0
"25/09/2021";"01:35:00";"3";"Acidente c";"489,436";"BR-163/MS";"NORTE";"Atropelamento de animais";1;0;0;2;0;0;0;0;0;0;2;2;0;0;0
"25/09/2021";"03:37:00";"14";"Acidente s";"158,646";"BR-163/MS";"NORTE";"Saídas de pista";0;0;1;0;0;0;0;0;0;0;1;0;0;0;0
"25/09/2021";"06:15:00";"35";"Acidente c";"676,809";"BR-163/MS";"NORTE";"Colisão lateral no mesmo sentido";0;0;3;0;0;5;0;0;0;0;7;1;0;0;0
"25/09/2021";"08:39:00";"99";"Acidente c";"600,926";"BR-163/MS";"NORTE";"Colisão c/ obstáculos";1;0;0;0;0;0;0;0;0;0;3;0;1;0;0
"25/09/2021";"19:13:00";"268";"Acidente c";"251,922";"BR-163/MS";"SUL";"Tombamento de moto";0;0;0;1;0;0;0;0;0;0;0;1;0;0;0
"25/09/2021";"19:47:00";"274";"Acidente s";"714,711";"BR-163/MS";"SUL";"Colisão c/ obstáculos";1;0;0;0;0;0;0;0;0;0;3;0;0;0;0
"26/09/2021";"13:47:00";"163";"Acidente c";"439";"BR-163/MS";"SUL";"Saídas de pista";1;0;0;0;0;0;0;0;0;0;2;1;0;0;0
"26/09/2021";"15:34:00";"186";"Acidente s";"358,284";"BR-163/MS";"SUL";"Capotamento";1;0;0;0;0;0;0;0;0;0;2;0;0;0;0
"26/09/2021";"16:31:00";"202";"Acidente s";"436,193";"BR-163/MS";"NORTE";"Saídas de pista";1;0;0;0;0;0;0;0;0;0;4;0;0;0;0
"26/09/2021";"17:16:00";"212";"Acidente c";"224,996";"BR-163/MS";"NORTE";"Colisão lateral no sentido contrário";2;0;0;0;0;0;0;0;0;0;1;3;1;0;0
"26/09/2021";"19:41:00";"240";"Acidente s";"677,114";"BR-163/MS";"NORTE";"Capotamento";1;0;0;0;0;0;0;0;0;0;2;0;0;0;0
"26/09/2021";"22:36:00";"266";"Acidente c";"803,485";"BR-163/MS";"NORTE";"Colisão c/ obstáculos";1;0;3;0;0;1;0;0;0;0;9;1;0;0;0
"27/09/2021";"04:32:00";"15";"Acidente s";"361,634";"BR-163/MS";"SUL";"Atropelamento de animais";1;0;0;0;0;0;0;0;0;0;1;0;0;0;0
"27/09/2021";"16:57:00";"219";"Acidente c";"482,6";"BR-163/MS";"SUL";"Tombamento";0;0;1;0;0;2;0;0;0;0;2;1;0;0;0
"28/09/2021";"06:55:00";"46";"Acidente c";"485,792";"BR-163/MS";"SUL";"Colisão com veículos (traseira)";0;0;2;0;0;4;0;0;0;0;5;1;0;0;0
"28/09/2021";"19:21:00";"252";"Acidente c";"65,241";"BR-163/MS";"NORTE";"Saídas de pista";0;0;0;0;0;0;0;0;0;1;0;1;0;0;0
"28/09/2021";"20:23:00";"263";"Atropelame";"477";"BR-163/MS";"SUL";"Atropelamento de pedestre";0;0;0;0;0;0;0;0;0;1;1;0;1;0;0
"29/09/2021";"07:02:00";"55";"Acidente c";"485,862";"BR-163/MS";"SUL";"Colisão com veículos (traseira)";0;0;0;1;0;0;0;0;0;1;1;0;0;0;1
"30/09/2021";"07:07:00";"60";"Acidente c";"458,96";"BR-163/MS";"SUL";"Colisão com veículos (traseira)";0;0;0;1;0;0;0;0;0;1;1;0;1;0;0
"30/09/2021";"11:44:00";"227";"Acidente c";"776,755";"BR-163/MS";"NORTE";"Colisão lateral no mesmo sentido";1;0;1;0;0;1;0;0;0;0;3;0;1;0;0
"01/10/2021";"09:55:00";"119";"Acidente s";"7";"BR-163/MS";"SUL";"Colisão c/ obstáculos";0;0;0;0;0;0;0;0;0;1;1;0;0;0;0
"01/10/2021";"11:56:00";"146";"Acidente s";"252";"BR-163/MS";"SUL";"Saídas de pista";1;0;0;0;0;0;0;0;0;0;3;0;0;0;0
"01/10/2021";"23:51:00";"290";"Acidente c";"300,278";"BR-163/MS";"SUL";"Colisão c/ obstáculos";1;0;0;0;0;0;0;0;0;0;0;1;0;0;0
"02/10/2021";"02:33:00";"8";"Acidente s";"309,131";"BR-163/MS";"SUL";"Atropelamento de animais";0;0;0;0;0;0;0;0;0;1;1;0;0;0;0
"02/10/2021";"04:45:00";"12";"Acidente s";"734,38";"BR-163/MS";"SUL";"Colisão c/ obstáculos";0;0;1;0;0;0;0;0;0;0;1;0;0;0;0
"02/10/2021";"13:09:00";"125";"Acidente s";"543,774";"BR-163/MS";"NORTE";"Capotamento";1;0;0;0;0;0;0;0;0;0;1;0;0;0;0
"02/10/2021";"14:27:00";"136";"Acidente s";"371";"BR-163/MS";"NORTE";"Saídas de pista";0;0;0;0;0;0;0;0;0;1;5;0;0;0;0
"03/10/2021";"03:00:00";"19";"Acidente s";"680,9";"BR-163/MS";"NORTE";"Colisão c/ obstáculos";1;0;0;0;0;0;0;0;0;0;1;0;0;0;0
"03/10/2021";"08:46:00";"69";"Acidente c";"374,277";"BR-163/MS";"NORTE";"Colisão com veículos (frontal)";0;0;1;1;0;2;0;0;0;0;2;1;0;0;2
"03/10/2021";"09:28:00";"80";"Acidente s";"37";"BR-163/MS";"NORTE";"Colisão lateral no mesmo sentido";0;0;2;0;0;3;0;0;0;0;5;0;0;0;0
"03/10/2021";"10:11:00";"87";"Acidente s";"567";"BR-163/MS";"NORTE";"Saídas de pista";1;0;0;0;0;0;0;0;0;0;2;0;0;0;0
"03/10/2021";"13:49:00";"137";"Acidente s";"375,571";"BR-163/MS";"SUL";"Saídas de pista";1;0;0;0;0;0;0;0;0;0;1;0;0;0;0
"03/10/2021";"19:32:00";"213";"Atropelame";"272";"BR-163/MS";"SUL";"Atropelamento de pedestre";1;0;0;0;0;0;0;0;0;0;1;1;0;0;0
"03/10/2021";"22:33:00";"235";"Acidente s";"256,4";"BR-163/MS";"SUL";"Colisão c/ obstáculos";1;0;0;0;0;0;0;0;0;0;1;0;0;0;0
"04/10/2021";"18:57:00";"272";"Acidente s";"699,971";"BR-163/MS";"NORTE";"Colisão c/ obstáculos";0;0;0;1;0;0;0;0;0;0;2;0;0;0;0
"05/10/2021";"02:06:00";"10";"Acidente s";"216,393";"BR-163/MS";"SUL";"Colisão c/ obstáculos";0;0;1;0;0;0;0;0;0;0;1;0;0;0;0
"05/10/2021";"06:52:00";"56";"Acidente s";"732,362";"BR-163/MS";"NORTE";"Colisão com veículos (traseira)";0;0;2;0;0;2;0;0;0;0;4;0;0;0;0
"05/10/2021";"12:40:00";"203";"Acidente c";"462,186";"BR-163/MS";"NORTE";"Colisão lateral no sentido contrário";1;0;1;0;0;0;0;0;0;0;1;2;0;0;0
"05/10/2021";"14:12:00";"232";"Acidente s";"88,866";"BR-163/MS";"SUL";"Colisão c/ obstáculos";1;0;0;0;0;0;0;0;0;0;2;0;0;0;0
"05/10/2021";"16:06:00";"264";"Acidente s";"316,711";"BR-163/MS";"SUL";"Tombamento";0;0;1;0;0;1;0;0;0;0;2;0;0;0;0
"05/10/2021";"16:58:00";"282";"Acidente c";"367,106";"BR-163/MS";"NORTE";"Tombamento";0;0;1;0;0;1;0;0;0;0;1;1;0;0;0
"05/10/2021";"18:31:00";"303";"Acidente c";"20";"BR-163/MS";"NORTE";"Colisão lateral no mesmo sentido";1;1;0;0;0;0;0;0;0;0;5;1;0;0;0
"05/10/2021";"19:37:00";"318";"Acidente s";"254,5";"BR-163/MS";"NORTE";"Colisão lateral no mesmo sentido";0;0;2;0;0;2;0;0;0;0;6;0;0;0;0
"05/10/2021";"23:08:00";"345";"Acidente s";"487,451";"BR-163/MS";"NORTE";"Atropelamento de animais";1;0;0;0;0;0;0;0;0;0;3;0;0;0;0
"06/10/2021";"07:25:00";"53";"Acidente s";"254";"BR-163/MS";"NORTE";"Colisão com veículos (traseira)";0;0;2;0;0;2;0;0;0;0;5;0;0;0;0
"06/10/2021";"20:25:00";"296";"Acidente s";"61,955";"BR-163/MS";"NORTE";"Saídas de pista";1;0;0;0;0;0;0;0;0;1;3;0;0;0;0
"06/10/2021";"20:48:00";"301";"Acidente s";"272,171";"BR-163/MS";"NORTE";"Atropelamento de animais";1;0;0;0;0;0;0;0;0;0;4;0;0;0;0
"07/10/2021";"08:27:00";"75";"Acidente s";"485";"BR-163/MS";"NORTE";"Engavetamento";0;0;1;0;3;0;0;0;0;0;5;0;0;0;0
"07/10/2021";"10:42:00";"127";"Acidente s";"13,8";"BR-163/MS";"NORTE";"Colisão lateral no mesmo sentido";1;0;1;0;0;2;0;0;0;0;6;0;0;0;0
"08/10/2021";"08:01:00";"83";"Acidente c";"333,9";"BR-163/MS";"NORTE";"Saídas de pista";1;0;0;0;0;0;0;0;0;0;0;1;0;0;0
"08/10/2021";"10:08:00";"131";"Acidente s";"216,781";"BR-163/MS";"NORTE";"Colisão com veículos (traseira)";2;0;0;0;0;0;0;0;0;0;5;0;0;0;0
"08/10/2021";"16:37:00";"287";"Acidente s";"167,107";"BR-163/MS";"NORTE";"Colisão c/ obstáculos";0;0;0;0;0;0;0;0;0;1;2;0;0;0;0
"09/10/2021";"01:45:00";"16";"Acidente s";"680,712";"BR-163/MS";"NORTE";"Colisão lateral no sentido contrário";2;0;0;0;0;0;0;0;0;0;4;0;0;0;0
"09/10/2021";"03:08:00";"21";"Acidente c";"681,394";"BR-163/MS";"NORTE";"Colisão lateral no sentido contrário";1;0;1;0;0;1;0;0;0;0;2;1;0;0;0
"09/10/2021";"03:23:00";"24";"Acidente s";"569,814";"BR-163/MS";"NORTE";"Atropelamento de animais";1;0;0;0;0;0;0;0;0;0;2;0;0;0;0
"09/10/2021";"04:19:00";"30";"Acidente c";"408,586";"BR-163/MS";"NORTE";"Colisão com veículos (traseira)";1;0;0;0;0;1;0;0;0;0;1;1;0;0;0
"09/10/2021";"04:54:00";"35";"Acidente s";"683";"BR-163/MS";"SUL";"Atropelamento de animais";1;0;0;1;0;0;0;0;0;0;4;0;0;0;0
"09/10/2021";"05:15:00";"36";"Acidente c";"475";"BR-163/MS";"SUL";"Colisão com veículos (traseira)";0;0;2;0;0;2;0;0;0;0;3;1;0;0;0
"09/10/2021";"06:23:00";"49";"Acidente s";"449";"BR-163/MS";"SUL";"Colisão com veículos (traseira)";2;0;0;0;0;0;0;0;0;0;5;0;0;0;0
"09/10/2021";"13:54:00";"178";"Acidente c";"620,986";"BR-163/MS";"NORTE";"Colisão com veículos (traseira)";1;0;0;0;0;0;0;0;0;1;2;1;0;0;0
"09/10/2021";"14:50:00";"196";"Acidente s";"178";"BR-163/MS";"SUL";"Saídas de pista";1;0;0;0;0;0;0;0;0;0;3;0;0;0;0
"09/10/2021";"16:56:00";"229";"Acidente s";"212,55";"BR-163/MS";"SUL";"Saídas de pista";1;0;0;0;0;0;0;0;0;0;1;0;0;0;0
"09/10/2021";"18:56:00";"258";"Acidente s";"210,484";"BR-163/MS";"SUL";"Colisão c/ obstáculos";1;0;0;0;0;0;0;0;0;0;3;0;0;0;0
"09/10/2021";"19:29:00";"262";"Atropelame";"492,304";"BR-163/MS";"NORTE";"Atropelamento de pedestre";1;0;0;0;0;0;0;0;0;0;3;0;1;0;0
"09/10/2021";"23:23:00";"305";"Acidente s";"274,523";"BR-163/MS";"NORTE";"Colisão c/ obstáculos";1;0;0;0;0;0;0;0;0;0;1;0;0;0;0
"10/10/2021";"04:28:00";"21";"Acidente c";"476,684";"BR-163/MS";"NORTE";"Tombamento de moto";0;0;0;1;0;0;0;0;0;0;0;1;0;0;0
"10/10/2021";"05:26:00";"27";"Acidente s";"242,84";"BR-163/MS";"SUL";"Saídas de pista";0;0;0;0;0;0;0;0;0;1;2;0;0;0;0
"10/10/2021";"06:53:00";"43";"Acidente s";"308,787";"BR-163/MS";"SUL";"Tombamento";0;0;1;0;0;2;0;0;0;0;3;0;0;0;0
"10/10/2021";"07:40:00";"57";"Acidente c";"348,281";"BR-163/MS";"NORTE";"Tombamento";1;0;0;0;0;0;0;0;0;0;2;1;0;0;0
"10/10/2021";"08:45:00";"65";"Acidente s";"436,227";"BR-163/MS";"NORTE";"Capotamento";1;0;0;0;0;0;0;0;0;0;2;0;0;0;0
"10/10/2021";"11:40:00";"106";"Acidente c";"670,841";"BR-163/MS";"SUL";"Colisão lateral no sentido contrário";0;0;0;0;0;0;0;0;0;2;0;1;0;1;1
"10/10/2021";"12:02:00";"109";"Acidente s";"445,413";"BR-163/MS";"SUL";"Saídas de pista";0;0;0;0;1;0;0;0;0;0;1;0;0;0;0
"10/10/2021";"15:22:00";"144";"Acidente c";"821,925";"BR-163/MS";"SUL";"Capotamento";1;0;0;0;0;0;0;0;0;0;3;1;0;0;0
"10/10/2021";"19:48:00";"205";"Acidente s";"264,901";"BR-163/MS";"NORTE";"Colisão c/ obstáculos";1;0;0;0;0;0;0;0;0;0;1;0;0;0;0
"11/10/2021";"03:00:00";"12";"Acidente c";"270,449";"BR-163/MS";"NORTE";"Colisão c/ obstáculos";1;0;0;0;0;0;0;0;0;0;0;1;0;0;0
"11/10/2021";"16:12:00";"274";"Acidente c";"475,846";"BR-163/MS";"NORTE";"Engavetamento";0;0;2;1;0;2;0;0;0;0;5;0;1;0;0
"11/10/2021";"18:50:00";"316";"Acidente s";"485";"BR-163/MS";"NORTE";"Colisão lateral no mesmo sentido";1;0;1;0;0;0;0;0;0;0;2;0;0;0;0
"11/10/2021";"23:25:00";"354";"Acidente s";"310,332";"BR-163/MS";"SUL";"Atropelamento de animais";1;0;0;0;0;0;0;0;0;0;2;0;0;0;0
"12/10/2021";"08:22:00";"73";"Acidente s";"485";"BR-163/MS";"SUL";"Colisão com veículos (traseira)";0;0;1;0;0;1;0;0;0;1;5;0;0;0;0
"12/10/2021";"15:55:00";"290";"Acidente s";"653";"BR-163/MS";"SUL";"Colisão c/ obstáculos";1;0;0;0;0;0;0;0;0;0;1;0;0;0;0
"12/10/2021";"20:08:00";"354";"Acidente s";"703,501";"BR-163/MS";"NORTE";"Colisão c/ obstáculos";1;0;0;0;0;0;0;0;0;0;1;0;0;0;0
"12/10/2021";"21:24:00";"373";"Acidente s";"784";"BR-163/MS";"NORTE";"Atropelamento de animais";1;0;0;0;0;0;0;0;0;0;4;0;0;0;0
"13/10/2021";"21:40:00";"342";"Acidente s";"397,822";"BR-163/MS";"NORTE";"Colisão com veículos (traseira)";0;0;2;0;0;1;0;0;0;0;3;0;0;0;0
"14/10/2021";"00:24:00";"6";"Acidente s";"361,212";"BR-163/MS";"NORTE";"Atropelamento de animais";1;0;0;0;0;0;0;0;0;0;1;0;0;0;0
"14/10/2021";"07:38:00";"74";"Acidente c";"476,65";"BR-163/MS";"NORTE";"Tombamento de moto";0;0;0;1;0;0;0;0;0;0;0;1;0;0;0
"15/10/2021";"14:45:00";"248";"Acidente c";"525,341";"BR-163/MS";"NORTE";"Capotamento";0;0;0;0;0;0;0;0;0;1;0;4;0;0;0
"15/10/2021";"15:27:00";"266";"Acidente s";"25";"BR-163/MS";"SUL";"Colisão com veículos (traseira)";1;0;0;0;0;0;0;0;0;1;2;0;0;0;0
"15/10/2021";"20:09:00";"328";"Acidente c";"91,394";"BR-163/MS";"SUL";"Colisão lateral no mesmo sentido";1;0;1;0;0;0;0;0;0;0;1;1;0;0;0
"15/10/2021";"20:45:00";"333";"Acidente s";"512,925";"BR-163/MS";"NORTE";"Atropelamento de animais";0;0;0;0;0;0;0;0;0;1;1;0;0;0;0
"15/10/2021";"22:17:00";"352";"Acidente s";"170,896";"BR-163/MS";"NORTE";"Atropelamento de animais";0;0;1;0;0;1;0;0;0;0;3;0;0;0;0
"16/10/2021";"07:37:00";"55";"Acidente s";"258";"BR-163/MS";"NORTE";"Colisão lateral no sentido contrário";1;0;0;1;0;0;0;0;0;0;4;0;0;0;0
"16/10/2021";"17:15:00";"274";"Acidente s";"573,811";"BR-163/MS";"SUL";"Saídas de pista";1;0;0;0;0;0;0;0;0;0;2;0;0;0;0
"16/10/2021";"17:24:00";"276";"Acidente c";"246";"BR-163/MS";"NORTE";"Colisão lateral no mesmo sentido";0;0;1;1;0;0;0;0;0;0;1;1;0;0;0