data;horario;n_da_ocorrencia;tipo_de_ocorrencia;km;trecho;sentido;tipo_de_acidente;automovel;bicicleta;caminhao;moto;onibus;outros;tracao_animal;transporte_de_cargas_especiais;trator_maquinas;utilitarios;ilesos;levemente_feridos;moderadamente_feridos;gravemente_feridos;mortos
"24/11/2021";"01:10:00";"1";"Acidente s";"485,639";"BR-163/MS";"NORTE";"Capotamento";1;0;0;0;0;0;0;0;0;0;2;0;0;0;0
"24/11/2021";"07:01:00";"41";"Acidente c";"739,163";"BR-163/MS";"SUL";"Saídas de pista";0;0;1;0;0;2;0;0;0;0;2;1;0;0;0
"24/11/2021";"10:15:00";"147";"Acidente s";"267,416";"BR-163/MS";"NORTE";"Engavetamento";2;0;0;0;0;1;0;0;0;0;4;0;0;0;0
"24/11/2021";"17:28:00";"299";"Acidente c";"481,68";"BR-163/MS";"SUL";"Colisão lateral no sentido contrário";1;0;0;1;0;0;0;0;0;0;1;2;0;0;0
"24/11/2021";"18:44:00";"315";"Acidente s";"788,465";"BR-163/MS";"NORTE";"Colisão c/ obstáculos";1;0;0;0;0;0;0;0;0;0;5;0;0;0;0
"25/11/2021";"06:09:00";"34";"Acidente c";"485,63";"BR-163/MS";"SUL";"Colisão com veículos (traseira)";1;0;0;1;0;0;0;0;0;0;3;1;0;0;0
"25/11/2021";"12:45:00";"196";"Acidente c";"552,9";"BR-163/MS";"NORTE";"Colisão lateral no sentido contrário";1;0;2;0;0;0;0;0;0;0;0;5;0;0;1
"25/11/2021";"16:35:00";"250";"Acidente c";"555,1";"BR-163/MS";"SUL";"Colisão com veículos (traseira)";1;0;1;0;0;0;0;0;0;0;0;5;0;0;0
"25/11/2021";"22:31:00";"312";"Acidente s";"235,149";"BR-163/MS";"SUL";"Atropelamento de animais";1;0;0;0;0;0;0;0;0;0;1;0;0;0;0
"26/11/2021";"00:28:00";"6";"Acidente s";"785,208";"BR-163/MS";"NORTE";"Atropelamento de animais";0;0;0;0;0;0;0;0;0;1;2;0;0;0;0
"26/11/2021";"08:18:00";"97";"Acidente c";"728,127";"BR-163/MS";"SUL";"Colisão com veículos (traseira)";0;0;0;1;0;0;0;0;0;1;1;1;0;0;0
"26/11/2021";"14:47:00";"209";"Acidente s";"484,408";"BR-163/MS";"SUL";"Colisão lateral no sentido contrário";2;0;0;0;0;0;0;0;0;0;6;0;0;0;0
"26/11/2021";"15:47:00";"224";"Acidente s";"787,896";"BR-163/MS";"SUL";"Colisão c/ obstáculos";1;0;0;0;0;0;0;0;0;0;1;0;0;0;0
"26/11/2021";"19:39:00";"283";"Acidente s";"355,274";"BR-163/MS";"NORTE";"Atropelamento de animais";1;0;0;0;0;0;0;0;0;0;1;0;0;0;0
"26/11/2021";"20:31:00";"292";"Acidente s";"706,179";"BR-163/MS";"NORTE";"Colisão com veículos (traseira)";1;0;0;0;0;0;0;0;0;1;3;0;0;0;0
"27/11/2021";"05:42:00";"30";"Acidente s";"14,55";"BR-163/MS";"NORTE";"Colisão c/ obstáculos";1;0;0;0;0;0;0;0;0;0;1;0;0;0;0
"27/11/2021";"09:02:00";"89";"Acidente s";"471,58";"BR-163/MS";"SUL";"Colisão com veículos (traseira)";1;0;0;0;0;0;0;0;0;1;7;0;0;0;0
"27/11/2021";"10:10:00";"110";"Acidente c";"364,201";"BR-163/MS";"NORTE";"Tombamento";0;0;1;0;0;0;0;0;0;0;0;1;0;0;0
"27/11/2021";"15:09:00";"192";"Acidente s";"744,528";"BR-163/MS";"NORTE";"Colisão com veículos (traseira)";0;0;0;0;0;0;0;0;0;2;3;0;0;0;0
"27/11/2021";"17:04:00";"230";"Acidente c";"18,22";"BR-163/MS";"NORTE";"Colisão lateral no sentido contrário";1;0;0;1;0;0;0;0;0;0;3;1;0;0;0
"27/11/2021";"17:31:00";"240";"Acidente s";"348,751";"BR-163/MS";"NORTE";"Saídas de pista";1;0;0;0;0;0;0;0;0;0;5;0;0;0;0
"27/11/2021";"22:09:00";"277";"Acidente c";"215,886";"BR-163/MS";"SUL";"Colisão c/ obstáculos";1;0;0;0;0;0;0;0;0;0;0;1;0;0;0
"28/11/2021";"18:17:00";"149";"Acidente s";"325,119";"BR-163/MS";"SUL";"Tombamento";0;1;0;0;0;0;0;0;0;0;1;0;0;0;0
"28/11/2021";"22:42:00";"200";"Acidente s";"1,1";"BR-163/MS";"SUL";"Atropelamento de animais";1;0;0;0;0;0;0;0;0;0;2;0;0;0;0
"28/11/2021";"23:00:00";"202";"Acidente s";"278";"BR-163/MS";"NORTE";"Saídas de pista";1;0;0;0;0;0;0;0;0;0;3;0;0;0;0
"29/11/2021";"00:30:00";"2";"Acidente s";"390,857";"BR-163/MS";"SUL";"Saídas de pista";0;0;1;0;0;0;0;0;0;0;1;0;0;0;0
"29/11/2021";"03:42:00";"14";"Acidente s";"640,63";"BR-163/MS";"NORTE";"Tombamento";0;0;1;0;0;0;0;0;0;0;1;0;0;0;0
"29/11/2021";"14:00:00";"193";"Acidente s";"18,5";"BR-163/MS";"NORTE";"Saídas de pista";0;0;1;0;0;0;0;0;0;0;1;0;0;0;0
"29/11/2021";"16:13:00";"233";"Acidente s";"38,1";"BR-163/MS";"NORTE";"Colisão com veículos (traseira)";1;0;1;0;0;1;0;0;0;0;3;0;0;0;0
"30/11/2021";"15:59:00";"251";"Acidente c";"548,214";"BR-163/MS";"NORTE";"Colisão lateral no sentido contrário";1;0;0;0;0;0;0;0;0;1;0;5;0;0;0
"30/11/2021";"16:25:00";"255";"Acidente s";"491,45";"BR-163/MS";"SUL";"Engavetamento";1;0;0;0;0;0;0;0;0;2;4;0;0;0;0
"30/11/2021";"17:27:00";"274";"Acidente s";"484,383";"BR-163/MS";"NORTE";"Colisão lateral no sentido contrário";0;0;0;2;0;0;0;0;0;0;2;0;0;0;0
"30/11/2021";"18:56:00";"294";"Acidente c";"564,979";"BR-163/MS";"SUL";"Colisão com veículos (frontal)";0;0;3;0;0;2;0;0;0;0;3;2;0;0;0
"01/12/2021";"15:04:00";"198";"Acidente c";"256,661";"BR-163/MS";"NORTE";"Colisão com veículos (traseira)";1;0;1;0;0;1;0;0;0;0;2;1;0;0;0
"01/12/2021";"15:55:00";"207";"Acidente s";"124,822";"BR-163/MS";"NORTE";"Tombamento";0;0;1;0;0;1;0;0;0;0;2;0;0;0;0
"01/12/2021";"17:29:00";"240";"Acidente c";"633,805";"BR-163/MS";"SUL";"Colisão lateral no mesmo sentido";0;1;0;0;0;0;0;0;0;1;1;0;1;0;0
"01/12/2021";"20:07:00";"277";"Acidente s";"822,239";"BR-163/MS";"NORTE";"Atropelamento de animais";1;0;0;0;0;0;0;0;0;0;1;0;0;0;0
"01/12/2021";"20:27:00";"283";"Acidente c";"473,679";"BR-163/MS";"NORTE";"Atropelamento de animais";1;0;0;0;0;0;0;0;0;0;0;0;1;0;0
"02/12/2021";"02:49:00";"13";"Acidente s";"127,976";"BR-163/MS";"SUL";"Tombamento";0;0;1;0;0;1;0;0;0;0;2;0;0;0;0
"02/12/2021";"04:25:00";"22";"Acidente c";"128,518";"BR-163/MS";"SUL";"Colisão com veículos (traseira)";0;0;1;0;1;0;0;0;0;0;23;16;0;1;0
"02/12/2021";"05:09:00";"26";"Acidente s";"3,379";"BR-163/MS";"SUL";"Colisão com veículos (frontal)";1;0;1;0;0;0;0;0;0;0;1;0;0;0;0
"02/12/2021";"10:16:00";"131";"Acidente s";"381,8";"BR-163/MS";"NORTE";"Tombamento";0;0;1;0;0;0;0;0;0;0;1;0;0;0;0
"02/12/2021";"12:15:00";"155";"Acidente c";"302,6";"BR-163/MS";"NORTE";"Tombamento";0;0;1;0;0;1;0;0;0;0;1;1;0;0;0
"02/12/2021";"17:14:00";"222";"Acidente s";"184,64";"BR-163/MS";"SUL";"Colisão com veículos (traseira)";0;0;2;0;0;2;0;0;0;0;4;0;0;0;0
"02/12/2021";"17:23:00";"226";"Acidente c";"77,535";"BR-163/MS";"NORTE";"Colisão com veículos (traseira)";0;0;0;1;0;0;0;0;0;1;1;1;0;0;0
"02/12/2021";"20:49:00";"258";"Acidente s";"138,87";"BR-163/MS";"SUL";"Atropelamento de animais";0;0;1;0;0;0;0;0;0;0;1;0;0;0;0
"03/12/2021";"02:35:00";"9";"Acidente s";"563,592";"BR-163/MS";"SUL";"Atropelamento de animais";1;0;0;0;0;0;0;0;0;0;1;0;0;0;0
"03/12/2021";"03:16:00";"13";"Acidente s";"506,912";"BR-163/MS";"SUL";"Colisão com veículos (traseira)";0;0;2;0;0;3;0;0;0;0;5;0;0;0;0
"03/12/2021";"15:34:00";"244";"Acidente s";"565,387";"BR-163/MS";"SUL";"Tombamento";0;0;0;0;0;0;0;0;0;1;1;0;0;0;0
"03/12/2021";"17:28:00";"269";"Acidente s";"533,824";"BR-163/MS";"SUL";"Colisão lateral no mesmo sentido";1;0;1;0;0;2;0;0;0;0;6;0;0;0;0
"03/12/2021";"18:54:00";"286";"Acidente s";"772,969";"BR-163/MS";"SUL";"Atropelamento de animais";1;0;0;0;0;0;0;0;0;0;5;0;0;0;0
"03/12/2021";"18:54:00";"289";"Acidente s";"772,969";"BR-163/MS";"SUL";"Atropelamento de animais";1;0;0;0;0;0;0;0;0;0;3;0;0;0;0
"03/12/2021";"20:37:00";"308";"Acidente s";"564,158";"BR-163/MS";"NORTE";"Atropelamento de animais";1;0;0;0;0;0;0;0;0;0;2;0;0;0;0
"03/12/2021";"20:51:00";"310";"Acidente c";"18,144";"BR-163/MS";"SUL";"Tombamento de moto";0;0;0;1;0;0;0;0;0;0;0;1;0;0;0
"03/12/2021";"21:04:00";"311";"Acidente c";"11,416";"BR-163/MS";"SUL";"Colisão c/ obstáculos";1;0;0;0;0;0;0;0;0;0;2;1;0;0;0
"04/12/2021";"04:52:00";"25";"Acidente s";"640,635";"BR-163/MS";"NORTE";"Colisão c/ obstáculos";0;0;1;0;0;0;0;0;0;0;1;0;0;0;0
"04/12/2021";"04:57:00";"26";"Acidente s";"253,9";"BR-163/MS";"NORTE";"Capotamento";1;0;0;0;0;0;0;0;0;0;4;0;0;0;0
"04/12/2021";"10:58:00";"157";"Acidente c";"484,356";"BR-163/MS";"NORTE";"Colisão lateral no sentido contrário";2;0;0;0;0;0;0;0;0;0;1;1;0;0;0
"04/12/2021";"11:54:00";"176";"Acidente c";"242,285";"BR-163/MS";"NORTE";"Capotamento";1;0;0;0;0;0;0;0;0;0;0;4;0;0;0
"04/12/2021";"13:10:00";"195";"Acidente s";"642,3";"BR-163/MS";"NORTE";"Saídas de pista";1;0;0;0;0;1;0;0;0;0;2;0;0;0;0
"04/12/2021";"16:26:00";"243";"Acidente c";"481,214";"BR-163/MS";"NORTE";"Outros";0;0;0;1;0;1;0;0;0;0;1;0;0;1;0
"04/12/2021";"17:23:00";"259";"Acidente c";"251,53";"BR-163/MS";"SUL";"Capotamento";1;0;0;0;0;0;0;0;0;0;0;1;0;0;0
"04/12/2021";"17:40:00";"264";"Acidente c";"820,21";"BR-163/MS";"NORTE";"Capotamento";1;0;1;0;0;1;0;0;0;0;2;1;0;0;0
"05/12/2021";"02:24:00";"6";"Acidente c";"256,216";"BR-163/MS";"SUL";"Colisão com veículos (traseira)";2;0;0;0;0;0;0;0;0;0;2;1;0;0;0
"05/12/2021";"21:55:00";"242";"Acidente c";"479,193";"BR-163/MS";"SUL";"Colisão lateral no mesmo sentido";0;1;0;1;0;0;0;0;0;0;0;2;0;0;0
"06/12/2021";"04:30:00";"18";"Acidente s";"499,105";"BR-163/MS";"NORTE";"Saídas de pista";1;0;0;0;0;0;0;0;0;0;1;0;0;0;0
"06/12/2021";"14:17:00";"161";"Acidente c";"496,516";"BR-163/MS";"SUL";"Capotamento";0;0;0;0;0;0;0;0;0;1;0;1;0;0;0
"06/12/2021";"22:25:00";"284";"Acidente s";"432,295";"BR-163/MS";"NORTE";"Atropelamento de animais";0;0;0;0;0;0;0;0;0;1;2;0;0;0;0
"06/12/2021";"23:57:00";"291";"Acidente c";"636,778";"BR-163/MS";"SUL";"Colisão c/ obstáculos";1;0;0;0;0;0;0;0;0;0;0;2;1;0;0
"07/12/2021";"08:26:00";"78";"Acidente s";"660,512";"BR-163/MS";"NORTE";"Colisão com veículos (traseira)";0;0;2;0;0;1;0;0;0;0;3;0;0;0;0
"07/12/2021";"16:20:00";"201";"Acidente s";"28,5";"BR-163/MS";"NORTE";"Colisão lateral no mesmo sentido";1;0;1;0;0;2;0;0;0;0;5;0;0;0;0
"07/12/2021";"18:15:00";"224";"Acidente s";"225,5";"BR-163/MS";"SUL";"Colisão c/ obstáculos";0;0;0;0;0;0;0;0;0;1;1;0;0;0;0
"08/12/2021";"04:36:00";"20";"Acidente c";"279,385";"BR-163/MS";"SUL";"Saídas de pista";1;0;0;0;0;0;0;0;0;0;0;1;0;0;0
"08/12/2021";"05:23:00";"26";"Acidente s";"530,853";"BR-163/MS";"SUL";"Colisão com veículos (traseira)";1;0;1;0;0;2;0;0;0;0;4;0;0;0;0
"08/12/2021";"11:10:00";"147";"Acidente c";"697,15";"BR-163/MS";"NORTE";"Colisão lateral no mesmo sentido";0;0;0;0;0;1;0;0;0;1;1;1;0;0;0
"08/12/2021";"13:19:00";"171";"Acidente s";"86,9";"BR-163/MS";"SUL";"Saídas de pista";1;0;0;0;0;0;0;0;0;0;1;0;0;0;0
"08/12/2021";"15:05:00";"202";"Acidente s";"6,139";"BR-163/MS";"NORTE";"Engavetamento";0;0;2;0;0;2;0;0;0;1;5;0;0;0;0
"08/12/2021";"19:39:00";"279";"Acidente s";"600,764";"BR-163/MS";"NORTE";"Atropelamento de animais";1;0;0;0;0;0;0;0;0;0;1;0;0;0;0
"09/12/2021";"04:44:00";"12";"Acidente s";"257,7";"BR-163/MS";"SUL";"Colisão c/ obstáculos";1;0;0;0;0;0;0;0;0;0;1;0;0;0;0
"09/12/2021";"14:15:00";"196";"Acidente s";"270,66";"BR-163/MS";"NORTE";"Colisão lateral no mesmo sentido";2;0;0;0;0;0;0;0;0;0;4;0;0;0;0
"09/12/2021";"15:15:00";"221";"Acidente s";"127,984";"BR-163/MS";"NORTE";"Colisão com veículos (frontal)";1;0;1;0;0;1;0;0;0;0;4;0;0;0;0
"10/12/2021";"06:02:00";"22";"Acidente c";"273,264";"BR-163/MS";"SUL";"Colisão c/ obstáculos";0;0;0;0;0;0;0;0;0;1;0;1;0;0;0
"10/12/2021";"13:11:00";"152";"Acidente s";"648,911";"BR-163/MS";"NORTE";"Tombamento";0;0;1;0;0;1;0;0;0;0;4;0;0;0;0
"10/12/2021";"14:49:00";"177";"Acidente s";"432,484";"BR-163/MS";"SUL";"Colisão com veículos (traseira)";0;0;2;0;0;0;0;0;0;0;2;0;0;0;0
"10/12/2021";"21:07:00";"256";"Acidente s";"371,299";"BR-163/MS";"NORTE";"Atropelamento de animais";1;0;0;0;0;0;0;0;0;0;2;0;0;0;0
"10/12/2021";"22:56:00";"273";"Acidente s";"306,755";"BR-163/MS";"SUL";"Atropelamento de animais";0;0;0;0;0;0;0;0;0;1;1;0;0;0;0
"11/12/2021";"09:36:00";"82";"Acidente c";"766,68";"BR-163/MS";"SUL";"Saídas de pista";0;0;0;0;0;0;0;0;0;1;1;1;0;0;0
"11/12/2021";"17:14:00";"170";"Acidente s";"313,465";"BR-163/MS";"SUL";"Tombamento de moto";0;0;0;1;0;0;0;0;0;0;2;0;0;0;0
"11/12/2021";"21:31:00";"217";"Acidente s";"676,722";"BR-163/MS";"NORTE";"Tombamento";0;0;1;0;0;1;0;0;0;0;2;0;0;0;0
"11/12/2021";"22:46:00";"226";"Acidente s";"144,927";"BR-163/MS";"NORTE";"Colisão lateral no sentido contrário";0;0;1;0;0;1;0;0;0;1;3;0;0;0;0
"12/12/2021";"11:36:00";"95";"Acidente c";"454,65";"BR-163/MS";"NORTE";"Colisão c/ obstáculos";0;0;1;0;0;1;0;0;0;0;1;1;0;0;0
"12/12/2021";"21:35:00";"184";"Acidente s";"504,405";"BR-163/MS";"SUL";"Colisão c/ obstáculos";0;0;0;0;0;0;0;0;0;1;1;0;0;0;0
"12/12/2021";"22:37:00";"190";"Atropelame";"280,244";"BR-163/MS";"SUL";"Atropelamento de pedestre";0;0;0;0;0;1;0;0;0;0;1;0;0;1;0
"13/12/2021";"08:57:00";"92";"Acidente c";"481,249";"BR-163/MS";"NORTE";"Colisão com veículos (frontal)";0;0;2;0;0;1;0;0;0;1;3;1;0;0;1
"13/12/2021";"10:18:00";"118";"Acidente c";"568,336";"BR-163/MS";"NORTE";"Capotamento";1;0;0;0;0;0;0;0;0;0;1;1;0;0;0
"13/12/2021";"13:08:00";"156";"Acidente s";"533,801";"BR-163/MS";"SUL";"Colisão com veículos (traseira)";0;0;0;0;0;0;0;0;0;2;6;0;0;0;0
"13/12/2021";"13:37:00";"168";"Acidente s";"470,3";"BR-163/MS";"NORTE";"Colisão com veículos (traseira)";1;0;1;0;0;0;0;0;0;0;2;0;0;0;0
"13/12/2021";"15:36:00";"194";"Acidente s";"459,138";"BR-163/MS";"SUL";"Colisão com veículos (traseira)";1;0;0;0;0;1;0;0;0;1;6;0;0;0;0
"13/12/2021";"21:30:00";"259";"Acidente s";"672,769";"BR-163/MS";"NORTE";"Atropelamento de animais";1;0;0;0;0;0;0;0;0;0;4;0;0;0;0
"13/12/2021";"23:38:00";"274";"Acidente s";"197,216";"BR-163/MS";"NORTE";"Colisão c/ obstáculos";0;0;0;0;0;0;0;0;0;1;1;0;0;0;0
"14/12/2021";"02:41:00";"8";"Acidente c";"372,231";"BR-163/MS";"NORTE";"Tombamento";0;0;0;0;1;0;0;0;0;0;46;13;0;1;0
"14/12/2021";"02:59:00";"9";"Acidente s";"238,303";"BR-163/MS";"NORTE";"Tombamento";0;0;1;0;0;2;0;0;0;0;3;0;0;0;0
"14/12/2021";"06:27:00";"26";"Acidente s";"40,457";"BR-163/MS";"NORTE";"Tombamento";0;0;1;0;0;2;0;0;0;0;3;0;0;0;0
"14/12/2021";"07:50:00";"49";"Acidente c";"490,5";"BR-163/MS";"NORTE";"Colisão lateral no mesmo sentido";1;0;0;1;0;0;0;0;0;0;1;1;0;0;0
"14/12/2021";"09:32:00";"97";"Acidente s";"290,654";"BR-163/MS";"NORTE";"Saídas de pista";1;0;0;0;0;0;0;0;0;0;3;0;0;0;0
"14/12/2021";"14:58:00";"162";"Acidente c";"676,275";"BR-163/MS";"SUL";"Colisão com veículos (traseira)";0;0;1;0;1;0;0;0;0;0;0;28;0;0;0
"14/12/2021";"16:12:00";"186";"Acidente s";"717,229";"BR-163/MS";"SUL";"Colisão com veículos (traseira)";0;0;2;0;0;0;0;0;0;0;2;0;0;0;0
"14/12/2021";"17:22:00";"201";"Acidente c";"484,357";"BR-163/MS";"NORTE";"Tombamento de moto";0;0;0;1;0;0;0;0;0;0;0;1;0;0;0
"14/12/2021";"17:28:00";"203";"Acidente s";"480,934";"BR-163/MS";"SUL";"Colisão lateral no mesmo sentido";1;0;0;0;0;0;0;0;0;1;3;0;0;0;0
"14/12/2021";"22:14:00";"241";"Acidente c";"484,679";"BR-163/MS";"SUL";"Atropelamento de animais";1;0;0;1;0;0;0;0;0;0;1;1;1;0;0
"16/12/2021";"07:35:00";"55";"Acidente c";"212,684";"BR-163/MS";"SUL";"Colisão com veículos (traseira)";1;0;0;1;0;0;0;0;0;0;1;1;0;0;0
"16/12/2021";"10:16:00";"119";"Acidente c";"577,592";"BR-163/MS";"SUL";"Tombamento";0;0;1;0;0;2;0;0;0;0;2;1;0;0;0
"16/12/2021";"17:10:00";"204";"Acidente c";"562,98";"BR-163/MS";"SUL";"Engavetamento";0;0;1;0;0;0;0;0;0;3;7;1;0;0;0
"16/12/2021";"18:41:00";"218";"Acidente s";"478,161";"BR-163/MS";"NORTE";"Colisão com veículos (traseira)";0;0;2;0;0;3;0;0;0;0;5;0;0;0;0
"16/12/2021";"19:22:00";"225";"Atropelame";"538,668";"BR-163/MS";"NORTE";"Atropelamento de pedestre";1;0;0;0;0;0;0;0;0;0;4;0;0;1;0
"16/12/2021";"20:19:00";"241";"Acidente c";"494,61";"BR-163/MS";"NORTE";"Colisão com veículos (traseira)";0;0;2;0;0;1;0;0;0;0;2;0;1;0;0
"16/12/2021";"21:37:00";"246";"Acidente s";"258,202";"BR-163/MS";"NORTE";"Colisão lateral no mesmo sentido";0;0;0;1;0;1;0;0;0;0;2;0;0;0;0
"17/12/2021";"08:07:00";"93";"Acidente s";"485,214";"BR-163/MS";"NORTE";"Colisão com veículos (traseira)";1;0;1;0;0;0;0;0;0;0;5;0;0;0;0
"17/12/2021";"10:22:00";"127";"Acidente s";"547,504";"BR-163/MS";"SUL";"Colisão com veículos (traseira)";0;0;0;0;0;1;0;0;0;1;3;0;0;0;0
"17/12/2021";"16:06:00";"235";"Acidente c";"613,613";"BR-163/MS";"NORTE";"Engavetamento";0;0;0;0;2;0;0;0;0;1;1;16;0;0;0
"17/12/2021";"17:04:00";"244";"Acidente s";"468,838";"BR-163/MS";"SUL";"Colisão c/ obstáculos";0;0;1;0;0;2;0;0;0;1;5;0;0;0;0
"17/12/2021";"18:39:00";"265";"Acidente c";"241,493";"BR-163/MS";"SUL";"Tombamento de moto";0;0;0;1;0;0;0;0;0;0;0;1;0;0;0
"17/12/2021";"19:48:00";"271";"Acidente c";"36,607";"BR-163/MS";"SUL";"Colisão com veículos (traseira)";0;0;2;0;0;3;0;0;0;0;4;1;0;0;0
"17/12/2021";"20:16:00";"279";"Acidente s";"256,719";"BR-163/MS";"SUL";"Colisão c/ obstáculos";1;0;0;0;0;0;0;0;0;0;2;0;0;0;0
"17/12/2021";"20:52:00";"283";"Acidente c";"551,832";"BR-163/MS";"SUL";"Saídas de pista";0;0;1;0;0;0;0;0;0;0;0;1;0;0;0
"17/12/2021";"22:27:00";"295";"Acidente c";"488,494";"BR-163/MS";"NORTE";"Colisão com veículos (frontal)";1;0;0;1;0;0;0;0;0;0;5;0;0;1;0
"18/12/2021";"05:39:00";"31";"Acidente s";"680,958";"BR-163/MS";"SUL";"Colisão lateral no sentido contrário";1;0;0;0;0;1;0;0;0;0;5;0;0;0;0
"18/12/2021";"06:20:00";"38";"Acidente s";"795,296";"BR-163/MS";"NORTE";"Atropelamento de animais";1;0;0;0;0;0;0;0;0;0;2;0;0;0;0
"18/12/2021";"10:39:00";"145";"Acidente c";"444,284";"BR-163/MS";"NORTE";"Saídas de pista";1;0;0;0;0;0;0;0;0;0;2;1;0;0;0
"18/12/2021";"11:30:00";"155";"Acidente s";"275,513";"BR-163/MS";"SUL";"Saídas de pista";1;0;0;0;0;0;0;0;0;0;1;0;0;0;0
"18/12/2021";"11:45:00";"159";"Acidente c";"372";"BR-163/MS";"NORTE";"Capotamento";0;0;1;0;0;0;0;0;0;0;0;1;0;0;0
"18/12/2021";"16:21:00";"229";"Acidente s";"690,8";"BR-163/MS";"SUL";"Colisão c/ obstáculos";0;0;0;0;0;0;0;0;0;1;2;0;0;0;0
"18/12/2021";"18:26:00";"259";"Acidente s";"479,334";"BR-163/MS";"SUL";"Colisão c/ obstáculos";0;0;1;0;0;0;0;0;0;0;1;0;0;0;0
"18/12/2021";"19:23:00";"269";"Acidente s";"166,685";"BR-163/MS";"NORTE";"Atropelamento de animais";1;0;0;0;0;0;0;0;0;0;4;0;0;0;0
"18/12/2021";"20:18:00";"279";"Acidente s";"254,232";"BR-163/MS";"NORTE";"Colisão c/ obstáculos";0;0;0;0;0;0;0;0;0;1;1;0;0;0;0
"18/12/2021";"22:10:00";"293";"Acidente c";"251,138";"BR-163/MS";"NORTE";"Tombamento de moto";0;0;0;1;0;0;0;0;0;0;0;2;0;0;0
"18/12/2021";"22:21:00";"297";"Acidente s";"366,505";"BR-163/MS";"NORTE";"Colisão com veículos (traseira)";2;0;0;0;0;0;0;0;0;0;3;0;0;0;0
"19/12/2021";"01:46:00";"12";"Acidente s";"822,239";"BR-163/MS";"SUL";"Atropelamento de animais";0;0;0;0;0;0;0;0;0;1;4;0;0;0;0
"19/12/2021";"03:52:00";"21";"Acidente s";"229,921";"BR-163/MS";"NORTE";"Colisão c/ obstáculos";1;0;0;0;0;0;0;0;0;0;3;0;0;0;0
"19/12/2021";"08:08:00";"60";"Acidente c";"276,2";"BR-163/MS";"NORTE";"Tombamento";0;0;1;0;0;2;0;0;0;0;2;3;0;0;0
"19/12/2021";"11:18:00";"110";"Acidente s";"489,841";"BR-163/MS";"NORTE";"Colisão com veículos (traseira)";1;0;0;0;0;0;0;0;0;1;6;0;0;0;0
"19/12/2021";"18:28:00";"212";"Acidente c";"534,799";"BR-163/MS";"NORTE";"Atropelamento de animais";0;0;0;1;0;0;0;0;0;0;0;1;0;0;0
"20/12/2021";"05:16:00";"24";"Acidente s";"443,703";"BR-163/MS";"NORTE";"Tombamento";1;0;0;0;0;0;0;0;0;0;1;0;0;0;0
"20/12/2021";"11:11:00";"142";"Acidente s";"589,335";"BR-163/MS";"SUL";"Colisão c/ obstáculos";0;0;0;0;0;0;0;0;0;1;3;0;0;0;0
"20/12/2021";"15:46:00";"205";"Acidente s";"486,425";"BR-163/MS";"NORTE";"Tombamento de moto";0;0;1;1;0;1;0;0;0;0;3;0;0;0;0
"21/12/2021";"00:19:00";"2";"Acidente c";"780,261";"BR-163/MS";"NORTE";"Atropelamento de animais";0;0;0;0;0;0;0;0;0;1;4;0;0;1;0
"21/12/2021";"01:28:00";"7";"Acidente s";"252,488";"BR-163/MS";"SUL";"Atropelamento de animais";0;0;0;0;0;0;0;0;0;1;5;0;0;0;0
"21/12/2021";"08:52:00";"93";"Acidente c";"690,574";"BR-163/MS";"SUL";"Colisão com veículos (frontal)";2;0;1;0;0;1;0;0;0;0;6;1;0;0;4
"21/12/2021";"17:19:00";"215";"Acidente c";"486,584";"BR-163/MS";"SUL";"Colisão lateral no sentido contrário";1;0;0;2;0;0;0;0;0;0;3;1;1;0;0
"21/12/2021";"18:57:00";"239";"Acidente s";"475,811";"BR-163/MS";"NORTE";"Colisão lateral no mesmo sentido";1;0;0;0;0;0;0;0;0;1;2;0;0;0;0
"21/12/2021";"23:52:00";"302";"Acidente s";"703,272";"BR-163/MS";"SUL";"Atropelamento de animais";0;0;0;0;0;0;0;0;0;1;1;0;0;0;0
"22/12/2021";"09:09:00";"114";"Acidente c";"490,635";"BR-163/MS";"NORTE";"Colisão com veículos (traseira)";0;0;0;0;0;0;0;0;0;2;4;0;2;0;0
"22/12/2021";"17:32:00";"264";"Acidente s";"114,251";"BR-163/MS";"NORTE";"Colisão com veículos (frontal)";2;0;0;0;0;0;0;0;0;0;4;0;0;0;0
"22/12/2021";"17:47:00";"269";"Acidente c";"482,536";"BR-163/MS";"NORTE";"Atropelamento de pedestre";1;1;0;0;0;0;0;0;0;0;2;0;1;0;0
"22/12/2021";"20:19:00";"302";"Acidente c";"410,691";"BR-163/MS";"SUL";"Colisão lateral no sentido contrário";1;0;1;0;1;3;0;0;0;0;16;1;0;0;0
"22/12/2021";"22:27:00";"322";"Acidente s";"540,836";"BR-163/MS";"NORTE";"Atropelamento de animais";0;0;0;0;0;0;0;0;0;1;4;0;0;0;0
"22/12/2021";"23:00:00";"325";"Acidente c";"473,644";"BR-163/MS";"SUL";"Atropelamento de animais";1;0;0;0;0;0;0;0;0;0;3;1;0;1;0
"22/12/2021";"23:29:00";"326";"Acidente c";"13,306";"BR-163/MS";"NORTE";"Colisão lateral no sentido contrário";1;0;0;1;0;0;0;0;0;0;2;1;0;0;0
"23/12/2021";"02:20:00";"17";"Acidente s";"46,909";"BR-163/MS";"SUL";"Atropelamento de animais";1;0;0;0;0;0;0;0;0;0;3;0;0;0;0
"23/12/2021";"07:53:00";"82";"Acidente s";"24,5";"BR-163/MS";"SUL";"Colisão c/ obstáculos";0;0;0;0;0;0;0;0;0;1;4;0;0;0;0