data;horario;n_da_ocorrencia;tipo_de_ocorrencia;km;trecho;sentido;tipo_de_acidente;automovel;bicicleta;caminhao;moto;onibus;outros;tracao_animal;transporte_de_cargas_especiais;trator_maquinas;utilitarios;ilesos;levemente_feridos;moderadamente_feridos;gravemente_feridos;mortos
"31/01/2022";"11:20:00";"123";"Acidente c";"466,322";"BR-163/MS";"SUL";"Tombamento";0;0;1;0;0;1;0;0;0;0;2;1;0;0;0
"31/01/2022";"19:26:00";"224";"Acidente c";"601,171";"BR-163/MS";"NORTE";"Colisão com veículos (traseira)";0;0;2;0;0;0;0;0;0;0;1;0;1;0;0
"31/01/2022";"20:55:00";"237";"Acidente s";"390,192";"BR-163/MS";"NORTE";"Atropelamento de animais";1;0;0;0;0;0;0;0;0;0;2;0;0;0;0
"01/02/2022";"03:32:00";"12";"Acidente c";"382,362";"BR-163/MS";"NORTE";"Atropelamento de animais";1;0;0;0;0;0;0;0;0;0;1;1;0;0;0
"01/02/2022";"07:09:00";"47";"Acidente c";"257,335";"BR-163/MS";"NORTE";"Engavetamento";2;0;0;1;0;0;0;0;0;2;6;1;0;0;0
"01/02/2022";"13:01:00";"162";"Acidente c";"42,963";"BR-163/MS";"NORTE";"Capotamento";0;0;1;0;0;0;0;0;0;0;0;0;1;0;0
"01/02/2022";"19:31:00";"234";"Acidente c";"197,519";"BR-163/MS";"SUL";"Colisão com veículos (traseira)";0;0;0;0;0;1;0;0;0;1;1;0;1;0;0
"01/02/2022";"21:08:00";"245";"Acidente c";"185,388";"BR-163/MS";"SUL";"Tombamento";0;0;1;0;0;2;0;0;0;0;2;1;0;0;0
"02/02/2022";"06:53:00";"31";"Acidente s";"640,23";"BR-163/MS";"NORTE";"Saídas de pista";0;0;0;0;0;0;0;0;0;1;1;0;0;0;0
"02/02/2022";"20:22:00";"282";"Acidente s";"238,114";"BR-163/MS";"NORTE";"Atropelamento de animais";1;0;0;0;0;0;0;0;0;0;2;0;0;0;0
"03/02/2022";"03:21:00";"13";"Atropelame";"21,318";"BR-163/MS";"NORTE";"Atropelamento de pedestre";0;0;0;0;0;1;0;0;0;0;1;0;0;0;1
"03/02/2022";"11:03:00";"164";"Acidente s";"209,62";"BR-163/MS";"SUL";"Colisão lateral no sentido contrário";1;0;0;0;0;0;0;0;0;1;3;0;0;0;0
"05/02/2022";"05:42:00";"13";"Acidente s";"468,347";"BR-163/MS";"SUL";"Colisão com veículos (traseira)";0;0;2;0;0;3;0;0;0;0;5;0;0;0;0
"05/02/2022";"09:51:00";"69";"Acidente s";"1,875";"BR-163/MS";"NORTE";"Engavetamento";1;0;0;0;0;0;0;0;0;2;10;0;0;0;0
"05/02/2022";"23:00:00";"194";"Acidente c";"133,424";"BR-163/MS";"NORTE";"Tombamento de moto";0;0;0;1;0;0;0;0;0;0;0;0;1;0;0
"06/02/2022";"00:24:00";"4";"Acidente s";"667,251";"BR-163/MS";"SUL";"Colisão c/ obstáculos";0;0;0;0;0;0;0;0;0;1;1;0;0;0;0
"06/02/2022";"22:14:00";"206";"Acidente c";"560,703";"BR-163/MS";"SUL";"Capotamento";0;0;1;0;0;0;0;0;0;0;0;1;0;0;0
"07/02/2022";"08:11:00";"59";"Acidente s";"678,72";"BR-163/MS";"NORTE";"Colisão com veículos (traseira)";1;0;0;0;0;0;0;0;0;1;2;0;0;0;0
"07/02/2022";"12:29:00";"131";"Acidente s";"555,702";"BR-163/MS";"SUL";"Colisão com veículos (traseira)";2;0;0;0;0;0;0;0;0;0;4;0;0;0;0
"07/02/2022";"13:39:00";"150";"Acidente c";"194,596";"BR-163/MS";"NORTE";"Tombamento de moto";0;0;0;1;0;0;0;0;0;0;0;1;1;0;0
"07/02/2022";"14:54:00";"172";"Acidente s";"679,859";"BR-163/MS";"NORTE";"Colisão lateral no sentido contrário";0;0;1;0;0;0;0;0;0;1;4;0;0;0;0
"08/02/2022";"07:21:00";"52";"Acidente c";"491,536";"BR-163/MS";"NORTE";"Colisão lateral no sentido contrário";1;0;0;1;0;0;0;0;0;0;2;0;0;1;0
"08/02/2022";"22:33:00";"306";"Acidente c";"680,771";"BR-163/MS";"NORTE";"Colisão lateral no sentido contrário";0;0;0;2;0;0;0;0;0;0;0;0;2;0;0
"09/02/2022";"06:05:00";"40";"Acidente c";"392,345";"BR-163/MS";"SUL";"Tombamento de moto";0;0;0;1;0;0;0;0;0;0;0;1;0;0;0
"09/02/2022";"10:19:00";"132";"Acidente s";"19,54";"BR-163/MS";"NORTE";"Colisão lateral no sentido contrário";1;0;0;1;0;0;0;0;0;0;2;0;0;0;0
"09/02/2022";"15:24:00";"220";"Acidente s";"544,497";"BR-163/MS";"NORTE";"Saídas de pista";0;0;0;0;0;0;0;0;0;1;3;0;0;0;0
"09/02/2022";"16:53:00";"246";"Acidente s";"191,72";"BR-163/MS";"NORTE";"Engavetamento";2;0;0;0;0;0;0;0;0;1;4;0;0;0;0
"09/02/2022";"18:02:00";"256";"Acidente s";"400,532";"BR-163/MS";"NORTE";"Colisão com veículos (traseira)";1;0;1;0;0;1;0;0;0;0;3;0;0;0;0
"09/02/2022";"19:21:00";"282";"Acidente s";"500,215";"BR-163/MS";"SUL";"Colisão com veículos (traseira)";0;0;0;0;0;1;0;0;0;1;2;0;0;0;0
"10/02/2022";"06:05:00";"20";"Acidente s";"255,936";"BR-163/MS";"NORTE";"Tombamento";0;0;1;0;0;0;0;0;0;0;1;0;0;0;0
"10/02/2022";"16:28:00";"221";"Acidente s";"842,393";"BR-163/MS";"SUL";"Saídas de pista";1;0;1;0;0;0;0;0;0;0;2;0;0;0;0
"10/02/2022";"17:21:00";"228";"Acidente s";"227,963";"BR-163/MS";"NORTE";"Colisão com veículos (traseira)";0;0;2;0;0;3;0;0;0;0;5;0;0;0;0
"10/02/2022";"17:33:00";"234";"Acidente c";"477,669";"BR-163/MS";"SUL";"Tombamento de moto";0;0;0;1;0;0;0;0;0;0;0;2;0;0;0
"10/02/2022";"19:52:00";"263";"Acidente c";"701,43";"BR-163/MS";"SUL";"Colisão c/ obstáculos";0;1;0;0;0;0;0;0;0;0;0;1;0;0;0
"10/02/2022";"23:38:00";"293";"Acidente c";"261,283";"BR-163/MS";"NORTE";"Colisão com veículos (traseira)";0;2;1;0;0;0;0;0;0;0;2;0;0;0;2
"11/02/2022";"13:32:00";"179";"Acidente s";"225,21";"BR-163/MS";"NORTE";"Colisão lateral no sentido contrário";1;0;0;0;0;0;0;0;0;1;2;0;0;0;0
"11/02/2022";"19:24:00";"260";"Acidente c";"628,252";"BR-163/MS";"SUL";"Tombamento de moto";0;0;0;1;0;0;0;0;0;0;0;1;0;0;0
"11/02/2022";"21:01:00";"280";"Acidente c";"224,595";"BR-163/MS";"SUL";"Tombamento de moto";0;0;0;1;0;0;0;0;0;0;0;1;0;0;0
"12/02/2022";"00:27:00";"4";"Acidente s";"361,31";"BR-163/MS";"NORTE";"Atropelamento de animais";0;0;0;0;0;0;0;0;0;1;4;0;0;0;0
"12/02/2022";"00:35:00";"5";"Acidente s";"581,684";"BR-163/MS";"NORTE";"Colisão c/ obstáculos";0;0;1;0;0;0;0;0;0;0;1;0;0;0;0
"12/02/2022";"02:22:00";"20";"Acidente s";"156,747";"BR-163/MS";"NORTE";"Atropelamento de animais";0;0;0;0;0;0;0;0;0;1;1;0;0;0;0
"12/02/2022";"06:46:00";"61";"Acidente c";"754,524";"BR-163/MS";"NORTE";"Saídas de pista";1;0;0;0;0;0;0;0;0;0;1;1;0;0;0
"12/02/2022";"13:40:00";"175";"Acidente c";"490,846";"BR-163/MS";"SUL";"Colisão lateral no mesmo sentido";0;0;1;1;0;2;0;0;0;0;3;0;0;1;0
"12/02/2022";"21:27:00";"274";"Acidente c";"258,457";"BR-163/MS";"SUL";"Tombamento de moto";0;0;0;1;0;0;0;0;0;0;0;1;0;0;0
"13/02/2022";"00:21:00";"1";"Acidente c";"490,757";"BR-163/MS";"SUL";"Tombamento de moto";0;0;0;1;0;0;0;0;0;0;1;0;1;0;0
"13/02/2022";"01:49:00";"9";"Acidente c";"258,687";"BR-163/MS";"SUL";"Colisão c/ obstáculos";0;0;0;1;0;0;0;0;0;0;0;1;0;0;0
"13/02/2022";"03:13:00";"16";"Acidente s";"627,587";"BR-163/MS";"NORTE";"Saídas de pista";1;0;0;0;0;0;0;0;0;0;1;0;0;0;0
"13/02/2022";"15:37:00";"155";"Acidente s";"844,15";"BR-163/MS";"NORTE";"Tombamento";0;0;1;0;0;2;0;0;0;0;3;0;0;0;0
"13/02/2022";"18:08:00";"179";"Acidente c";"145,335";"BR-163/MS";"NORTE";"Saídas de pista";1;0;0;0;0;0;0;0;0;0;1;2;0;0;0
"13/02/2022";"22:16:00";"209";"Acidente s";"752,317";"BR-163/MS";"NORTE";"Atropelamento de animais";1;0;0;0;0;0;0;0;0;0;4;0;0;0;0
"14/02/2022";"05:16:00";"24";"Acidente c";"405,488";"BR-163/MS";"NORTE";"Atropelamento de animais";0;0;0;0;0;0;0;0;0;1;0;1;0;0;0
"14/02/2022";"06:01:00";"34";"Acidente s";"364,201";"BR-163/MS";"NORTE";"Tombamento";0;0;1;0;0;2;0;0;0;0;3;0;0;0;0
"14/02/2022";"06:24:00";"40";"Acidente c";"624,931";"BR-163/MS";"NORTE";"Capotamento";0;0;0;0;0;0;0;0;0;1;0;0;1;0;0
"14/02/2022";"15:37:00";"181";"Acidente c";"258,625";"BR-163/MS";"NORTE";"Tombamento de moto";0;0;0;1;0;0;0;0;0;0;0;1;0;0;0
"15/02/2022";"01:44:00";"4";"Acidente s";"215,521";"BR-163/MS";"SUL";"Capotamento";1;0;0;0;0;0;0;0;0;0;1;0;0;0;0
"15/02/2022";"15:05:00";"187";"Acidente s";"297,232";"BR-163/MS";"NORTE";"Colisão lateral no mesmo sentido";0;0;2;0;0;4;0;0;0;0;6;0;0;0;0
"16/02/2022";"04:42:00";"16";"Acidente c";"151,735";"BR-163/MS";"SUL";"Capotamento";0;0;0;0;0;0;0;0;0;1;0;0;1;0;0
"16/02/2022";"04:58:00";"19";"Acidente s";"816,837";"BR-163/MS";"SUL";"Colisão lateral no mesmo sentido";1;0;1;0;0;1;0;0;0;0;3;0;0;0;0
"16/02/2022";"08:51:00";"100";"Acidente s";"485,25";"BR-163/MS";"NORTE";"Colisão com veículos (traseira)";0;0;1;0;0;1;0;0;0;1;3;0;0;0;0
"16/02/2022";"10:57:00";"136";"Acidente s";"603,123";"BR-163/MS";"SUL";"Colisão lateral no sentido contrário";0;0;1;0;0;0;0;0;0;1;2;0;0;0;0
"16/02/2022";"18:52:00";"259";"Acidente c";"271,331";"BR-163/MS";"NORTE";"Atropelamento de animais";0;0;0;1;0;0;0;0;0;0;0;2;0;0;0
"17/02/2022";"09:28:00";"129";"Acidente s";"313,481";"BR-163/MS";"SUL";"Colisão com veículos (traseira)";1;0;1;0;0;0;0;0;0;0;3;0;0;0;0
"17/02/2022";"18:30:00";"278";"Acidente s";"485,125";"BR-163/MS";"NORTE";"Colisão com veículos (traseira)";2;0;0;0;0;0;0;0;0;0;4;0;0;0;0
"18/02/2022";"04:02:00";"14";"Acidente s";"1,842";"BR-163/MS";"NORTE";"Capotamento";0;0;0;0;0;0;0;0;0;1;1;0;0;0;0
"18/02/2022";"11:38:00";"163";"Acidente c";"753,818";"BR-163/MS";"SUL";"Capotamento";0;0;0;0;0;0;0;0;0;1;3;1;0;0;0
"18/02/2022";"13:52:00";"198";"Acidente c";"489,808";"BR-163/MS";"SUL";"Colisão com veículos (traseira)";0;0;0;1;0;0;0;0;0;1;1;1;0;0;0
"18/02/2022";"19:22:00";"281";"Acidente c";"542,399";"BR-163/MS";"SUL";"Colisão lateral no sentido contrário";1;0;1;0;0;1;0;0;0;0;4;1;0;0;0
"19/02/2022";"04:57:00";"12";"Acidente s";"497,465";"BR-163/MS";"NORTE";"Colisão c/ obstáculos";1;0;0;0;0;0;0;0;0;0;1;0;0;0;0
"19/02/2022";"17:21:00";"161";"Acidente s";"74,264";"BR-163/MS";"SUL";"Colisão lateral no sentido contrário";0;0;0;0;0;1;0;0;0;1;3;0;0;0;0
"19/02/2022";"19:22:00";"179";"Acidente s";"608,805";"BR-163/MS";"SUL";"Colisão com veículos (traseira)";0;0;0;0;0;0;0;0;0;2;6;0;0;0;0
"19/02/2022";"22:14:00";"196";"Acidente s";"519,364";"BR-163/MS";"SUL";"Atropelamento de animais";0;0;0;0;0;0;0;0;0;1;3;0;0;0;0
"19/02/2022";"23:42:00";"205";"Acidente s";"537,85";"BR-163/MS";"NORTE";"Atropelamento de animais";0;0;0;0;0;0;0;0;0;1;3;0;0;0;0
"20/02/2022";"14:59:00";"142";"Acidente c";"0,541";"BR-163/MS";"SUL";"Colisão com veículos (traseira)";2;0;0;0;0;0;0;0;0;0;7;1;0;0;0
"21/02/2022";"00:55:00";"3";"Acidente c";"249,85";"BR-163/MS";"SUL";"Capotamento";1;0;0;0;0;0;0;0;0;0;0;1;0;0;0
"21/02/2022";"06:00:00";"26";"Acidente s";"231,355";"BR-163/MS";"NORTE";"Colisão lateral no sentido contrário";0;0;1;0;0;2;0;0;0;1;4;0;0;0;0
"21/02/2022";"18:09:00";"269";"Acidente s";"490,774";"BR-163/MS";"NORTE";"Colisão com veículos (traseira)";1;0;1;0;0;1;0;0;0;0;4;0;0;0;0
"21/02/2022";"21:01:00";"302";"Acidente s";"691,645";"BR-163/MS";"NORTE";"Colisão com veículos (traseira)";2;0;0;0;0;0;0;0;0;0;2;0;0;0;0
"21/02/2022";"21:02:00";"303";"Acidente c";"206";"BR-163/MS";"SUL";"Tombamento de moto";0;0;0;1;0;0;0;0;0;0;0;1;0;0;0
"22/02/2022";"05:07:00";"11";"Atropelame";"344,973";"BR-163/MS";"SUL";"Atropelamento de pedestre";0;0;1;0;0;2;0;0;0;0;3;0;0;1;0
"22/02/2022";"07:32:00";"60";"Acidente s";"222,96";"BR-163/MS";"SUL";"Colisão lateral no sentido contrário";2;0;1;0;0;1;0;0;0;0;5;0;0;0;0
"22/02/2022";"14:36:00";"178";"Acidente s";"682,392";"BR-163/MS";"SUL";"Colisão com veículos (traseira)";0;0;0;0;0;0;0;0;0;2;7;0;0;0;0
"22/02/2022";"15:47:00";"199";"Acidente c";"512,36";"BR-163/MS";"NORTE";"Capotamento";1;0;0;0;0;0;0;0;0;0;0;2;0;0;0
"22/02/2022";"18:40:00";"235";"Acidente s";"293,878";"BR-163/MS";"SUL";"Atropelamento de animais";0;0;0;0;0;0;0;0;0;1;1;0;0;0;0
"23/02/2022";"01:18:00";"5";"Acidente s";"809,688";"BR-163/MS";"NORTE";"Atropelamento de animais";0;0;0;0;0;0;0;0;0;1;1;0;0;0;0
"23/02/2022";"18:04:00";"229";"Acidente s";"750,609";"BR-163/MS";"SUL";"Tombamento de moto";0;0;0;1;0;0;0;0;0;0;2;0;0;0;0
"24/02/2022";"00:37:00";"3";"Acidente s";"787,926";"BR-163/MS";"SUL";"Capotamento";0;0;0;0;0;0;0;0;0;1;2;0;0;0;0
"24/02/2022";"06:10:00";"26";"Acidente c";"497,53";"BR-163/MS";"NORTE";"Colisão lateral no sentido contrário";1;0;0;0;0;0;0;0;0;1;2;1;1;0;0
"24/02/2022";"19:58:00";"238";"Acidente c";"484,801";"BR-163/MS";"SUL";"Tombamento de moto";0;0;0;1;0;0;0;0;0;0;0;2;0;0;0
"25/02/2022";"04:33:00";"14";"Acidente c";"672,461";"BR-163/MS";"SUL";"Atropelamento de animais";0;0;0;0;0;0;0;0;0;1;0;2;0;0;0
"25/02/2022";"13:47:00";"186";"Acidente c";"490,412";"BR-163/MS";"NORTE";"Colisão com veículos (traseira)";0;0;1;0;0;0;0;0;0;1;3;1;0;0;0
"25/02/2022";"16:42:00";"239";"Acidente c";"117,819";"BR-163/MS";"SUL";"Capotamento";0;0;0;0;0;0;0;0;0;1;0;1;0;0;0
"25/02/2022";"23:04:00";"305";"Acidente s";"259,282";"BR-163/MS";"NORTE";"Saídas de pista";1;0;0;0;0;0;0;0;0;0;1;0;0;0;0
"26/02/2022";"02:50:00";"5";"Acidente s";"688,397";"BR-163/MS";"NORTE";"Atropelamento de animais";1;0;0;0;0;0;0;0;0;0;5;0;0;0;0
"26/02/2022";"07:56:00";"59";"Acidente s";"406,614";"BR-163/MS";"SUL";"Saídas de pista";1;0;0;0;0;0;0;0;0;0;2;0;0;0;0
"26/02/2022";"08:23:00";"69";"Acidente s";"603,501";"BR-163/MS";"NORTE";"Colisão com veículos (traseira)";1;0;0;0;0;0;0;0;0;1;6;0;0;0;0
"26/02/2022";"17:58:00";"235";"Acidente s";"246,1";"BR-163/MS";"NORTE";"Colisão lateral no sentido contrário";0;0;1;0;0;0;0;0;0;1;4;0;0;0;0
"26/02/2022";"22:05:00";"281";"Acidente s";"713,39";"BR-163/MS";"SUL";"Tombamento";0;0;1;0;0;2;0;0;0;0;3;0;0;0;0
"27/02/2022";"04:20:00";"19";"Acidente c";"470,853";"BR-163/MS";"SUL";"Tombamento de moto";0;0;0;1;0;0;0;0;0;0;0;1;0;0;0
"27/02/2022";"06:17:00";"31";"Acidente c";"485,21";"BR-163/MS";"NORTE";"Colisão com veículos (traseira)";0;0;2;0;0;0;0;0;0;0;2;1;0;0;0
"27/02/2022";"09:57:00";"78";"Acidente c";"662,357";"BR-163/MS";"NORTE";"Colisão com veículos (traseira)";0;0;0;2;0;0;0;0;0;0;2;1;0;0;0
"27/02/2022";"16:12:00";"149";"Acidente s";"446,964";"BR-163/MS";"NORTE";"Tombamento";0;0;1;0;0;0;0;0;0;0;1;0;0;0;0
"27/02/2022";"18:55:00";"186";"Acidente s";"470,62";"BR-163/MS";"NORTE";"Colisão com veículos (traseira)";0;0;1;0;0;0;0;0;0;1;2;0;0;0;0
"27/02/2022";"20:27:00";"205";"Acidente c";"628,186";"BR-163/MS";"SUL";"Colisão c/ obstáculos";0;0;0;0;0;0;0;0;0;1;2;1;0;0;0
"28/02/2022";"10:25:00";"133";"Acidente c";"272,359";"BR-163/MS";"NORTE";"Colisão com veículos (traseira)";0;0;0;1;0;0;0;0;0;1;2;1;0;0;0
"28/02/2022";"20:32:00";"270";"Acidente c";"293,379";"BR-163/MS";"NORTE";"Colisão com veículos (frontal)";1;0;1;0;0;1;0;0;0;0;1;1;0;0;1
"01/03/2022";"07:10:00";"41";"Acidente s";"443,5";"BR-163/MS";"SUL";"Tombamento";0;0;1;0;0;2;0;0;0;0;3;0;0;0;0
"01/03/2022";"10:18:00";"109";"Acidente s";"654,3";"BR-163/MS";"NORTE";"Tombamento";1;0;0;0;0;0;0;0;0;0;4;0;0;0;0
"01/03/2022";"11:10:00";"116";"Acidente s";"27,685";"BR-163/MS";"SUL";"Colisão com veículos (traseira)";1;0;1;0;0;0;0;0;0;0;3;0;0;0;0
"01/03/2022";"14:47:00";"174";"Acidente s";"181,48";"BR-163/MS";"SUL";"Saídas de pista";1;0;0;0;0;0;0;0;0;0;1;0;0;0;0
"01/03/2022";"17:29:00";"206";"Acidente c";"330,482";"BR-163/MS";"SUL";"Colisão com veículos (traseira)";0;2;0;0;0;0;0;0;0;0;0;0;0;1;0
"01/03/2022";"22:11:00";"251";"Acidente c";"605,309";"BR-163/MS";"NORTE";"Capotamento";0;0;0;0;0;0;0;0;0;1;0;1;0;0;0
"02/03/2022";"00:33:00";"4";"Acidente s";"440,647";"BR-163/MS";"NORTE";"Atropelamento de animais";1;0;0;0;0;0;0;0;0;0;4;0;0;0;0
"02/03/2022";"02:02:00";"7";"Acidente s";"41,967";"BR-163/MS";"NORTE";"Atropelamento de animais";0;0;0;0;1;0;0;0;0;0;1;0;0;0;0
"02/03/2022";"05:20:00";"21";"Acidente s";"807,427";"BR-163/MS";"SUL";"Atropelamento de animais";1;0;0;0;0;0;0;0;0;0;2;0;0;0;0
"02/03/2022";"17:13:00";"208";"Acidente c";"680,241";"BR-163/MS";"SUL";"Colisão c/ obstáculos";0;1;0;0;0;0;0;0;0;0;0;1;0;0;0
"02/03/2022";"17:42:00";"216";"Acidente s";"147,27";"BR-163/MS";"NORTE";"Tombamento";0;0;1;0;0;1;0;0;0;0;2;0;0;0;0
"02/03/2022";"22:48:00";"260";"Acidente s";"368,165";"BR-163/MS";"NORTE";"Colisão com veículos (traseira)";0;0;1;0;0;0;0;0;0;1;2;0;0;0;0
"03/03/2022";"00:10:00";"4";"Acidente s";"265,941";"BR-163/MS";"SUL";"Colisão com veículos (traseira)";1;0;0;0;0;0;0;0;0;1;2;0;0;0;0
"03/03/2022";"10:43:00";"149";"Acidente c";"211,295";"BR-163/MS";"NORTE";"Tombamento de moto";0;0;0;1;0;0;0;0;0;0;0;1;0;0;0
"04/03/2022";"11:16:00";"130";"Acidente c";"690,216";"BR-163/MS";"SUL";"Colisão com veículos (frontal)";2;0;0;0;0;0;0;0;0;0;0;2;0;1;0
"04/03/2022";"12:53:00";"146";"Acidente c";"676,274";"BR-163/MS";"NORTE";"Colisão com veículos (frontal)";1;0;1;0;0;2;0;0;0;0;3;0;0;0;1
"04/03/2022";"17:13:00";"205";"Acidente s";"603,311";"BR-163/MS";"NORTE";"Colisão com veículos (traseira)";1;0;0;0;0;0;0;0;0;1;4;0;0;0;0
"04/03/2022";"17:46:00";"214";"Acidente s";"144,686";"BR-163/MS";"SUL";"Saídas de pista";0;0;0;0;0;0;0;0;0;1;1;0;0;0;0
"04/03/2022";"20:03:00";"242";"Acidente c";"478,695";"BR-163/MS";"NORTE";"Colisão c/ obstáculos";0;0;0;1;0;0;0;0;0;0;0;1;0;0;0
"04/03/2022";"23:48:00";"259";"Atropelame";"491,332";"BR-163/MS";"SUL";"Atropelamento de pedestre";0;0;1;0;0;0;0;0;0;0;1;1;0;0;0
"05/03/2022";"01:42:00";"15";"Acidente c";"420,827";"BR-163/MS";"SUL";"Tombamento de moto";0;0;0;1;0;0;0;0;0;0;0;1;0;0;0
"05/03/2022";"16:07:00";"191";"Acidente c";"471,84";"BR-163/MS";"SUL";"Colisão com veículos (frontal)";1;0;1;0;0;2;0;0;0;0;3;0;0;0;1
"05/03/2022";"16:21:00";"194";"Acidente c";"442,219";"BR-163/MS";"NORTE";"Colisão lateral no sentido contrário";2;0;0;0;0;0;0;0;0;0;3;3;0;0;0
"06/03/2022";"13:36:00";"113";"Acidente c";"113,73";"BR-163/MS";"SUL";"Tombamento de moto";0;0;0;1;0;0;0;0;0;0;1;1;0;0;0
"06/03/2022";"18:52:00";"181";"Acidente s";"263,12";"BR-163/MS";"SUL";"Colisão com veículos (traseira)";1;0;0;0;0;0;0;0;0;1;3;0;0;0;0
"06/03/2022";"23:55:00";"211";"Acidente c";"497,952";"BR-163/MS";"NORTE";"Colisão com veículos (frontal)";1;0;1;0;0;1;0;0;0;0;2;0;0;1;0
"07/03/2022";"02:08:00";"9";"Acidente c";"288,878";"BR-163/MS";"SUL";"Tombamento";0;0;1;0;0;0;0;0;0;0;0;1;0;0;0
"07/03/2022";"15:16:00";"199";"Acidente c";"307";"BR-163/MS";"SUL";"Colisão com veículos (traseira)";0;0;0;2;0;0;0;0;0;0;1;1;0;0;0
"07/03/2022";"16:18:00";"217";"Acidente c";"680,792";"BR-163/MS";"NORTE";"Colisão com veículos (traseira)";1;0;0;1;0;0;0;0;0;0;2;1;0;0;0
"07/03/2022";"22:40:00";"288";"Acidente s";"738,56";"BR-163/MS";"SUL";"Atropelamento de animais";1;0;0;0;0;0;0;0;0;0;5;0;0;0;0
"08/03/2022";"03:00:00";"10";"Acidente s";"181,321";"BR-163/MS";"NORTE";"Saídas de pista";0;0;0;0;0;0;0;0;0;1;3;0;0;0;0
"08/03/2022";"08:25:00";"91";"Acidente s";"129,482";"BR-163/MS";"NORTE";"Engavetamento";0;0;4;0;0;0;0;0;0;0;4;0;0;0;0
"08/03/2022";"18:34:00";"235";"Acidente c";"614,806";"BR-163/MS";"SUL";"Colisão com veículos (traseira)";0;0;0;1;0;0;0;0;0;1;1;1;0;0;0
"09/03/2022";"14:33:00";"190";"Acidente s";"665,483";"BR-163/MS";"SUL";"Saídas de pista";0;0;1;0;0;2;0;0;0;0;3;0;0;0;0
"09/03/2022";"15:52:00";"208";"Acidente c";"479,166";"BR-163/MS";"NORTE";"Tombamento de moto";0;0;1;1;0;0;0;0;0;0;1;1;0;0;0
"09/03/2022";"18:20:00";"241";"Acidente c";"482,401";"BR-163/MS";"SUL";"Colisão lateral no sentido contrário";0;0;0;2;0;0;0;0;0;0;0;1;1;0;0
"09/03/2022";"18:46:00";"249";"Acidente s";"159,516";"BR-163/MS";"NORTE";"Atropelamento de animais";1;0;0;0;0;0;0;0;0;0;1;0;0;0;0
"09/03/2022";"23:06:00";"291";"Acidente s";"522,452";"BR-163/MS";"SUL";"Atropelamento de animais";1;0;0;0;0;0;0;0;0;0;3;0;0;0;0
"09/03/2022";"23:19:00";"294";"Acidente s";"522,452";"BR-163/MS";"SUL";"Colisão c/ obstáculos";1;0;0;0;0;0;0;0;0;0;3;0;0;0;0
"10/03/2022";"03:39:00";"16";"Acidente s";"78,323";"BR-163/MS";"NORTE";"Tombamento de moto";0;0;0;1;0;0;0;0;0;0;1;0;0;0;0
"10/03/2022";"13:10:00";"165";"Acidente s";"13,38";"BR-163/MS";"SUL";"Saídas de pista";1;0;0;0;0;0;0;0;0;0;1;0;0;0;0
"10/03/2022";"14:10:00";"176";"Acidente s";"22,635";"BR-163/MS";"NORTE";"Colisão lateral no mesmo sentido";2;0;0;0;0;0;0;0;0;0;5;0;0;0;0
"10/03/2022";"18:22:00";"221";"Acidente s";"258,359";"BR-163/MS";"SUL";"Tombamento";0;1;1;0;0;0;0;0;0;0;2;0;0;0;0
"10/03/2022";"19:43:00";"236";"Acidente s";"756,586";"BR-163/MS";"SUL";"Atropelamento de animais";0;0;0;0;0;1;0;0;0;1;2;0;0;0;0
"11/03/2022";"03:40:00";"12";"Acidente c";"735,729";"BR-163/MS";"SUL";"Tombamento";0;0;1;0;0;1;0;0;0;0;1;1;0;0;0
"11/03/2022";"04:20:00";"15";"Acidente s";"545,741";"BR-163/MS";"NORTE";"Colisão c/ obstáculos";0;0;1;0;0;0;0;0;0;0;1;0;0;0;0
"11/03/2022";"05:35:00";"21";"Acidente s";"578,59";"BR-163/MS";"SUL";"Colisão c/ obstáculos";1;0;0;0;0;0;0;0;0;0;3;0;0;0;0
"11/03/2022";"13:41:00";"165";"Acidente s";"555,858";"BR-163/MS";"SUL";"Colisão com veículos (traseira)";2;0;0;0;0;0;0;0;0;0;2;0;0;0;0
"11/03/2022";"17:49:00";"223";"Acidente s";"475,239";"BR-163/MS";"SUL";"Engavetamento";2;0;1;0;0;1;0;0;0;0;8;0;0;0;0
"11/03/2022";"19:04:00";"246";"Acidente s";"258,696";"BR-163/MS";"NORTE";"Colisão c/ obstáculos";0;0;1;0;0;0;0;0;0;0;1;0;0;0;0
"12/03/2022";"00:05:00";"3";"Acidente c";"384,13";"BR-163/MS";"NORTE";"Colisão com veículos (traseira)";0;0;0;1;0;0;0;0;0;1;1;1;0;0;0
"12/03/2022";"09:00:00";"92";"Acidente c";"672";"BR-163/MS";"NORTE";"Tombamento";0;0;1;0;0;2;0;0;0;0;2;1;0;0;0
"12/03/2022";"22:41:00";"270";"Acidente s";"381,952";"BR-163/MS";"SUL";"Atropelamento de animais";1;0;0;0;0;0;0;0;0;0;3;0;0;0;0
"13/03/2022";"00:21:00";"8";"Acidente c";"395,894";"BR-163/MS";"NORTE";"Capotamento";1;0;0;0;0;0;0;0;0;0;2;1;0;0;0
"13/03/2022";"19:51:00";"236";"Acidente s";"168,63";"BR-163/MS";"SUL";"Atropelamento de animais";1;0;0;0;0;0;0;0;0;0;2;0;0;0;0