data;horario;n_da_ocorrencia;tipo_de_ocorrencia;km;trecho;sentido;tipo_de_acidente;automovel;bicicleta;caminhao;moto;onibus;outros;tracao_animal;transporte_de_cargas_especiais;trator_maquinas;utilitarios;ilesos;levemente_feridos;moderadamente_feridos;gravemente_feridos;mortos
"01/06/2022";"04:06:00";"14";"Acidente c";"611,63";"BR-163/MS";"SUL";"Colisão lateral no sentido contrário";0;0;1;1;0;2;0;0;0;0;3;2;0;0;0
"02/06/2022";"02:55:00";"4";"Acidente s";"586,67";"BR-163/MS";"NORTE";"Atropelamento de animais";0;0;0;0;0;0;0;0;0;1;1;0;0;0;0
"02/06/2022";"08:44:00";"72";"Acidente s";"542,5";"BR-163/MS";"SUL";"Colisão com veículos (traseira)";1;0;0;0;0;1;0;0;0;0;4;0;0;0;0
"02/06/2022";"12:56:00";"135";"Acidente c";"258,1";"BR-163/MS";"SUL";"Colisão lateral no mesmo sentido";0;0;0;1;0;1;0;0;0;0;1;1;0;0;0
"02/06/2022";"16:00:00";"187";"Acidente c";"772,424";"BR-163/MS";"NORTE";"Atropelamento de animais";0;0;0;0;0;0;0;0;0;1;3;1;0;0;0
"02/06/2022";"16:17:00";"190";"Acidente s";"402,1";"BR-163/MS";"NORTE";"Saídas de pista";0;0;0;0;0;0;0;0;0;1;1;0;0;0;0
"02/06/2022";"17:41:00";"205";"Acidente c";"456,41";"BR-163/MS";"SUL";"Colisão lateral no sentido contrário";2;0;0;0;0;0;0;0;0;0;1;0;2;0;0
"03/06/2022";"03:23:00";"11";"Acidente s";"240";"BR-163/MS";"NORTE";"Atropelamento de animais";1;0;0;0;0;0;0;0;0;0;2;0;0;0;0
"03/06/2022";"04:41:00";"19";"Acidente s";"440,521";"BR-163/MS";"NORTE";"Atropelamento de animais";0;0;0;0;0;0;0;0;0;1;1;0;0;0;0
"03/06/2022";"06:15:00";"28";"Acidente c";"485,533";"BR-163/MS";"NORTE";"Colisão lateral no mesmo sentido";0;0;0;1;0;0;0;0;0;1;2;1;0;0;0
"03/06/2022";"06:30:00";"32";"Acidente s";"792,5";"BR-163/MS";"SUL";"Tombamento";0;0;1;0;0;1;0;0;0;0;3;0;0;0;0
"03/06/2022";"13:44:00";"171";"Acidente s";"6,95";"BR-163/MS";"SUL";"Colisão c/ obstáculos";1;0;0;0;0;0;0;0;0;0;3;0;0;0;0
"03/06/2022";"17:08:00";"223";"Acidente c";"366,485";"BR-163/MS";"SUL";"Colisão com veículos (traseira)";2;0;0;0;0;0;0;0;0;0;4;1;0;0;0
"04/06/2022";"15:05:00";"192";"Acidente c";"834,15";"BR-163/MS";"NORTE";"Tombamento de moto";0;0;0;1;0;0;0;0;0;0;0;1;0;0;0
"04/06/2022";"15:54:00";"202";"Acidente c";"658,813";"BR-163/MS";"NORTE";"Saídas de pista";0;0;1;0;0;0;0;0;0;0;1;1;0;0;0
"04/06/2022";"17:09:00";"222";"Acidente c";"19,9";"BR-163/MS";"NORTE";"Colisão lateral no sentido contrário";0;0;0;1;0;1;0;0;0;0;1;1;0;0;0
"05/06/2022";"01:20:00";"4";"Acidente s";"376,431";"BR-163/MS";"SUL";"Saídas de pista";1;0;0;0;0;0;0;0;0;0;2;0;0;0;0
"05/06/2022";"06:14:00";"21";"Acidente c";"646,449";"BR-163/MS";"NORTE";"Tombamento de moto";0;0;0;1;0;0;0;0;0;0;0;1;0;0;0
"05/06/2022";"06:54:00";"28";"Acidente s";"495,476";"BR-163/MS";"SUL";"Capotamento";1;0;0;0;0;0;0;0;0;0;1;0;0;0;0
"05/06/2022";"16:42:00";"180";"Acidente s";"485,436";"BR-163/MS";"SUL";"Colisão com veículos (traseira)";0;0;0;0;0;0;0;0;0;2;7;0;0;0;0
"05/06/2022";"17:57:00";"192";"Acidente s";"570,803";"BR-163/MS";"NORTE";"Colisão com veículos (traseira)";1;0;0;0;0;0;0;0;0;1;6;0;0;0;0
"06/06/2022";"07:02:00";"32";"Acidente s";"257,629";"BR-163/MS";"SUL";"Engavetamento";3;0;0;0;0;0;0;0;0;0;4;0;0;0;0
"06/06/2022";"07:37:00";"39";"Acidente s";"257,629";"BR-163/MS";"NORTE";"Colisão com veículos (traseira)";2;0;0;0;0;0;0;0;0;0;2;0;0;0;0
"06/06/2022";"12:47:00";"132";"Acidente c";"485,1";"BR-163/MS";"NORTE";"Tombamento de moto";0;0;0;1;0;0;0;0;0;0;0;1;0;0;0
"06/06/2022";"13:31:00";"144";"Acidente s";"148,6";"BR-163/MS";"NORTE";"Saídas de pista";1;0;0;0;0;0;0;0;0;0;1;0;0;0;0
"06/06/2022";"13:32:00";"145";"Acidente c";"622,685";"BR-163/MS";"SUL";"Saídas de pista";1;0;0;0;0;0;0;0;0;0;0;4;0;0;0
"06/06/2022";"18:53:00";"232";"Acidente c";"175,272";"BR-163/MS";"NORTE";"Tombamento";1;0;0;0;0;0;0;0;0;0;0;1;0;0;0
"07/06/2022";"06:30:00";"41";"Acidente s";"500,2";"BR-163/MS";"SUL";"Saídas de pista";1;0;0;0;0;0;0;0;0;0;1;0;0;0;0
"07/06/2022";"20:20:00";"286";"Acidente s";"409,126";"BR-163/MS";"NORTE";"Atropelamento de animais";0;0;0;0;0;0;0;0;0;1;3;0;0;0;0
"07/06/2022";"21:04:00";"291";"Acidente s";"103,76";"BR-163/MS";"SUL";"Colisão c/ obstáculos";0;0;0;0;0;0;0;0;0;1;2;0;0;0;0
"08/06/2022";"20:54:00";"318";"Acidente c";"669,221";"BR-163/MS";"SUL";"Colisão c/ obstáculos";1;0;0;0;0;0;0;0;0;0;0;2;0;0;0
"10/06/2022";"02:35:00";"7";"Acidente s";"691,599";"BR-163/MS";"NORTE";"Saídas de pista";0;0;1;0;0;0;0;0;0;0;1;0;0;0;0
"10/06/2022";"11:12:00";"121";"Acidente s";"527,294";"BR-163/MS";"SUL";"Tombamento";0;0;1;0;0;2;0;0;0;0;3;0;0;0;0
"10/06/2022";"12:41:00";"142";"Acidente c";"527,52";"BR-163/MS";"SUL";"Tombamento";0;0;2;0;0;4;0;0;0;0;5;0;1;0;0
"10/06/2022";"18:55:00";"243";"Acidente s";"626,554";"BR-163/MS";"SUL";"Tombamento";0;0;1;0;0;1;0;0;0;0;2;0;0;0;0
"10/06/2022";"18:56:00";"244";"Acidente s";"384";"BR-163/MS";"NORTE";"Atropelamento de animais";1;0;0;0;0;0;0;0;0;0;3;0;0;0;0
"10/06/2022";"23:09:00";"266";"Acidente c";"760,4";"BR-163/MS";"SUL";"Saídas de pista";0;0;1;0;0;0;0;0;0;0;0;1;0;0;0
"11/06/2022";"01:36:00";"11";"Acidente s";"459";"BR-163/MS";"SUL";"Colisão com veículos (traseira)";2;0;0;0;0;0;0;0;0;0;6;0;0;0;0
"11/06/2022";"13:55:00";"151";"Acidente s";"272,907";"BR-163/MS";"SUL";"Colisão c/ obstáculos";1;0;0;0;0;0;0;0;0;0;1;0;0;0;0
"11/06/2022";"18:11:00";"195";"Acidente s";"396,377";"BR-163/MS";"NORTE";"Atropelamento de animais";1;0;0;0;0;0;0;0;0;0;5;0;0;0;0
"11/06/2022";"20:26:00";"212";"Acidente s";"500,715";"BR-163/MS";"SUL";"Saídas de pista";1;0;0;0;0;0;0;0;0;0;1;0;0;0;0
"12/06/2022";"02:59:00";"13";"Acidente s";"258";"BR-163/MS";"NORTE";"Colisão c/ obstáculos";0;0;0;1;0;0;0;0;0;0;2;0;0;0;0
"12/06/2022";"04:49:00";"18";"Acidente c";"783,121";"BR-163/MS";"NORTE";"Capotamento";1;0;0;0;0;0;0;0;0;0;1;1;0;1;0
"12/06/2022";"11:58:00";"102";"Acidente s";"655,32";"BR-163/MS";"SUL";"Tombamento";0;0;1;0;0;1;0;0;0;0;2;0;0;0;0
"12/06/2022";"13:01:00";"109";"Acidente s";"460,6";"BR-163/MS";"SUL";"Colisão lateral no mesmo sentido";1;0;0;1;0;0;0;0;0;0;4;0;0;0;0
"12/06/2022";"15:38:00";"152";"Acidente s";"211,89";"BR-163/MS";"NORTE";"Tombamento";0;0;1;0;0;2;0;0;0;0;3;0;0;0;0
"12/06/2022";"21:47:00";"191";"Acidente c";"187,468";"BR-163/MS";"SUL";"Atropelamento de animais";0;0;0;1;0;0;0;0;0;0;0;1;0;0;0
"13/06/2022";"05:06:00";"14";"Acidente s";"168,977";"BR-163/MS";"SUL";"Colisão c/ obstáculos";1;0;0;0;0;0;0;0;0;0;1;0;0;0;0
"13/06/2022";"06:40:00";"24";"Acidente c";"659,5";"BR-163/MS";"SUL";"Tombamento de moto";0;0;0;1;0;0;0;0;0;0;1;1;0;0;0
"13/06/2022";"11:24:00";"138";"Acidente c";"9,114";"BR-163/MS";"NORTE";"Colisão com veículos (frontal)";2;0;0;0;0;0;0;0;0;0;0;1;0;1;0
"13/06/2022";"18:59:00";"265";"Acidente s";"126,587";"BR-163/MS";"NORTE";"Colisão com veículos (traseira)";0;0;0;0;0;0;0;0;0;2;3;0;0;0;0
"13/06/2022";"21:21:00";"289";"Acidente s";"777,926";"BR-163/MS";"SUL";"Atropelamento de animais";0;0;1;0;0;1;0;0;0;0;2;0;0;0;0
"14/06/2022";"15:55:00";"250";"Acidente s";"475,82";"BR-163/MS";"NORTE";"Colisão lateral no sentido contrário";1;0;0;0;0;0;0;0;0;1;3;0;0;0;0
"15/06/2022";"06:24:00";"36";"Acidente s";"603,4";"BR-163/MS";"NORTE";"Colisão com veículos (traseira)";1;0;1;0;0;2;0;0;0;0;4;0;0;0;0
"15/06/2022";"07:49:00";"65";"Acidente s";"475,3";"BR-163/MS";"SUL";"Colisão lateral no mesmo sentido";1;0;0;1;0;0;0;0;0;0;2;0;0;0;0
"15/06/2022";"14:43:00";"238";"Acidente c";"622,628";"BR-163/MS";"SUL";"Capotamento";1;0;0;0;0;0;0;0;0;0;0;0;1;0;0
"15/06/2022";"14:48:00";"240";"Acidente s";"603,4";"BR-163/MS";"NORTE";"Colisão com veículos (traseira)";1;0;1;0;0;0;0;0;0;0;2;0;0;0;0
"15/06/2022";"15:23:00";"253";"Acidente c";"313,725";"BR-163/MS";"NORTE";"Colisão com veículos (traseira)";1;0;0;0;0;0;0;0;0;1;1;1;0;0;0
"15/06/2022";"15:50:00";"267";"Acidente c";"681,64";"BR-163/MS";"NORTE";"Colisão lateral no sentido contrário";2;0;0;0;0;0;0;0;0;0;2;1;0;0;0
"15/06/2022";"17:52:00";"317";"Acidente s";"246";"BR-163/MS";"SUL";"Colisão c/ obstáculos";1;0;0;0;0;0;0;0;0;0;4;0;0;0;0
"16/06/2022";"03:22:00";"14";"Acidente c";"257,6";"BR-163/MS";"NORTE";"Tombamento de moto";0;0;0;1;0;0;0;0;0;0;1;1;0;0;0
"16/06/2022";"08:05:00";"52";"Acidente s";"251,884";"BR-163/MS";"NORTE";"Colisão lateral no sentido contrário";1;0;0;0;0;0;0;0;0;1;4;0;0;0;0
"16/06/2022";"10:19:00";"105";"Acidente s";"2,5";"BR-163/MS";"NORTE";"Colisão com veículos (traseira)";1;0;0;0;0;1;0;0;0;0;3;0;0;0;0
"16/06/2022";"20:31:00";"273";"Acidente c";"444,7";"BR-163/MS";"NORTE";"Atropelamento de animais";0;0;0;0;0;0;0;0;0;1;5;1;0;0;0
"17/06/2022";"06:55:00";"60";"Acidente c";"475,784";"BR-163/MS";"NORTE";"Colisão lateral no sentido contrário";1;0;0;1;0;0;0;0;0;0;1;1;0;0;0
"17/06/2022";"17:53:00";"297";"Acidente s";"555,718";"BR-163/MS";"NORTE";"Saídas de pista";0;0;0;0;0;0;0;0;0;1;1;0;0;0;0
"17/06/2022";"18:01:00";"300";"Acidente s";"375,76";"BR-163/MS";"SUL";"Saídas de pista";0;0;0;0;0;0;0;0;0;1;3;0;0;0;0
"17/06/2022";"20:10:00";"312";"Acidente c";"259,57";"BR-163/MS";"SUL";"Colisão com veículos (frontal)";0;1;0;0;0;0;0;0;0;1;1;0;0;1;0
"17/06/2022";"22:57:00";"320";"Acidente s";"778,644";"BR-163/MS";"NORTE";"Colisão c/ obstáculos";1;0;0;0;0;0;0;0;0;0;2;0;0;0;0
"18/06/2022";"01:47:00";"4";"Acidente s";"258,673";"BR-163/MS";"NORTE";"Tombamento de moto";0;0;0;1;0;0;0;0;0;0;2;0;0;0;0
"18/06/2022";"02:06:00";"5";"Acidente c";"434,771";"BR-163/MS";"SUL";"Capotamento";1;0;0;0;0;0;0;0;0;0;1;0;1;0;0
"18/06/2022";"23:19:00";"277";"Acidente s";"357,325";"BR-163/MS";"SUL";"Atropelamento de animais";0;0;0;0;0;0;0;0;0;1;2;0;0;0;0
"19/06/2022";"02:47:00";"14";"Acidente s";"256,105";"BR-163/MS";"SUL";"Atropelamento de animais";2;0;0;0;0;0;0;0;0;0;2;0;0;0;0
"19/06/2022";"05:45:00";"27";"Acidente s";"812,162";"BR-163/MS";"NORTE";"Capotamento";1;0;0;0;0;1;0;0;0;0;3;0;0;0;0
"19/06/2022";"07:03:00";"44";"Acidente s";"13,9";"BR-163/MS";"NORTE";"Saídas de pista";1;0;0;0;0;0;0;0;0;0;1;0;0;0;0
"19/06/2022";"18:59:00";"241";"Acidente s";"278,644";"BR-163/MS";"SUL";"Atropelamento de animais";1;0;0;0;0;0;0;0;0;0;4;0;0;0;0
"19/06/2022";"21:11:00";"267";"Acidente c";"683,74";"BR-163/MS";"SUL";"Tombamento";0;0;1;0;0;1;0;0;0;0;1;0;1;0;0
"19/06/2022";"23:12:00";"280";"Acidente s";"641,213";"BR-163/MS";"NORTE";"Atropelamento de animais";1;0;0;0;0;0;0;0;0;0;3;0;0;0;0
"20/06/2022";"03:28:00";"15";"Acidente c";"724,128";"BR-163/MS";"NORTE";"Tombamento de moto";0;0;0;1;0;0;0;0;0;0;0;1;0;0;0
"20/06/2022";"05:44:00";"27";"Acidente s";"780,99";"BR-163/MS";"NORTE";"Atropelamento de animais";0;0;1;0;0;0;0;0;0;0;1;0;0;0;0
"20/06/2022";"06:31:00";"34";"Acidente s";"200,501";"BR-163/MS";"NORTE";"Colisão c/ obstáculos";1;0;0;0;0;0;0;0;0;0;1;0;0;0;0
"20/06/2022";"07:56:00";"64";"Acidente s";"466,322";"BR-163/MS";"NORTE";"Engavetamento";1;0;0;0;0;0;0;0;0;2;5;0;0;0;0
"20/06/2022";"09:20:00";"99";"Acidente s";"566,277";"BR-163/MS";"SUL";"Colisão c/ obstáculos";1;0;0;0;0;0;0;0;0;0;2;0;0;0;0
"20/06/2022";"10:06:00";"119";"Acidente s";"667,1";"BR-163/MS";"NORTE";"Atropelamento de animais";0;0;0;0;0;0;0;0;0;1;1;0;0;0;0
"20/06/2022";"15:50:00";"216";"Acidente c";"478,1";"BR-163/MS";"SUL";"Tombamento de moto";0;0;0;1;0;0;0;0;0;0;0;0;1;0;0
"20/06/2022";"16:55:00";"231";"Acidente c";"513,691";"BR-163/MS";"SUL";"Capotamento";1;0;0;0;0;0;0;0;0;0;0;1;0;0;0
"20/06/2022";"18:02:00";"242";"Acidente c";"330,991";"BR-163/MS";"NORTE";"Colisão com veículos (traseira)";0;0;2;0;0;1;0;0;0;1;3;0;0;1;0
"20/06/2022";"19:31:00";"256";"Acidente s";"721,335";"BR-163/MS";"NORTE";"Atropelamento de animais";0;0;0;0;0;0;0;0;0;1;2;0;0;0;0
"21/06/2022";"07:31:00";"70";"Acidente s";"21,6";"BR-163/MS";"NORTE";"Colisão lateral no mesmo sentido";1;0;2;0;0;4;0;0;0;0;7;0;0;0;0
"21/06/2022";"11:01:00";"134";"Acidente s";"485,12";"BR-163/MS";"NORTE";"Colisão com veículos (traseira)";0;0;1;0;1;0;0;0;0;0;36;0;0;0;0
"21/06/2022";"13:58:00";"175";"Acidente s";"603,41";"BR-163/MS";"NORTE";"Colisão lateral no mesmo sentido";1;0;1;0;0;0;0;0;0;0;2;0;0;0;0
"21/06/2022";"14:09:00";"179";"Acidente c";"251,36";"BR-163/MS";"NORTE";"Colisão com veículos (traseira)";0;0;1;0;0;0;0;0;0;1;1;1;0;0;0
"21/06/2022";"18:50:00";"244";"Acidente s";"256";"BR-163/MS";"SUL";"Colisão com veículos (traseira)";2;0;0;0;0;0;0;0;0;0;5;0;0;0;0
"21/06/2022";"21:13:00";"265";"Acidente s";"669,7";"BR-163/MS";"NORTE";"Colisão c/ obstáculos";0;0;1;0;0;0;0;0;0;0;1;0;0;0;0
"22/06/2022";"00:59:00";"7";"Acidente s";"564,1";"BR-163/MS";"NORTE";"Atropelamento de animais";0;0;0;0;0;0;0;0;0;1;1;0;0;0;0
"22/06/2022";"01:18:00";"10";"Acidente s";"380,2";"BR-163/MS";"SUL";"Saídas de pista";0;0;0;0;0;0;0;0;0;1;1;0;0;0;0
"22/06/2022";"05:08:00";"18";"Acidente c";"555,399";"BR-163/MS";"NORTE";"Capotamento";0;0;1;0;0;0;0;0;0;0;0;1;0;0;0
"22/06/2022";"07:49:00";"60";"Acidente s";"146,1";"BR-163/MS";"SUL";"Atropelamento de animais";1;0;0;0;0;0;0;0;0;0;1;0;0;0;0
"23/06/2022";"18:16:00";"361";"Acidente s";"808,577";"BR-163/MS";"SUL";"Colisão com veículos (traseira)";1;0;1;0;0;1;0;0;0;0;3;0;0;0;0
"23/06/2022";"20:05:00";"385";"Acidente s";"415,791";"BR-163/MS";"SUL";"Colisão com veículos (traseira)";0;0;2;0;0;2;0;0;0;0;4;0;0;0;0
"24/06/2022";"09:03:00";"97";"Acidente s";"217,4";"BR-163/MS";"NORTE";"Atropelamento de animais";1;0;0;0;0;0;0;0;0;0;1;0;0;0;0
"24/06/2022";"16:12:00";"239";"Acidente c";"526,14";"BR-163/MS";"SUL";"Engavetamento";1;0;2;0;0;1;0;0;0;0;3;1;0;0;0
"24/06/2022";"16:40:00";"246";"Acidente s";"368";"BR-163/MS";"SUL";"Colisão com veículos (traseira)";0;0;0;0;0;1;0;0;0;2;7;0;0;0;0
"24/06/2022";"18:09:00";"260";"Acidente s";"476,664";"BR-163/MS";"SUL";"Capotamento";0;0;1;0;0;2;0;0;0;1;4;0;0;0;0
"24/06/2022";"18:51:00";"269";"Acidente s";"623,13";"BR-163/MS";"SUL";"Atropelamento de animais";1;0;0;0;0;0;0;0;0;0;2;0;0;0;0
"24/06/2022";"23:41:00";"315";"Acidente s";"241,307";"BR-163/MS";"SUL";"Tombamento";1;0;0;0;0;0;0;0;0;0;3;0;0;0;0
"25/06/2022";"03:53:00";"20";"Acidente s";"721,5";"BR-163/MS";"NORTE";"Saídas de pista";1;0;0;0;0;0;0;0;0;0;1;0;0;0;0
"25/06/2022";"04:32:00";"22";"Acidente c";"491,98";"BR-163/MS";"NORTE";"Colisão com veículos (frontal)";0;0;0;2;0;0;0;0;0;0;0;0;0;2;0
"25/06/2022";"06:51:00";"38";"Acidente s";"368,314";"BR-163/MS";"SUL";"Saídas de pista";0;0;1;0;0;2;0;0;0;0;3;0;0;0;0
"25/06/2022";"08:02:00";"61";"Acidente c";"464,825";"BR-163/MS";"SUL";"Tombamento de moto";0;0;0;1;0;0;0;0;0;0;0;1;1;0;0
"25/06/2022";"11:13:00";"118";"Acidente s";"463,5";"BR-163/MS";"SUL";"Tombamento";1;0;0;0;0;0;0;0;0;0;2;0;0;0;0
"25/06/2022";"15:50:00";"184";"Acidente s";"251,743";"BR-163/MS";"NORTE";"Atropelamento de animais";0;0;1;0;0;0;1;0;0;0;2;0;0;0;0
"25/06/2022";"18:06:00";"207";"Acidente c";"628,341";"BR-163/MS";"SUL";"Colisão lateral no mesmo sentido";0;0;1;0;0;2;0;0;0;1;4;1;0;0;0
"25/06/2022";"22:17:00";"243";"Acidente s";"297,556";"BR-163/MS";"NORTE";"Colisão com veículos (traseira)";1;0;0;0;0;0;0;0;0;1;2;0;0;0;0
"26/06/2022";"08:56:00";"72";"Acidente s";"549,35";"BR-163/MS";"NORTE";"Colisão lateral no mesmo sentido";0;0;2;0;0;1;0;0;0;0;4;0;0;0;0
"26/06/2022";"16:02:00";"149";"Acidente s";"487,929";"BR-163/MS";"SUL";"Tombamento de moto";0;0;0;1;0;0;0;0;0;0;2;0;0;0;0
"26/06/2022";"19:26:00";"199";"Acidente s";"225,113";"BR-163/MS";"SUL";"Colisão c/ obstáculos";0;0;1;0;0;0;0;0;0;0;1;0;0;0;0
"26/06/2022";"20:37:00";"210";"Acidente s";"82,405";"BR-163/MS";"SUL";"Saídas de pista";1;0;0;0;0;0;0;0;0;0;1;0;0;0;0
"26/06/2022";"22:02:00";"217";"Acidente c";"417,344";"BR-163/MS";"SUL";"Atropelamento de animais";0;0;0;1;0;0;0;0;0;0;0;1;0;0;0
"27/06/2022";"06:03:00";"15";"Acidente s";"310,451";"BR-163/MS";"NORTE";"Atropelamento de animais";1;0;0;0;0;0;0;0;0;0;1;0;0;0;0
"27/06/2022";"06:38:00";"33";"Acidente s";"264,959";"BR-163/MS";"SUL";"Colisão lateral no mesmo sentido";0;0;1;0;0;0;0;0;0;1;3;0;0;0;0
"28/06/2022";"02:16:00";"10";"Acidente s";"779,803";"BR-163/MS";"SUL";"Atropelamento de animais";0;0;0;0;0;0;0;0;0;1;3;0;0;0;0
"28/06/2022";"02:16:00";"116";"Acidente s";"779,803";"BR-163/MS";"NORTE";"Atropelamento de animais";0;0;1;0;0;1;0;0;0;0;3;0;0;0;0
"28/06/2022";"10:10:00";"164";"Acidente s";"341,7";"BR-163/MS";"NORTE";"Colisão com veículos (traseira)";1;0;0;0;0;1;0;0;0;0;2;0;0;0;0
"28/06/2022";"17:51:00";"323";"Acidente c";"478,964";"BR-163/MS";"NORTE";"Colisão lateral no sentido contrário";0;0;0;1;0;0;0;0;0;1;2;1;0;0;0
"29/06/2022";"06:44:00";"47";"Acidente s";"485,15";"BR-163/MS";"NORTE";"Colisão com veículos (traseira)";0;0;0;1;0;1;0;0;0;0;2;0;0;0;0
"29/06/2022";"06:47:00";"71";"Acidente s";"485,16";"BR-163/MS";"SUL";"Colisão com veículos (traseira)";1;0;0;0;0;0;0;0;0;1;2;0;0;0;0
"29/06/2022";"06:57:00";"50";"Acidente c";"485,251";"BR-163/MS";"SUL";"Colisão lateral no mesmo sentido";1;0;1;0;0;2;0;0;0;0;4;0;1;0;0
"29/06/2022";"11:40:00";"154";"Acidente c";"477,725";"BR-163/MS";"SUL";"Colisão lateral no sentido contrário";0;0;1;1;0;0;0;0;0;0;1;0;1;0;0
"29/06/2022";"12:12:00";"162";"Acidente s";"245,5";"BR-163/MS";"SUL";"Capotamento";1;0;0;0;0;0;0;0;0;0;2;0;0;0;0
"29/06/2022";"12:19:00";"164";"Acidente s";"407,1";"BR-163/MS";"NORTE";"Tombamento";0;0;1;0;0;0;0;0;0;0;1;0;0;0;0
"30/06/2022";"04:36:00";"35";"Acidente s";"797";"BR-163/MS";"SUL";"Colisão c/ obstáculos";0;0;1;0;0;1;0;0;0;0;3;0;0;0;0
"30/06/2022";"06:33:00";"55";"Acidente s";"661,401";"BR-163/MS";"SUL";"Saídas de pista";1;0;0;0;0;1;0;0;0;0;2;0;0;0;0
"30/06/2022";"10:38:00";"153";"Acidente s";"20,54";"BR-163/MS";"NORTE";"Tombamento de moto";1;0;0;1;0;0;0;0;0;0;2;0;0;0;0
"30/06/2022";"19:59:00";"283";"Acidente c";"614,81";"BR-163/MS";"SUL";"Colisão lateral no mesmo sentido";0;0;0;2;0;0;0;0;0;0;0;3;0;0;0
"30/06/2022";"20:12:00";"286";"Acidente s";"238,993";"BR-163/MS";"SUL";"Atropelamento de animais";0;0;0;0;0;0;0;0;0;1;1;0;0;0;0
"01/07/2022";"06:10:00";"33";"Acidente s";"741";"BR-163/MS";"SUL";"Colisão com veículos (traseira)";0;0;1;0;0;0;0;0;0;1;2;0;0;0;0
"01/07/2022";"18:08:00";"279";"Acidente s";"769,962";"BR-163/MS";"SUL";"Atropelamento de animais";0;0;0;0;0;0;0;0;0;1;4;0;0;0;0
"01/07/2022";"18:19:00";"281";"Acidente c";"618,48";"BR-163/MS";"SUL";"Capotamento";1;0;0;0;0;0;0;0;0;1;2;2;0;0;0
"01/07/2022";"19:52:00";"299";"Acidente s";"380,383";"BR-163/MS";"NORTE";"Saídas de pista";1;0;0;0;0;0;0;0;0;0;1;0;0;0;0
"03/07/2022";"00:36:00";"7";"Acidente c";"204,244";"BR-163/MS";"SUL";"Capotamento";1;0;0;0;0;0;0;0;0;0;0;1;0;0;0
"03/07/2022";"05:05:00";"31";"Acidente s";"632,51";"BR-163/MS";"NORTE";"Capotamento";0;0;1;0;0;2;0;0;0;0;3;0;0;0;0
"03/07/2022";"09:24:00";"91";"Acidente s";"743,301";"BR-163/MS";"NORTE";"Tombamento";0;0;1;0;0;2;0;0;0;0;3;0;0;0;0
"03/07/2022";"16:28:00";"193";"Acidente s";"257,329";"BR-163/MS";"NORTE";"Colisão com veículos (traseira)";2;0;0;0;0;0;0;0;0;0;2;0;0;0;0
"03/07/2022";"18:12:00";"219";"Acidente c";"195,185";"BR-163/MS";"NORTE";"Capotamento";1;0;0;0;0;0;0;0;0;0;0;0;0;1;0
"03/07/2022";"19:41:00";"235";"Acidente s";"439,2";"BR-163/MS";"SUL";"Atropelamento de animais";1;0;0;0;0;0;0;0;0;0;3;0;0;0;0
"03/07/2022";"20:07:00";"237";"Acidente c";"730,47";"BR-163/MS";"NORTE";"Colisão com veículos (frontal)";0;0;0;0;1;0;0;0;0;1;12;0;0;1;0
"04/07/2022";"05:31:00";"21";"Acidente c";"480,689";"BR-163/MS";"NORTE";"Atropelamento de animais";1;0;1;0;0;1;0;0;0;0;3;1;0;0;0
"04/07/2022";"06:46:00";"34";"Acidente s";"415,97";"BR-163/MS";"NORTE";"Colisão com veículos (traseira)";0;0;1;0;0;0;0;0;0;1;4;0;0;0;0
"04/07/2022";"07:14:00";"45";"Acidente c";"415,97";"BR-163/MS";"NORTE";"Colisão com veículos (traseira)";0;0;0;0;1;0;0;0;0;1;11;1;0;0;0
"04/07/2022";"11:35:00";"138";"Acidente s";"251,9";"BR-163/MS";"SUL";"Saídas de pista";0;0;1;0;0;0;0;0;0;0;1;0;0;0;0
"04/07/2022";"12:33:00";"152";"Acidente c";"822,241";"BR-163/MS";"NORTE";"Colisão com veículos (traseira)";0;0;1;0;0;2;0;0;0;1;3;4;0;0;0
"05/07/2022";"06:45:00";"41";"Acidente s";"788,2";"BR-163/MS";"NORTE";"Colisão c/ obstáculos";0;0;1;0;0;0;0;0;0;0;2;0;0;0;0
"05/07/2022";"16:44:00";"228";"Acidente s";"227,25";"BR-163/MS";"SUL";"Colisão com veículos (traseira)";1;0;1;0;0;1;0;0;0;0;4;0;0;0;0
"05/07/2022";"18:06:00";"242";"Acidente s";"258,89";"BR-163/MS";"NORTE";"Engavetamento";1;0;2;0;0;3;0;0;0;0;6;0;0;0;0
"05/07/2022";"19:44:00";"262";"Acidente s";"539,1";"BR-163/MS";"NORTE";"Atropelamento de animais";1;0;0;0;0;0;0;0;0;0;3;0;0;0;0
"06/07/2022";"12:14:00";"148";"Acidente s";"485,63";"BR-163/MS";"SUL";"Engavetamento";1;0;2;0;0;3;0;0;0;0;6;0;0;0;0
"06/07/2022";"13:19:00";"161";"Acidente c";"250,895";"BR-163/MS";"SUL";"Colisão lateral no mesmo sentido";1;0;0;0;0;0;0;0;0;1;5;0;1;0;0
"06/07/2022";"15:26:00";"195";"Acidente c";"408,322";"BR-163/MS";"SUL";"Colisão com veículos (traseira)";0;0;0;1;0;1;0;0;0;0;1;1;0;1;0
"06/07/2022";"16:25:00";"215";"Acidente s";"162,412";"BR-163/MS";"NORTE";"Atropelamento de animais";1;0;0;0;0;0;0;0;0;0;3;0;0;0;0
"06/07/2022";"17:37:00";"232";"Acidente c";"479,964";"BR-163/MS";"NORTE";"Colisão com veículos (traseira)";1;0;0;1;0;0;0;0;0;0;2;0;0;1;0