data;horario;n_da_ocorrencia;tipo_de_ocorrencia;km;trecho;sentido;tipo_de_acidente;automovel;bicicleta;caminhao;moto;onibus;outros;tracao_animal;transporte_de_cargas_especiais;trator_maquinas;utilitarios;ilesos;levemente_feridos;moderadamente_feridos;gravemente_feridos;mortos
"14/08/2022";"16:41:00";"287";"Acidente s";"181,953";"BR-163/MS";"NORTE";"Colisão c/ obstáculos";1;0;0;0;0;0;0;0;0;0;1;0;0;0;0
"14/08/2022";"17:02:00";"295";"Acidente c";"10,273";"BR-163/MS";"NORTE";"Colisão c/ obstáculos";1;0;0;0;0;0;0;0;0;0;0;2;0;0;0
"14/08/2022";"20:47:00";"365";"Acidente s";"638,666";"BR-163/MS";"SUL";"Atropelamento de animais";1;0;0;0;0;0;0;0;0;0;4;0;0;0;0
"14/08/2022";"20:56:00";"368";"Acidente s";"639,751";"BR-163/MS";"SUL";"Atropelamento de animais";1;0;0;0;0;0;0;0;0;0;2;0;0;0;0
"15/08/2022";"00:04:00";"1";"Acidente s";"480,884";"BR-163/MS";"SUL";"Colisão lateral no sentido contrário";1;0;0;0;0;1;0;0;0;0;2;0;0;0;0
"15/08/2022";"04:18:00";"27";"Acidente s";"687,596";"BR-163/MS";"SUL";"Atropelamento de animais";1;0;0;0;0;0;0;0;0;0;1;0;0;0;0
"15/08/2022";"06:29:00";"40";"Acidente s";"341,7";"BR-163/MS";"NORTE";"Colisão com veículos (traseira)";2;0;0;0;0;0;0;0;0;0;4;0;0;0;0
"15/08/2022";"15:20:00";"304";"Acidente s";"290,616";"BR-163/MS";"NORTE";"Saídas de pista";0;0;0;0;0;0;0;0;0;1;1;0;0;0;0
"16/08/2022";"09:45:00";"186";"Acidente c";"745,519";"BR-163/MS";"SUL";"Saídas de pista";0;0;0;0;0;0;0;0;0;1;1;1;0;0;0
"16/08/2022";"12:17:00";"252";"Acidente s";"260,1";"BR-163/MS";"NORTE";"Saídas de pista";1;0;0;0;0;0;0;0;0;0;1;0;0;0;0
"16/08/2022";"17:20:00";"339";"Acidente s";"476,701";"BR-163/MS";"SUL";"Tombamento de moto";0;0;0;1;0;0;0;0;0;0;1;0;0;0;0
"16/08/2022";"18:17:00";"379";"Acidente c";"259,2";"BR-163/MS";"SUL";"Colisão com veículos (traseira)";0;0;0;1;1;0;0;0;0;0;1;0;1;0;0
"16/08/2022";"18:19:00";"388";"Acidente s";"485";"BR-163/MS";"NORTE";"Colisão com veículos (traseira)";1;0;0;0;0;0;0;0;0;1;7;0;0;0;0
"16/08/2022";"18:27:00";"382";"Acidente c";"790,66";"BR-163/MS";"NORTE";"Colisão lateral no mesmo sentido";0;0;0;1;0;0;0;0;0;2;7;0;0;0;1
"16/08/2022";"19:15:00";"399";"Acidente c";"264";"BR-163/MS";"NORTE";"Atropelamento de pedestre";0;1;0;0;0;0;0;0;0;0;0;0;1;0;0
"17/08/2022";"06:06:00";"77";"Acidente c";"65,127";"BR-163/MS";"SUL";"Tombamento";0;0;1;0;0;0;0;0;0;0;0;1;0;0;0
"17/08/2022";"10:40:00";"164";"Acidente s";"326,8";"BR-163/MS";"NORTE";"Colisão lateral no mesmo sentido";1;0;0;0;0;0;0;0;0;1;4;0;0;0;0
"17/08/2022";"12:26:00";"201";"Acidente c";"562,882";"BR-163/MS";"SUL";"Colisão com veículos (traseira)";0;0;2;0;0;0;0;0;0;0;1;0;0;1;0
"17/08/2022";"13:09:00";"213";"Acidente s";"61";"BR-163/MS";"NORTE";"Saídas de pista";0;0;1;0;0;0;0;0;0;0;2;0;0;0;0
"18/08/2022";"03:32:00";"16";"Acidente c";"654,558";"BR-163/MS";"SUL";"Colisão c/ obstáculos";0;0;1;0;0;0;0;0;0;0;0;0;1;0;0
"18/08/2022";"11:04:00";"144";"Acidente s";"134,644";"BR-163/MS";"NORTE";"Colisão com veículos (traseira)";1;0;1;0;0;0;0;0;0;0;4;0;0;0;0
"18/08/2022";"12:17:00";"161";"Acidente s";"660,276";"BR-163/MS";"NORTE";"Capotamento";1;0;0;0;0;0;0;0;0;0;1;0;0;0;0
"18/08/2022";"17:38:00";"238";"Acidente s";"190,675";"BR-163/MS";"NORTE";"Colisão c/ obstáculos";1;0;0;0;0;0;0;0;0;0;1;0;0;0;0
"18/08/2022";"19:40:00";"278";"Acidente s";"763,86";"BR-163/MS";"NORTE";"Atropelamento de animais";1;0;0;0;0;0;0;0;0;0;2;0;0;0;0
"19/08/2022";"07:03:00";"69";"Acidente c";"257,35";"BR-163/MS";"NORTE";"Colisão lateral no sentido contrário";4;0;1;0;0;0;0;0;0;0;2;0;0;0;0
"19/08/2022";"09:36:00";"149";"Acidente s";"157,8";"BR-163/MS";"NORTE";"Colisão com veículos (traseira)";1;0;0;0;0;1;0;0;0;0;3;0;0;0;0
"19/08/2022";"12:29:00";"224";"Acidente s";"212,4";"BR-163/MS";"NORTE";"Saídas de pista";0;0;1;0;0;1;0;0;0;0;2;0;0;0;0
"19/08/2022";"14:51:00";"274";"Acidente c";"529,105";"BR-163/MS";"SUL";"Colisão lateral no sentido contrário";0;0;1;0;0;2;0;0;0;1;3;0;1;0;0
"19/08/2022";"17:21:00";"318";"Acidente c";"477,7";"BR-163/MS";"NORTE";"Colisão lateral no mesmo sentido";0;1;0;1;0;0;0;0;0;0;0;1;1;0;0
"19/08/2022";"19:28:00";"373";"Acidente c";"278,737";"BR-163/MS";"SUL";"Atropelamento de animais";0;0;0;1;0;0;0;0;0;0;0;1;0;0;0
"20/08/2022";"02:39:00";"16";"Acidente s";"183,941";"BR-163/MS";"SUL";"Atropelamento de animais";0;0;0;0;0;0;0;0;0;1;3;0;0;0;0
"20/08/2022";"18:23:00";"313";"Acidente c";"457,346";"BR-163/MS";"NORTE";"Colisão lateral no sentido contrário";1;0;0;1;0;0;0;0;0;0;2;0;1;0;0
"20/08/2022";"18:54:00";"322";"Acidente s";"385,8";"BR-163/MS";"SUL";"Tombamento";1;0;0;0;0;0;0;0;0;0;2;0;0;0;0
"20/08/2022";"19:44:00";"334";"Acidente c";"81,148";"BR-163/MS";"SUL";"Colisão lateral no mesmo sentido";0;0;0;1;0;0;0;0;0;1;2;0;0;2;0
"21/08/2022";"00:34:00";"4";"Acidente c";"419,54";"BR-163/MS";"SUL";"Colisão com veículos (traseira)";0;1;0;0;0;1;0;0;0;0;1;0;1;0;0
"21/08/2022";"10:57:00";"167";"Acidente s";"783,476";"BR-163/MS";"NORTE";"Atropelamento de animais";0;0;1;0;0;0;0;0;0;0;1;0;0;0;0
"21/08/2022";"19:44:00";"332";"Acidente s";"103,835";"BR-163/MS";"NORTE";"Tombamento";0;0;1;0;0;2;0;0;0;0;3;0;0;0;0
"21/08/2022";"21:00:00";"347";"Acidente s";"560,548";"BR-163/MS";"SUL";"Capotamento";0;0;1;0;0;0;0;0;0;0;1;0;0;0;0
"22/08/2022";"06:36:00";"68";"Acidente s";"718,183";"BR-163/MS";"NORTE";"Atropelamento de animais";1;0;0;0;0;0;0;0;0;0;1;0;0;0;0
"22/08/2022";"06:50:00";"72";"Acidente c";"263";"BR-163/MS";"NORTE";"Colisão lateral no mesmo sentido";0;0;0;1;0;0;0;0;0;1;1;1;0;0;0
"22/08/2022";"15:18:00";"227";"Acidente c";"41,872";"BR-163/MS";"SUL";"Tombamento";0;0;1;0;0;0;0;0;0;0;0;1;0;0;0
"22/08/2022";"15:34:00";"236";"Acidente s";"540,602";"BR-163/MS";"NORTE";"Engavetamento";0;0;3;0;0;5;0;0;0;0;8;0;0;0;0
"23/08/2022";"17:31:00";"303";"Acidente s";"278,8";"BR-163/MS";"SUL";"Colisão lateral no mesmo sentido";1;0;0;0;0;1;0;0;0;0;2;0;0;0;0
"23/08/2022";"18:32:00";"320";"Acidente s";"477,634";"BR-163/MS";"NORTE";"Tombamento de moto";0;0;0;1;0;0;0;0;0;0;1;0;0;0;0
"24/08/2022";"08:01:00";"101";"Atropelame";"479,964";"BR-163/MS";"NORTE";"Colisão lateral no mesmo sentido";0;1;1;0;0;0;0;0;0;0;1;1;0;0;0
"24/08/2022";"10:24:00";"179";"Acidente c";"470,79";"BR-163/MS";"NORTE";"Colisão lateral no sentido contrário";1;0;0;1;0;0;0;0;0;0;1;1;0;0;0
"24/08/2022";"11:20:00";"196";"Acidente c";"471,636";"BR-163/MS";"SUL";"Colisão com veículos (traseira)";1;0;1;0;0;2;0;0;0;0;3;1;0;0;0
"24/08/2022";"17:25:00";"317";"Acidente c";"302,715";"BR-163/MS";"NORTE";"Colisão lateral no mesmo sentido";0;0;0;1;1;0;0;0;0;0;15;0;0;2;0
"24/08/2022";"18:15:00";"334";"Acidente s";"360,5";"BR-163/MS";"NORTE";"Atropelamento de animais";1;0;0;0;0;0;0;0;0;0;1;0;0;0;0
"25/08/2022";"05:18:00";"73";"Acidente s";"775,498";"BR-163/MS";"SUL";"Colisão com veículos (traseira)";0;0;2;0;0;0;0;0;0;0;2;0;0;0;0
"25/08/2022";"05:43:00";"80";"Acidente c";"325,875";"BR-163/MS";"NORTE";"Colisão lateral no mesmo sentido";1;0;0;1;0;0;0;0;0;0;4;1;0;0;0
"25/08/2022";"11:50:00";"212";"Acidente c";"475,786";"BR-163/MS";"SUL";"Colisão lateral no sentido contrário";0;0;1;1;0;1;0;0;0;0;2;1;0;0;0
"25/08/2022";"12:54:00";"234";"Acidente c";"421,42";"BR-163/MS";"NORTE";"Colisão lateral no sentido contrário";0;0;0;2;0;0;0;0;0;0;0;1;0;0;0
"25/08/2022";"17:36:00";"312";"Acidente c";"87,145";"BR-163/MS";"NORTE";"Colisão lateral no mesmo sentido";0;0;3;0;0;3;0;0;0;0;3;1;0;0;2
"26/08/2022";"02:22:00";"13";"Acidente s";"716,854";"BR-163/MS";"SUL";"Colisão c/ obstáculos";1;0;0;0;0;0;0;0;0;0;1;0;0;0;0
"26/08/2022";"02:47:00";"17";"Acidente s";"171,869";"BR-163/MS";"NORTE";"Saídas de pista";1;0;0;0;0;0;0;0;0;0;1;0;0;0;0
"26/08/2022";"11:43:00";"199";"Acidente c";"259,538";"BR-163/MS";"SUL";"Tombamento de moto";0;0;0;1;0;0;0;0;0;0;0;2;0;0;0
"26/08/2022";"14:08:00";"240";"Acidente s";"662,525";"BR-163/MS";"NORTE";"Tombamento";0;0;1;0;0;1;0;0;0;0;2;0;0;0;0
"26/08/2022";"14:44:00";"249";"Acidente s";"140,1";"BR-163/MS";"NORTE";"Colisão c/ obstáculos";1;0;0;0;0;0;0;0;0;0;2;0;0;0;0
"26/08/2022";"18:15:00";"321";"Acidente s";"224,964";"BR-163/MS";"NORTE";"Colisão com veículos (traseira)";2;0;0;0;0;0;0;0;0;0;2;0;0;0;0
"26/08/2022";"19:43:00";"368";"Acidente c";"259,258";"BR-163/MS";"SUL";"Colisão com veículos (traseira)";1;0;0;1;0;0;0;0;0;0;1;1;0;0;0
"26/08/2022";"22:32:00";"393";"Acidente s";"121,618";"BR-163/MS";"NORTE";"Atropelamento de animais";0;0;1;0;0;1;0;0;0;0;2;0;0;0;0
"27/08/2022";"00:16:00";"3";"Acidente s";"246,574";"BR-163/MS";"NORTE";"Saídas de pista";1;0;0;0;0;0;0;0;0;0;4;0;0;0;0
"27/08/2022";"04:46:00";"23";"Acidente c";"77,937";"BR-163/MS";"SUL";"Colisão c/ obstáculos";0;0;0;0;0;0;0;0;0;1;0;0;1;0;0
"27/08/2022";"10:49:00";"169";"Acidente s";"188,3";"BR-163/MS";"NORTE";"Tombamento";0;0;1;0;0;1;0;0;0;0;2;0;0;0;0
"27/08/2022";"11:19:00";"176";"Acidente s";"313,25";"BR-163/MS";"NORTE";"Colisão com veículos (traseira)";2;0;0;0;0;0;0;0;0;0;3;0;0;0;0
"27/08/2022";"18:20:00";"308";"Atropelame";"168,859";"BR-163/MS";"SUL";"Atropelamento de pedestre";0;0;0;0;0;1;0;0;0;0;1;0;0;0;1
"27/08/2022";"23:58:00";"389";"Acidente s";"365,2";"BR-163/MS";"SUL";"Colisão com veículos (traseira)";1;0;0;0;0;0;0;0;0;1;8;0;0;0;0
"28/08/2022";"00:15:00";"2";"Acidente s";"493,44";"BR-163/MS";"NORTE";"Tombamento";0;0;1;0;0;2;0;0;0;0;3;0;0;0;0
"28/08/2022";"18:41:00";"320";"Atropelame";"273,132";"BR-163/MS";"SUL";"Atropelamento de pedestre";0;0;0;0;1;0;0;0;0;0;45;0;0;0;1
"28/08/2022";"19:57:00";"346";"Acidente s";"519,134";"BR-163/MS";"NORTE";"Colisão c/ obstáculos";1;0;0;0;0;0;0;0;0;0;1;0;0;0;0
"29/08/2022";"09:46:00";"147";"Acidente c";"682,35";"BR-163/MS";"NORTE";"Engavetamento";1;0;2;0;0;2;0;0;0;0;4;1;0;0;0
"29/08/2022";"12:56:00";"221";"Acidente s";"243,281";"BR-163/MS";"NORTE";"Saídas de pista";1;0;0;0;0;0;0;0;0;0;1;0;0;0;0
"29/08/2022";"20:34:00";"393";"Acidente c";"117";"BR-163/MS";"SUL";"Outros";1;0;0;0;0;0;0;0;0;0;1;1;0;0;0
"29/08/2022";"22:26:00";"419";"Acidente c";"563,5";"BR-163/MS";"SUL";"Atropelamento de animais";0;0;0;0;0;0;0;0;0;1;3;0;1;0;0
"29/08/2022";"23:13:00";"426";"Acidente c";"334";"BR-163/MS";"SUL";"Saídas de pista";0;0;0;0;0;0;0;0;0;1;0;1;0;0;0
"30/08/2022";"06:14:00";"56";"Acidente s";"485,63";"BR-163/MS";"NORTE";"Colisão com veículos (traseira)";1;0;0;1;0;0;0;0;0;0;5;0;0;0;0
"30/08/2022";"11:24:00";"183";"Acidente s";"656,856";"BR-163/MS";"SUL";"Tombamento";0;0;1;0;0;1;0;0;0;0;2;0;0;0;0
"30/08/2022";"12:17:00";"194";"Acidente c";"547,8";"BR-163/MS";"SUL";"Capotamento";1;0;1;0;0;1;0;0;0;0;2;0;1;0;0
"30/08/2022";"16:46:00";"267";"Acidente s";"253,672";"BR-163/MS";"SUL";"Colisão lateral no mesmo sentido";1;0;0;0;0;1;0;0;0;0;2;0;0;0;0
"30/08/2022";"17:41:00";"287";"Acidente c";"475,32";"BR-163/MS";"NORTE";"Colisão lateral no sentido contrário";0;0;2;0;0;0;0;0;0;0;2;1;0;0;0
"30/08/2022";"18:45:00";"328";"Acidente s";"251,914";"BR-163/MS";"SUL";"Saídas de pista";1;0;0;0;0;0;0;0;0;0;2;0;0;0;0
"31/08/2022";"00:40:00";"5";"Acidente s";"205,6";"BR-163/MS";"SUL";"Atropelamento de animais";0;0;0;0;0;0;0;0;0;1;1;0;0;0;0
"31/08/2022";"13:00:00";"229";"Acidente s";"39";"BR-163/MS";"NORTE";"Colisão com veículos (traseira)";0;0;1;1;0;0;0;0;0;0;3;0;0;0;0
"31/08/2022";"22:11:00";"414";"Acidente s";"742,538";"BR-163/MS";"NORTE";"Atropelamento de animais";0;0;1;0;0;0;0;0;0;0;1;0;0;0;0
"01/09/2022";"02:43:00";"17";"AC02 - Aci";"260+263";"BR-163/MS";"SUL";"Atropelamento de Animal";0;0;0;1;0;0;0;0;0;0;0;1;0;0;0
"01/09/2022";"07:01:00";"70";"AC03 - Aci";"262+673";"BR-163/MS";"NORTE";"Colisão - Traseira";1;0;0;0;0;0;0;0;0;1;6;0;0;0;0
"01/09/2022";"15:58:00";"242";"AC03 - Aci";"164+062";"BR-163/MS";"SUL";"Colisão - Traseira";1;0;0;0;0;2;0;0;0;0;6;0;0;0;0
"02/09/2022";"06:37:00";"54";"AC02 - Aci";"511+010";"BR-163/MS";"NORTE";"Colisão - Lateral";1;0;1;0;0;2;0;0;0;0;3;1;0;0;0
"02/09/2022";"10:05:00";"158";"AC03 - Aci";"628+360";"BR-163/MS";"NORTE";"Atropelamento de Animal";1;0;0;0;0;0;0;0;0;0;1;0;0;0;0
"02/09/2022";"16:06:00";"273";"AC02 - Aci";"339+074";"BR-163/MS";"SUL";"Colisão - Transversal";0;0;0;1;0;0;0;0;0;1;1;1;0;0;0
"03/09/2022";"05:44:00";"46";"AC03 - Aci";"823+650";"BR-163/MS";"SUL";"Choque Defensa";0;0;1;0;0;0;0;0;0;0;1;0;0;0;0
"03/09/2022";"12:22:00";"181";"AC02 - Aci";"837+266";"BR-163/MS";"NORTE";"Choque - Meio Fio";0;0;0;1;0;0;0;0;0;0;1;0;0;0;0
"03/09/2022";"22:30:00";"369";"AC03 - Aci";"501+106";"BR-163/MS";"SUL";"Tombamento";1;0;0;0;0;0;0;0;0;0;2;0;0;0;0
"03/09/2022";"23:23:00";"384";"AC03 - Aci";"604+300";"BR-163/MS";"SUL";"Choque com objeto sobre a pista";0;0;0;0;0;0;0;0;0;1;1;0;0;0;0
"03/09/2022";"23:31:00";"385";"AC03 - Aci";"604+200";"BR-163/MS";"SUL";"Choque com objeto sobre a pista";0;0;0;0;0;0;0;0;0;1;4;0;0;0;0
"04/09/2022";"05:38:00";"51";"AC01 - Aci";"14+100";"BR-163/MS";"SUL";"Colisão - Frontal";0;0;0;0;0;0;0;0;0;2;1;0;0;0;1
"04/09/2022";"18:55:00";"322";"AC03 - Aci";"477+086";"BR-163/MS";"SUL";"Tombamento de moto";0;0;0;1;0;0;0;0;0;0;1;0;0;0;0
"04/09/2022";"23:18:00";"384";"AC02 - Aci";"476+655";"BR-163/MS";"NORTE";"Capotamento";1;0;0;0;0;0;0;0;0;0;0;0;1;0;0
"05/09/2022";"10:12:00";"199";"AC02 - Aci";"708+625";"BR-163/MS";"NORTE";"Atropelamento de Animal";1;0;0;0;0;0;0;0;0;0;0;2;0;0;0
"05/09/2022";"18:51:00";"400";"AC02 - Aci";"151+381";"BR-163/MS";"SUL";"Atropelamento de Animal";1;0;0;0;0;0;0;0;0;0;1;1;0;0;0
"05/09/2022";"23:26:00";"443";"AC02 - Aci";"515+645";"BR-163/MS";"SUL";"Atropelamento de Animal";0;0;0;1;0;0;0;0;0;0;0;0;1;0;0
"06/09/2022";"07:29:00";"95";"AC03 - Aci";"475+100";"BR-163/MS";"NORTE";"Colisão - Traseira";1;0;0;0;0;1;0;0;0;0;2;0;0;0;0
"06/09/2022";"09:53:00";"189";"AC03 - Aci";"71+833";"BR-163/MS";"NORTE";"Saída de pista";0;0;0;0;0;1;0;0;0;0;1;0;0;0;0
"06/09/2022";"13:31:00";"284";"AC03 - Aci";"185+578";"BR-163/MS";"SUL";"Tombamento";0;0;0;0;0;1;0;0;0;0;1;0;0;0;0
"06/09/2022";"14:30:00";"307";"AC03 - Aci";"485+630";"BR-163/MS";"NORTE";"Colisão - Traseira";1;0;0;0;0;0;0;0;0;1;2;0;0;0;0
"06/09/2022";"22:00:00";"445";"AC02 - Aci";"463+011";"BR-163/MS";"SUL";"Capotamento";1;0;0;0;0;0;0;0;0;0;0;1;0;0;0
"07/09/2022";"07:10:00";"57";"AC03 - Aci";"428+650";"BR-163/MS";"SUL";"Tombamento de moto";0;0;0;1;0;0;0;0;0;0;1;0;0;0;0
"07/09/2022";"16:18:00";"204";"AC01 - Aci";"75+200";"BR-163/MS";"NORTE";"Colisão - Frontal";1;0;1;0;0;2;0;0;0;0;3;0;0;0;2
"07/09/2022";"18:14:00";"220";"AC02 - Aci";"458+338";"BR-163/MS";"SUL";"Colisão - Traseira";1;0;0;1;0;0;0;0;0;0;1;1;0;0;0
"07/09/2022";"19:00:00";"251";"AC02 - Aci";"258+462";"BR-163/MS";"NORTE";"Choque - Sinalização";0;0;0;1;0;0;0;0;0;0;0;2;0;0;0
"07/09/2022";"23:58:00";"302";"AC03 - Aci";"228+000";"BR-163/MS";"SUL";"Atropelamento de Animal";1;0;0;0;0;0;0;0;0;0;2;0;0;0;0
"08/09/2022";"04:50:00";"39";"AC02 - Aci";"832+245";"BR-163/MS";"SUL";"Capotamento";1;0;0;0;0;0;0;0;0;0;0;2;0;0;0
"08/09/2022";"08:03:00";"96";"AC03 - Aci";"142+300";"BR-163/MS";"SUL";"Colisão - Transversal";1;0;0;0;0;0;0;0;0;1;2;0;0;0;0
"08/09/2022";"11:12:00";"166";"AC03 - Aci";"679+929";"BR-163/MS";"NORTE";"Colisão - Transversal";2;0;0;0;0;0;0;0;0;0;2;0;0;0;0
"08/09/2022";"18:42:00";"300";"AC03 - Aci";"253+000";"BR-163/MS";"SUL";"Choque - Meio Fio";1;0;0;0;0;0;0;0;0;0;1;0;0;0;0
"08/09/2022";"21:38:00";"351";"AC02 - Aci";"484+383";"BR-163/MS";"NORTE";"Colisão - Transversal";1;0;0;1;0;0;0;0;0;0;1;1;0;1;0
"09/09/2022";"05:55:00";"56";"AC03 - Aci";"755+751";"BR-163/MS";"SUL";"Saída de pista";0;0;1;0;0;0;0;0;0;0;1;0;0;0;0
"09/09/2022";"12:14:00";"262";"AC03 - Aci";"511+590";"BR-163/MS";"SUL";"Colisão - Traseira";0;0;0;0;0;0;0;0;0;2;4;0;0;0;0
"09/09/2022";"18:23:00";"384";"AC03 - Aci";"106+716";"BR-163/MS";"SUL";"Atropelamento de Animal";0;0;0;0;0;0;0;0;0;1;1;0;0;0;0
"09/09/2022";"22:11:00";"449";"AC03 - Aci";"634+108";"BR-163/MS";"SUL";"Atropelamento de Animal";1;0;0;0;0;0;0;0;0;0;1;0;0;0;0
"10/09/2022";"14:43:00";"247";"AC02 - Aci";"596+455";"BR-163/MS";"SUL";"Colisão - Traseira";0;0;1;0;0;1;0;0;0;1;2;1;0;0;0
"10/09/2022";"15:28:00";"258";"AC02 - Aci";"241+492";"BR-163/MS";"NORTE";"Tombamento de moto";0;0;0;1;0;0;0;0;0;0;0;1;0;0;0
"10/09/2022";"18:54:00";"328";"AC02 - Aci";"484+392";"BR-163/MS";"NORTE";"Colisão - Transversal";1;0;0;1;0;2;0;0;0;0;2;2;1;0;0
"10/09/2022";"19:54:00";"348";"AC02 - Aci";"477+682";"BR-163/MS";"SUL";"Tombamento de moto";0;0;0;1;0;0;0;0;0;0;0;1;0;0;0
"10/09/2022";"22:33:00";"366";"AC03 - Aci";"430+174";"BR-163/MS";"NORTE";"Atropelamento de Animal";0;0;1;0;0;0;0;0;0;0;1;0;0;0;0
"10/09/2022";"23:29:00";"368";"AC03 - Aci";"207+626";"BR-163/MS";"NORTE";"Tombamento de moto";0;0;0;1;0;0;0;0;0;0;1;0;0;0;0
"11/09/2022";"02:52:00";"13";"AC03 - Aci";"374+102";"BR-163/MS";"SUL";"Choque Defensa";1;0;0;0;0;0;0;0;0;0;1;0;0;0;0
"11/09/2022";"05:55:00";"28";"AC02 - Aci";"471+702";"BR-163/MS";"SUL";"Tombamento de moto";0;0;0;1;0;0;0;0;0;0;0;1;0;0;0
"11/09/2022";"06:32:00";"30";"AC03 - Aci";"489+250";"BR-163/MS";"NORTE";"Capotamento";1;0;0;0;0;1;0;0;0;0;2;0;0;0;0
"12/09/2022";"18:27:00";"251";"AC03 - Aci";"499+000";"BR-163/MS";"SUL";"Colisão - Traseira";0;0;1;0;0;0;0;0;0;1;3;0;0;0;0
"14/09/2022";"07:16:00";"95";"AC02 - Aci";"185+394";"BR-163/MS";"NORTE";"Tombamento";0;0;0;0;0;2;0;0;0;0;1;1;0;0;0
"14/09/2022";"09:30:00";"161";"AC02 - Aci";"373+322";"BR-163/MS";"SUL";"Capotamento";0;0;1;0;0;0;0;0;0;0;0;1;0;0;0
"14/09/2022";"19:45:00";"345";"AC02 - Aci";"526+329";"BR-163/MS";"SUL";"Tombamento";0;0;0;0;0;0;0;0;1;0;0;1;0;0;0
"14/09/2022";"23:59:00";"368";"AC03 - Aci";"117+598";"BR-163/MS";"NORTE";"Colisão - Lateral";1;0;1;0;0;0;0;0;0;0;2;0;0;0;0
"15/09/2022";"11:52:00";"208";"AC03 - Aci";"725+088";"BR-163/MS";"NORTE";"Colisão - Traseira";2;0;0;0;0;0;0;0;0;0;4;0;0;0;0
"15/09/2022";"12:30:00";"214";"AC03 - Aci";"408+928";"BR-163/MS";"NORTE";"Choque Defensa";1;0;0;0;0;0;0;0;0;0;1;0;0;0;0
"15/09/2022";"15:53:00";"285";"AC02 - Aci";"298+882";"BR-163/MS";"NORTE";"Saída de pista";0;0;0;0;0;0;0;0;0;1;0;1;0;0;0
"15/09/2022";"18:51:00";"353";"AC02 - Aci";"479+651";"BR-163/MS";"NORTE";"Colisão - Traseira";0;1;0;0;0;1;0;0;0;0;1;0;0;1;0
"16/09/2022";"03:12:00";"8";"AC03 - Aci";"502+661";"BR-163/MS";"NORTE";"Tombamento";0;0;1;0;0;2;0;0;0;0;3;0;0;0;0
"16/09/2022";"19:32:00";"345";"AC03 - Aci";"443+963";"BR-163/MS";"NORTE";"Atropelamento de Animal";1;0;0;0;0;0;0;0;0;0;2;0;0;0;0
"16/09/2022";"21:18:00";"380";"AC03 - Aci";"479+463";"BR-163/MS";"NORTE";"Tombamento de moto";0;0;0;1;0;0;0;0;0;0;2;0;0;0;0
"16/09/2022";"23:45:00";"399";"AC03 - Aci";"266+849";"BR-163/MS";"NORTE";"Choque - Meio Fio";1;0;0;0;0;0;0;0;0;0;1;0;0;0;0
"17/09/2022";"06:22:00";"50";"AC03 - Aci";"677+459";"BR-163/MS";"SUL";"Outros";0;0;0;0;0;0;0;0;0;2;5;0;0;0;0
"17/09/2022";"15:21:00";"263";"AC01 - Aci";"763+433";"BR-163/MS";"SUL";"Colisão - Frontal";1;0;0;0;0;0;0;0;0;1;0;0;2;2;2
"17/09/2022";"19:43:00";"355";"AC03 - Aci";"278+747";"BR-163/MS";"NORTE";"Atropelamento de Animal";1;0;0;0;0;0;0;0;0;0;1;0;0;0;0
"17/09/2022";"19:51:00";"358";"AC02 - Aci";"656+600";"BR-163/MS";"SUL";"Capotamento";0;0;0;0;0;0;0;0;0;1;0;1;0;0;0
"17/09/2022";"23:34:00";"413";"AC02 - Aci";"465+209";"BR-163/MS";"NORTE";"Colisão - Lateral";1;0;0;1;0;0;0;0;0;0;2;1;0;0;0
"18/09/2022";"03:32:00";"24";"AC03 - Aci";"106+874";"BR-163/MS";"NORTE";"Saída de pista";0;0;0;0;0;0;0;0;0;1;2;0;0;0;0
"18/09/2022";"16:40:00";"290";"AC02 - Aci";"730+121";"BR-163/MS";"SUL";"Tombamento de moto";0;0;0;1;0;0;0;0;0;0;2;0;0;0;0
"18/09/2022";"18:15:00";"325";"AC02 - Aci";"614+720";"BR-163/MS";"NORTE";"Colisão - Transversal";0;1;0;0;0;0;0;0;0;1;3;1;0;0;0
"18/09/2022";"20:29:00";"377";"AC03 - Aci";"354+000";"BR-163/MS";"SUL";"Atropelamento de Animal";1;0;0;0;0;0;0;0;0;0;1;0;0;0;0
"18/09/2022";"21:23:00";"391";"AC03 - Aci";"465+366";"BR-163/MS";"NORTE";"Colisão - Traseira";1;0;0;0;0;0;0;0;0;1;2;0;0;0;0
"19/09/2022";"12:31:00";"221";"AC03 - Aci";"485+558";"BR-163/MS";"NORTE";"Engavetamento";2;0;0;0;0;1;0;0;0;1;6;0;0;0;0
"19/09/2022";"17:13:00";"332";"AC02 - Aci";"320+655";"BR-163/MS";"NORTE";"Engavetamento";0;0;0;0;0;1;0;0;0;2;4;1;0;0;0
"20/09/2022";"07:21:00";"75";"AC03 - Aci";"615+318";"BR-163/MS";"SUL";"Colisão - Lateral";1;0;0;1;0;0;0;0;0;0;2;0;0;0;0
"20/09/2022";"15:35:00";"315";"AC02 - Aci";"249+062";"BR-163/MS";"SUL";"Tombamento de moto";0;0;0;1;0;0;0;0;0;0;0;1;1;0;0
"21/09/2022";"14:32:00";"231";"AC03 - Aci";"263+138";"BR-163/MS";"NORTE";"Saída de pista";0;0;0;0;0;1;0;0;0;0;1;0;0;0;0
"21/09/2022";"18:07:00";"295";"AC02 - Aci";"475+113";"BR-163/MS";"NORTE";"Colisão - Lateral";0;0;1;1;0;0;0;0;0;0;1;1;0;0;0
"22/09/2022";"05:53:00";"53";"AC02 - Aci";"466+500";"BR-163/MS";"NORTE";"Tombamento de moto";0;0;0;1;0;0;0;0;0;0;1;1;0;0;0
"22/09/2022";"07:42:00";"105";"AC02 - Aci";"478+938";"BR-163/MS";"NORTE";"Colisão - Transversal";0;0;0;1;0;0;0;0;0;1;1;1;0;0;0
"22/09/2022";"10:27:00";"165";"AC03 - Aci";"20+393";"BR-163/MS";"NORTE";"Colisão - Lateral";1;0;0;0;0;0;0;0;0;1;5;0;0;0;0