data;horario;n_da_ocorrencia;tipo_de_ocorrencia;km;trecho;sentido;tipo_de_acidente;automovel;bicicleta;caminhao;moto;onibus;outros;tracao_animal;transporte_de_cargas_especiais;trator_maquinas;utilitarios;ilesos;levemente_feridos;moderadamente_feridos;gravemente_feridos;mortos
"22/09/2022";"15:13:00";"248";"AC02 - Aci";"614+289";"BR-163/MS";"NORTE";"Colisão - Transversal";0;0;0;1;0;0;0;0;0;1;2;1;0;0;0
"22/09/2022";"20:46:00";"397";"AC03 - Aci";"137+518";"BR-163/MS";"SUL";"Atropelamento de Animal";1;0;0;0;0;0;0;0;0;0;4;0;0;0;0
"23/09/2022";"09:40:00";"186";"AC03 - Aci";"726+468";"BR-163/MS";"NORTE";"Colisão - Transversal";1;0;0;0;0;0;0;0;0;1;5;0;0;0;0
"23/09/2022";"12:53:00";"262";"AC02 - Aci";"501+300";"BR-163/MS";"SUL";"Tombamento de moto";0;0;0;1;0;0;0;0;0;0;0;1;0;0;0
"23/09/2022";"18:54:00";"388";"AC02 - Aci";"458+815";"BR-163/MS";"NORTE";"Colisão - Transversal";1;0;0;0;0;4;0;0;0;0;5;0;0;1;0
"23/09/2022";"19:40:00";"402";"AC03 - Aci";"276+074";"BR-163/MS";"SUL";"Atropelamento de Animal";1;0;0;0;0;0;0;0;0;0;1;0;0;0;0
"24/09/2022";"09:10:00";"146";"AC03 - Aci";"333+218";"BR-163/MS";"NORTE";"Saída de pista";1;0;0;0;0;0;0;0;0;0;1;0;0;0;0
"24/09/2022";"10:04:00";"178";"AC03 - Aci";"822+102";"BR-163/MS";"NORTE";"Tombamento";0;0;1;0;0;2;0;0;0;0;3;0;0;0;0
"24/09/2022";"19:06:00";"362";"AC02 - Aci";"47+632";"BR-163/MS";"SUL";"Colisão - Traseira";0;0;1;0;0;0;0;0;0;1;1;1;0;1;0
"25/09/2022";"06:25:00";"34";"AC03 - Aci";"106+259";"BR-163/MS";"NORTE";"Choque Defensa";1;0;0;0;0;0;0;0;0;0;1;0;0;0;0
"25/09/2022";"07:48:00";"97";"AC03 - Aci";"352+215";"BR-163/MS";"SUL";"Tombamento";1;0;0;0;0;0;0;0;0;0;1;0;0;0;0
"25/09/2022";"14:35:00";"254";"AC02 - Aci";"254+663";"BR-163/MS";"NORTE";"Choque Defensa";1;0;0;0;0;0;0;0;0;0;0;0;0;2;0
"25/09/2022";"15:46:00";"273";"AC02 - Aci";"705+094";"BR-163/MS";"NORTE";"Colisão - Transversal";1;0;0;0;0;2;0;0;0;0;2;2;1;1;0
"25/09/2022";"19:23:00";"315";"AC03 - Aci";"529+070";"BR-163/MS";"SUL";"Saída de pista";1;0;0;0;0;0;0;0;0;0;2;0;0;0;0
"25/09/2022";"21:36:00";"359";"AC03 - Aci";"822+127";"BR-163/MS";"NORTE";"Atropelamento de Animal";1;0;0;0;0;0;0;0;0;0;4;0;0;0;0
"25/09/2022";"21:36:00";"362";"AC03 - Aci";"822+127";"BR-163/MS";"NORTE";"Atropelamento de Animal";1;0;0;0;0;0;0;0;0;0;3;0;0;0;0
"26/09/2022";"08:52:00";"96";"AC03 - Aci";"389+654";"BR-163/MS";"SUL";"Capotamento";0;0;0;0;0;0;0;0;0;1;1;0;0;0;0
"26/09/2022";"12:47:00";"157";"AC02 - Aci";"11+554";"BR-163/MS";"NORTE";"Capotamento";1;0;0;0;0;0;0;0;0;0;0;1;0;0;0
"26/09/2022";"13:06:00";"162";"AC02 - Aci";"264+594";"BR-163/MS";"SUL";"Colisão - Lateral";1;0;0;1;0;0;0;0;0;0;2;1;0;0;0
"26/09/2022";"14:14:00";"178";"AC03 - Aci";"821+548";"BR-163/MS";"SUL";"Tombamento";0;0;1;0;0;2;0;0;0;0;3;0;0;0;0
"27/09/2022";"03:52:00";"23";"AC03 - Aci";"837+461";"BR-163/MS";"SUL";"Tombamento";0;0;0;0;0;0;0;0;0;1;1;0;0;0;0
"27/09/2022";"17:12:00";"292";"AC03 - Aci";"253+800";"BR-163/MS";"NORTE";"Engavetamento";1;0;1;0;0;2;0;0;0;1;5;0;0;0;0
"27/09/2022";"18:12:00";"300";"AC02 - Aci";"20+100";"BR-163/MS";"SUL";"Colisão - Transversal";0;0;0;2;0;0;0;0;0;0;0;2;0;0;0
"27/09/2022";"18:55:00";"332";"AC03 - Aci";"20+100";"BR-163/MS";"SUL";"Colisão - Traseira";2;0;0;0;0;0;0;0;0;0;4;0;0;0;0
"28/09/2022";"13:58:00";"256";"AC02 - Aci";"581+181";"BR-163/MS";"NORTE";"Colisão - Lateral";0;0;1;0;0;3;0;0;0;1;6;1;0;0;0
"28/09/2022";"17:34:00";"345";"AC03 - Aci";"6+855";"BR-163/MS";"NORTE";"Colisão - Traseira";1;0;0;0;0;0;0;0;0;1;3;0;0;0;0
"28/09/2022";"18:40:00";"361";"AC03 - Aci";"120+830";"BR-163/MS";"SUL";"Atropelamento de Animal";1;0;0;0;0;0;0;0;0;0;2;0;0;0;0
"28/09/2022";"19:58:00";"378";"AC02 - Aci";"76+283";"BR-163/MS";"SUL";"Colisão - Lateral";0;0;0;0;0;2;0;0;0;1;2;4;0;0;0
"29/09/2022";"16:41:00";"324";"AC03 - Aci";"111+395";"BR-163/MS";"NORTE";"Capotamento";1;0;0;0;0;0;0;0;0;0;1;0;0;0;0
"30/09/2022";"01:37:00";"12";"AC02 - Aci";"672+774";"BR-163/MS";"SUL";"Tombamento de moto";0;0;0;1;0;0;0;0;0;0;0;1;0;0;0
"30/09/2022";"12:53:00";"254";"AC03 - Aci";"340+730";"BR-163/MS";"NORTE";"Capotamento";1;0;0;0;0;1;0;0;0;0;3;0;0;0;0
"30/09/2022";"14:15:00";"274";"AC02 - Aci";"380+126";"BR-163/MS";"SUL";"Colisão - Frontal";1;0;0;0;0;2;0;0;0;0;1;4;0;1;0
"01/10/2022";"01:49:00";"10";"AC03 - Aci";"276+886";"BR-163/MS";"NORTE";"Choque - Meio Fio";1;0;0;0;0;0;0;0;0;0;1;0;0;0;0
"01/10/2022";"05:53:00";"28";"AC03 - Aci";"270+072";"BR-163/MS";"SUL";"Choque - Sinalização";1;0;0;0;0;0;0;0;0;0;2;0;0;0;0
"01/10/2022";"13:45:00";"227";"AC03 - Aci";"464+080";"BR-163/MS";"SUL";"Choque Defensa";0;0;1;0;0;1;0;0;0;0;2;0;0;0;0
"01/10/2022";"19:54:00";"347";"AC02 - Aci";"838+000";"BR-163/MS";"NORTE";"Tombamento";0;1;0;0;0;0;0;0;0;0;0;1;0;0;0
"01/10/2022";"23:53:00";"394";"AC02 - Aci";"483+000";"BR-163/MS";"SUL";"Atropelamento - Usuário";0;0;0;0;0;1;0;0;0;0;1;0;1;0;0
"02/10/2022";"04:21:00";"13";"AC03 - Aci";"126+717";"BR-163/MS";"NORTE";"Saída de pista";1;0;0;0;0;0;0;0;0;0;1;0;0;0;0
"02/10/2022";"21:05:00";"301";"AC02 - Aci";"486+078";"BR-163/MS";"NORTE";"Tombamento";0;1;0;0;0;0;0;0;0;0;0;0;1;0;0
"02/10/2022";"21:58:00";"305";"AC02 - Aci";"253+604";"BR-163/MS";"NORTE";"Colisão - Frontal";1;0;0;1;0;0;0;0;0;0;1;0;1;1;0
"03/10/2022";"03:53:00";"15";"AC03 - Aci";"4+224";"BR-163/MS";"SUL";"Saída de pista";1;0;0;0;0;0;0;0;0;0;2;0;0;0;0
"03/10/2022";"09:52:00";"167";"AC03 - Aci";"354+620";"BR-163/MS";"NORTE";"Capotamento";1;0;0;0;0;0;0;0;0;0;3;0;0;0;0
"03/10/2022";"11:15:00";"212";"AC03 - Aci";"495+172";"BR-163/MS";"NORTE";"Saída de pista";1;0;0;0;0;0;0;0;0;0;3;0;0;0;0
"03/10/2022";"14:04:00";"254";"AC03 - Aci";"484+950";"BR-163/MS";"NORTE";"Colisão - Traseira";0;0;2;0;0;0;0;0;0;0;3;0;0;0;0
"03/10/2022";"18:50:00";"336";"AC02 - Aci";"166+097";"BR-163/MS";"NORTE";"Atropelamento - Usuário";0;1;0;0;0;1;0;0;0;0;0;0;0;2;0
"04/10/2022";"06:42:00";"37";"AC03 - Aci";"209+082";"BR-163/MS";"NORTE";"Colisão - Traseira";0;0;1;0;0;2;0;0;0;0;3;0;0;0;0
"04/10/2022";"08:26:00";"105";"AC03 - Aci";"651+872";"BR-163/MS";"SUL";"Colisão - Traseira";0;0;1;0;0;2;0;0;0;1;4;0;0;0;0
"04/10/2022";"09:52:00";"145";"AC03 - Aci";"714+887";"BR-163/MS";"SUL";"Colisão - Lateral";1;0;0;0;0;1;0;0;0;0;5;0;0;0;0
"04/10/2022";"10:58:00";"166";"AC02 - Aci";"249+580";"BR-163/MS";"SUL";"Tombamento";0;0;1;0;0;0;0;0;0;0;0;1;0;0;0
"04/10/2022";"14:48:00";"231";"AC03 - Aci";"613+541";"BR-163/MS";"NORTE";"Colisão - Traseira";0;0;1;0;0;0;0;0;0;1;2;0;0;0;0
"05/10/2022";"09:21:00";"156";"AC02 - Aci";"124+241";"BR-163/MS";"NORTE";"Tombamento de moto";0;0;0;1;0;0;0;0;0;0;0;1;0;0;0
"05/10/2022";"10:55:00";"192";"AC03 - Aci";"475+000";"BR-163/MS";"SUL";"Colisão - Traseira";1;0;0;0;0;2;0;0;0;0;3;0;0;0;0
"05/10/2022";"15:14:00";"254";"AC02 - Aci";"246+552";"BR-163/MS";"NORTE";"Colisão - Transversal";0;0;1;1;0;0;0;0;0;0;2;1;0;0;0
"05/10/2022";"21:11:00";"353";"AC02 - Aci";"256+000";"BR-163/MS";"NORTE";"Tombamento de moto";0;0;0;1;0;0;0;0;0;0;0;1;0;0;0
"05/10/2022";"22:15:00";"357";"AC03 - Aci";"447+789";"BR-163/MS";"NORTE";"Atropelamento de Animal";0;0;0;0;0;0;0;0;0;1;1;0;0;0;0
"06/10/2022";"10:54:00";"160";"AC02 - Aci";"129+980";"BR-163/MS";"NORTE";"Tombamento de moto";0;0;0;1;0;0;0;0;0;0;0;1;0;0;0
"06/10/2022";"14:27:00";"203";"AC03 - Aci";"190+920";"BR-163/MS";"SUL";"Saída de pista";1;0;0;0;0;0;0;0;0;0;2;0;0;0;0
"06/10/2022";"15:05:00";"213";"AC03 - Aci";"136+414";"BR-163/MS";"NORTE";"Saída de pista";0;0;0;0;0;3;0;0;0;0;3;0;0;0;0
"06/10/2022";"17:33:00";"260";"AC03 - Aci";"251+961";"BR-163/MS";"NORTE";"Engavetamento";2;0;0;1;0;0;0;0;0;0;4;0;0;0;0
"06/10/2022";"18:54:00";"309";"AC02 - Aci";"714+300";"BR-163/MS";"NORTE";"Tombamento";0;0;1;0;0;0;0;0;0;0;0;1;0;0;0
"07/10/2022";"04:31:00";"24";"AC03 - Aci";"567+884";"BR-163/MS";"SUL";"Colisão - Lateral";1;0;0;0;0;1;0;0;0;0;5;0;0;0;0
"07/10/2022";"07:39:00";"76";"AC02 - Aci";"475+400";"BR-163/MS";"SUL";"Colisão - Lateral";1;0;0;0;0;2;0;0;0;0;3;0;1;0;0
"07/10/2022";"12:43:00";"189";"AC03 - Aci";"648+450";"BR-163/MS";"NORTE";"Colisão - Transversal";1;0;0;0;0;2;0;0;0;0;5;0;0;0;0
"07/10/2022";"12:47:00";"190";"AC02 - Aci";"293+654";"BR-163/MS";"NORTE";"Colisão - Frontal";2;0;0;0;0;0;0;0;0;0;0;2;0;0;0
"08/10/2022";"02:15:00";"11";"AC03 - Aci";"270+590";"BR-163/MS";"SUL";"Tombamento";1;0;0;0;0;0;0;0;0;0;2;0;0;0;0
"08/10/2022";"06:23:00";"28";"AC03 - Aci";"630+227";"BR-163/MS";"NORTE";"Atropelamento de Animal";1;0;0;0;0;0;0;0;0;0;4;0;0;0;0
"08/10/2022";"07:11:00";"41";"AC03 - Aci";"1+800";"BR-163/MS";"NORTE";"Engavetamento";3;0;0;0;0;0;0;0;0;1;10;0;0;0;0
"08/10/2022";"08:52:00";"103";"AC02 - Aci";"341+500";"BR-163/MS";"NORTE";"Colisão - Lateral";0;1;0;1;0;0;0;0;0;0;0;2;0;0;0
"08/10/2022";"09:29:00";"118";"AC03 - Aci";"341+100";"BR-163/MS";"SUL";"Colisão - Traseira";1;0;0;0;0;0;0;0;0;1;3;0;0;0;0
"08/10/2022";"12:11:00";"194";"AC03 - Aci";"86+000";"BR-163/MS";"NORTE";"Colisão - Lateral";1;0;1;0;0;0;0;0;0;0;3;0;0;0;0
"08/10/2022";"21:10:00";"373";"AC03 - Aci";"469+712";"BR-163/MS";"NORTE";"Atropelamento de Animal";1;0;0;0;0;0;0;0;0;0;1;0;0;0;0
"08/10/2022";"21:10:00";"363";"AC03 - Aci";"469+712";"BR-163/MS";"NORTE";"Capotamento";1;0;0;0;0;0;0;0;0;0;5;0;0;0;0
"08/10/2022";"22:03:00";"371";"AC02 - Aci";"550+422";"BR-163/MS";"SUL";"Tombamento";0;0;0;0;0;2;0;0;0;0;1;1;0;0;0
"09/10/2022";"00:23:00";"3";"AC03 - Aci";"533+779";"BR-163/MS";"SUL";"Choque Barreira";1;0;0;0;0;0;0;0;0;0;2;0;0;0;0
"09/10/2022";"04:20:00";"13";"AC03 - Aci";"256+054";"BR-163/MS";"SUL";"Choque - Sinalização";1;0;0;0;0;0;0;0;0;0;1;0;0;0;0
"09/10/2022";"04:44:00";"15";"AC03 - Aci";"1+900";"BR-163/MS";"NORTE";"Capotamento";1;0;0;0;0;0;0;0;0;0;3;0;0;0;0
"09/10/2022";"06:30:00";"34";"AC02 - Aci";"281+500";"BR-163/MS";"NORTE";"Tombamento de moto";0;0;0;1;0;0;0;0;0;0;1;1;0;0;0
"09/10/2022";"08:31:00";"97";"AC02 - Aci";"529+246";"BR-163/MS";"NORTE";"Capotamento";1;0;0;0;0;0;0;0;0;0;1;2;0;0;0
"09/10/2022";"10:44:00";"140";"AC02 - Aci";"182+152";"BR-163/MS";"SUL";"Tombamento";0;0;1;0;0;2;0;0;0;0;2;1;0;0;0
"09/10/2022";"19:12:00";"274";"AC03 - Aci";"6+775";"BR-163/MS";"SUL";"Choque - Meio Fio";1;0;0;0;0;0;0;0;0;0;3;0;0;0;0
"09/10/2022";"19:47:00";"293";"AC03 - Aci";"344+799";"BR-163/MS";"SUL";"Atropelamento de Animal";1;0;1;0;0;0;0;0;0;0;2;0;0;0;0
"09/10/2022";"21:32:00";"306";"AC03 - Aci";"570+415";"BR-163/MS";"SUL";"Saída de pista";0;0;1;0;0;0;0;0;0;0;2;0;0;0;0
"09/10/2022";"21:50:00";"309";"AC02 - Aci";"258+071";"BR-163/MS";"SUL";"Colisão - Traseira";2;0;0;0;0;0;0;0;0;0;2;1;0;0;0
"09/10/2022";"23:17:00";"312";"AC02 - Aci";"210+376";"BR-163/MS";"SUL";"Colisão - Transversal";1;1;0;0;0;0;0;0;0;0;1;0;0;1;0
"09/10/2022";"23:22:00";"314";"AC02 - Aci";"482+152";"BR-163/MS";"NORTE";"Capotamento";1;0;0;0;0;0;0;0;0;0;0;0;1;0;0
"09/10/2022";"23:29:00";"315";"AC05 - Atr";"210+376";"BR-163/MS";"SUL";"Atropelamento - Morador/Trabalhador/Estudante";0;1;0;0;0;1;0;0;0;0;1;0;0;0;1
"10/10/2022";"01:55:00";"11";"AC03 - Aci";"252+321";"BR-163/MS";"SUL";"Capotamento";1;0;0;0;0;0;0;0;0;0;2;0;0;0;0
"10/10/2022";"13:16:00";"202";"AC02 - Aci";"728+941";"BR-163/MS";"NORTE";"Colisão - Frontal";1;0;0;1;0;0;0;0;0;0;1;2;0;0;0
"10/10/2022";"21:28:00";"338";"AC03 - Aci";"238+443";"BR-163/MS";"SUL";"Atropelamento de Animal";1;0;0;0;0;0;0;0;0;0;2;0;0;0;0
"11/10/2022";"04:10:00";"16";"AC03 - Aci";"261+879";"BR-163/MS";"SUL";"Capotamento";1;0;0;0;0;0;0;0;0;0;4;0;0;0;0
"11/10/2022";"23:14:00";"288";"AC03 - Aci";"248+500";"BR-163/MS";"NORTE";"Choque - Meio Fio";0;0;0;0;0;0;0;0;0;1;1;0;0;0;0
"13/10/2022";"00:28:00";"2";"AC03 - Aci";"419+950";"BR-163/MS";"NORTE";"Atropelamento de Animal";0;0;0;0;0;0;0;0;0;1;5;0;0;0;0
"13/10/2022";"06:25:00";"28";"AC03 - Aci";"730+100";"BR-163/MS";"SUL";"Saída de pista";1;0;0;0;0;0;0;0;0;0;3;0;0;0;0
"13/10/2022";"11:30:00";"178";"AC02 - Aci";"206+497";"BR-163/MS";"NORTE";"Tombamento";0;0;0;0;0;2;0;0;0;0;1;1;0;0;0
"13/10/2022";"18:18:00";"352";"AC02 - Aci";"377+717";"BR-163/MS";"NORTE";"Capotamento";1;0;0;0;0;2;0;0;0;0;3;1;0;0;0
"13/10/2022";"19:38:00";"367";"AC02 - Aci";"243+857";"BR-163/MS";"SUL";"Colisão - Traseira";0;0;0;1;0;0;0;0;0;1;1;1;0;0;0
"14/10/2022";"07:04:00";"49";"AC02 - Aci";"316+000";"BR-163/MS";"NORTE";"Tombamento";0;0;1;0;0;2;0;0;0;0;3;1;0;0;0
"14/10/2022";"08:19:00";"80";"AC04 - Atr";"688+646";"BR-163/MS";"SUL";"Atropelamento - Funcionário";0;0;1;0;0;0;0;0;0;0;1;1;0;0;0
"14/10/2022";"16:02:00";"269";"AC03 - Aci";"486+578";"BR-163/MS";"NORTE";"Colisão - Transversal";0;0;0;1;0;1;0;0;0;0;2;0;0;0;0
"15/10/2022";"10:04:00";"138";"AC03 - Aci";"257+150";"BR-163/MS";"SUL";"Colisão - Traseira";1;0;0;0;0;1;0;0;0;0;2;0;0;0;0
"15/10/2022";"10:22:00";"143";"AC03 - Aci";"24+700";"BR-163/MS";"SUL";"Saída de pista";0;0;0;0;0;0;0;0;0;1;1;0;0;0;0
"15/10/2022";"21:38:00";"284";"AC03 - Aci";"277+282";"BR-163/MS";"NORTE";"Tombamento de moto";0;0;0;1;0;0;0;0;0;0;2;0;0;0;0
"15/10/2022";"23:28:00";"298";"AC04 - Atr";"485+191";"BR-163/MS";"SUL";"Atropelamento - Morador/Trabalhador/Estudante";0;1;1;0;0;3;0;0;0;0;4;0;0;1;0
"16/10/2022";"03:00:00";"21";"AC03 - Aci";"10+126";"BR-163/MS";"NORTE";"Tombamento";0;0;1;0;0;2;0;0;0;0;3;0;0;0;0
"16/10/2022";"13:40:00";"178";"AC02 - Aci";"600+500";"BR-163/MS";"NORTE";"Tombamento";0;0;0;0;0;0;0;0;0;1;4;1;0;0;0
"16/10/2022";"17:44:00";"229";"AC03 - Aci";"390+294";"BR-163/MS";"NORTE";"Colisão - Traseira";1;0;0;0;0;0;0;0;0;1;7;0;0;0;0
"16/10/2022";"18:07:00";"234";"AC02 - Aci";"98+200";"BR-163/MS";"SUL";"Tombamento de moto";0;0;0;1;0;0;0;0;0;0;1;1;0;0;0
"16/10/2022";"19:26:00";"266";"AC02 - Aci";"399+080";"BR-163/MS";"NORTE";"Colisão - Traseira";1;0;0;0;0;0;0;0;0;1;1;3;0;0;0
"16/10/2022";"19:52:00";"290";"AC03 - Aci";"722+950";"BR-163/MS";"SUL";"Atropelamento de Animal";0;0;0;0;0;0;0;0;0;1;1;0;0;0;0
"17/10/2022";"00:18:00";"3";"AC03 - Aci";"1+700";"BR-163/MS";"NORTE";"Choque - Sinalização";1;0;0;0;0;0;0;0;0;0;2;0;0;0;0
"17/10/2022";"03:49:00";"12";"AC02 - Aci";"614+800";"BR-163/MS";"NORTE";"Colisão - Lateral";0;0;0;1;1;0;0;0;0;0;85;0;0;1;0
"17/10/2022";"14:01:00";"269";"AC03 - Aci";"2+500";"BR-163/MS";"NORTE";"Colisão - Traseira";1;0;0;0;0;0;0;0;0;1;4;0;0;0;0
"17/10/2022";"16:03:00";"319";"AC03 - Aci";"485+630";"BR-163/MS";"NORTE";"Colisão - Traseira";0;0;0;0;0;1;0;0;0;1;6;0;0;0;0
"17/10/2022";"16:30:00";"321";"AC03 - Aci";"247+250";"BR-163/MS";"NORTE";"Saída de pista";0;0;0;0;0;0;0;0;0;1;2;0;0;0;0
"17/10/2022";"17:23:00";"337";"AC02 - Aci";"371+580";"BR-163/MS";"NORTE";"Saída de pista";1;0;0;0;0;0;0;0;0;0;0;1;0;0;0
"17/10/2022";"18:39:00";"351";"AC03 - Aci";"169+900";"BR-163/MS";"SUL";"Saída de pista";1;0;0;0;0;0;0;0;0;0;4;0;0;0;0
"18/10/2022";"02:13:00";"7";"AC03 - Aci";"316+052";"BR-163/MS";"NORTE";"Choque - Sinalização";0;0;0;0;0;1;0;0;0;0;1;0;0;0;0
"18/10/2022";"12:51:00";"212";"AC02 - Aci";"338+309";"BR-163/MS";"NORTE";"Colisão - Transversal";1;0;0;0;1;0;0;0;0;0;2;1;0;0;0
"18/10/2022";"15:45:00";"272";"AC03 - Aci";"657+655";"BR-163/MS";"NORTE";"Colisão - Traseira";0;0;2;0;0;2;0;0;0;0;4;0;0;0;0
"19/10/2022";"03:26:00";"18";"AC03 - Aci";"34+668";"BR-163/MS";"SUL";"Tombamento";0;0;1;0;0;2;0;0;0;0;3;0;0;0;0
"19/10/2022";"05:15:00";"28";"AC03 - Aci";"210+864";"BR-163/MS";"SUL";"Colisão - Lateral";2;0;0;0;0;0;0;0;0;0;2;0;0;0;0
"19/10/2022";"06:22:00";"34";"AC02 - Aci";"692+448";"BR-163/MS";"NORTE";"Tombamento";0;0;1;0;0;2;0;0;0;0;2;1;0;0;0
"19/10/2022";"09:03:00";"118";"AC02 - Aci";"212+900";"BR-163/MS";"SUL";"Engavetamento";2;0;0;0;0;0;0;0;0;3;7;1;0;0;0
"19/10/2022";"18:33:00";"330";"AC03 - Aci";"33+284";"BR-163/MS";"SUL";"Colisão - Lateral";1;0;0;0;0;1;0;0;0;0;2;0;0;0;0
"19/10/2022";"19:25:00";"351";"AC03 - Aci";"579+170";"BR-163/MS";"SUL";"Choque - Sinalização";0;0;0;0;0;1;0;0;0;1;2;0;0;0;0
"20/10/2022";"01:10:00";"7";"AC02 - Aci";"477+725";"BR-163/MS";"SUL";"Colisão - Transversal";0;0;1;0;0;0;0;0;0;1;1;0;1;0;0
"20/10/2022";"03:36:00";"22";"AC03 - Aci";"267+000";"BR-163/MS";"NORTE";"Choque - Meio Fio";0;0;0;0;0;0;0;0;0;1;1;0;0;0;0
"20/10/2022";"04:51:00";"27";"AC02 - Aci";"264+000";"BR-163/MS";"NORTE";"Tombamento de moto";0;0;0;1;0;0;0;0;0;0;1;0;1;0;0
"20/10/2022";"09:30:00";"135";"AC02 - Aci";"37+050";"BR-163/MS";"SUL";"Colisão - Traseira";0;0;0;0;0;2;0;0;0;1;2;0;1;0;0
"20/10/2022";"14:04:00";"262";"AC02 - Aci";"754+354";"BR-163/MS";"SUL";"Tombamento de moto";0;0;0;1;0;0;0;0;0;0;0;1;0;0;0
"20/10/2022";"18:01:00";"365";"AC03 - Aci";"485+654";"BR-163/MS";"SUL";"Colisão - Traseira";1;0;1;0;0;0;0;0;0;0;2;0;0;0;0
"20/10/2022";"18:34:00";"368";"AC03 - Aci";"238+000";"BR-163/MS";"SUL";"Atropelamento de Animal";1;0;0;0;0;0;0;0;0;0;1;0;0;0;0
"20/10/2022";"18:57:00";"374";"AC03 - Aci";"237+200";"BR-163/MS";"SUL";"Atropelamento de Animal";1;0;0;0;0;0;0;0;0;0;1;0;0;0;0
"21/10/2022";"05:20:00";"31";"AC02 - Aci";"548+050";"BR-163/MS";"NORTE";"Capotamento";1;0;0;0;0;0;0;0;0;0;1;1;0;0;0
"21/10/2022";"06:01:00";"35";"AC03 - Aci";"499+112";"BR-163/MS";"SUL";"Colisão - Lateral";1;0;0;0;1;0;0;0;0;0;15;0;0;0;0
"21/10/2022";"06:36:00";"40";"AC03 - Aci";"759+210";"BR-163/MS";"SUL";"Tombamento";0;0;1;0;0;2;0;0;0;0;3;0;0;0;0
"21/10/2022";"11:13:00";"182";"AC04 - Atr";"487+530";"BR-163/MS";"SUL";"Atropelamento - Morador/Trabalhador/Estudante";0;1;0;0;0;0;0;0;0;0;0;1;1;0;0
"21/10/2022";"17:26:00";"377";"AC03 - Aci";"564+520";"BR-163/MS";"NORTE";"Saída de pista";1;0;0;0;0;0;0;0;0;0;1;0;0;0;0
"21/10/2022";"17:58:00";"389";"AC02 - Aci";"483+000";"BR-163/MS";"NORTE";"Colisão - Transversal";1;0;0;1;0;0;0;0;0;0;2;1;0;0;0
"22/10/2022";"17:41:00";"385";"AC03 - Aci";"533+824";"BR-163/MS";"NORTE";"Colisão - Lateral";1;0;1;0;0;0;0;0;0;0;3;0;0;0;0
"22/10/2022";"23:49:00";"454";"AC03 - Aci";"126+917";"BR-163/MS";"SUL";"Capotamento";1;0;0;0;0;0;0;0;0;0;1;0;0;0;0
"23/10/2022";"00:37:00";"4";"AC02 - Aci";"110+150";"BR-163/MS";"NORTE";"Tombamento de moto";0;0;0;1;0;0;0;0;0;0;0;1;0;0;0
"23/10/2022";"15:55:00";"225";"AC03 - Aci";"793+657";"BR-163/MS";"NORTE";"Atropelamento de Animal";0;0;1;0;0;0;0;0;0;0;2;0;0;0;0
"23/10/2022";"18:38:00";"258";"AC02 - Aci";"144+850";"BR-163/MS";"SUL";"Tombamento de moto";0;0;0;1;0;0;0;0;0;0;0;1;0;0;0
"23/10/2022";"19:29:00";"296";"AC02 - Aci";"614+216";"BR-163/MS";"NORTE";"Colisão - Transversal";2;0;0;0;0;0;0;0;0;0;7;1;0;0;0
"23/10/2022";"21:41:00";"310";"AC03 - Aci";"182+100";"BR-163/MS";"SUL";"Capotamento";1;0;0;0;0;0;0;0;0;0;3;0;0;0;0
"24/10/2022";"03:29:00";"16";"AC01 - Aci";"350+851";"BR-163/MS";"SUL";"Colisão - Frontal";0;0;0;0;1;0;0;0;0;1;10;14;2;1;3
"24/10/2022";"07:06:00";"48";"AC03 - Aci";"513+254";"BR-163/MS";"NORTE";;1;0;0;0;0;1;0;0;0;0;3;0;0;0;0
"24/10/2022";"09:09:00";"122";"AC03 - Aci";"476+710";"BR-163/MS";"NORTE";"Colisão - Transversal";2;0;0;0;0;0;0;0;0;0;2;0;0;0;0
"24/10/2022";"11:45:00";"181";"AC02 - Aci";"77+600";"BR-163/MS";"SUL";"Colisão - Transversal";0;0;0;1;0;0;0;0;0;1;1;1;0;0;0
"24/10/2022";"12:38:00";"195";"AC03 - Aci";"451+200";"BR-163/MS";"SUL";"Tombamento";0;0;1;0;0;2;0;0;0;0;3;0;0;0;0
"24/10/2022";"17:02:00";"282";"AC02 - Aci";"256+100";"BR-163/MS";"NORTE";"Tombamento de moto";0;0;0;1;0;0;0;0;0;0;0;0;1;0;0
"24/10/2022";"17:26:00";"287";"AC02 - Aci";"223+015";"BR-163/MS";"NORTE";"Colisão - Lateral";0;0;1;1;0;2;0;0;0;0;3;0;1;0;0
"24/10/2022";"17:53:00";"294";"AC02 - Aci";"205+789";"BR-163/MS";"SUL";"Choque com veículo na faixa de rolamento";0;1;0;0;0;1;0;0;0;0;1;0;1;0;0
"24/10/2022";"20:04:00";"317";"AC03 - Aci";"669+209";"BR-163/MS";"SUL";"Choque Defensa";0;0;0;0;0;0;0;0;0;1;1;0;0;0;0
"26/10/2022";"05:01:00";"45";"AC02 - Aci";"486+200";"BR-163/MS";"SUL";"Colisão - Traseira";1;0;0;0;0;0;0;0;0;1;3;0;1;0;0
"26/10/2022";"06:16:00";"59";"AC02 - Aci";"487+400";"BR-163/MS";"SUL";"Tombamento";0;0;0;0;0;2;0;0;0;0;1;1;0;0;0
"26/10/2022";"16:36:00";"309";"AC03 - Aci";"296+250";"BR-163/MS";"NORTE";"Colisão - Lateral";1;0;1;0;0;2;0;0;0;1;7;0;0;0;0
"26/10/2022";"18:37:00";"345";"AC02 - Aci";"20+800";"BR-163/MS";"SUL";"Colisão - Frontal";1;0;0;1;0;0;0;0;0;0;2;1;0;0;0
"26/10/2022";"22:04:00";"426";"AC02 - Aci";"400+500";"BR-163/MS";"SUL";"Tombamento de moto";0;0;0;1;0;0;0;0;0;0;0;2;0;0;0
"27/10/2022";"02:25:00";"10";"AC02 - Aci";"56+050";"BR-163/MS";"SUL";"Saída de pista";1;0;0;0;0;0;0;0;0;0;0;1;0;0;0
"27/10/2022";"03:20:00";"15";"AC02 - Aci";"424+265";"BR-163/MS";"NORTE";"Saída de pista";1;0;0;0;0;0;0;0;0;0;0;1;0;0;0
"27/10/2022";"04:59:00";"26";"AC02 - Aci";"616+985";"BR-163/MS";"NORTE";"Colisão - Transversal";0;0;0;1;0;0;0;0;0;1;1;1;0;0;0
"27/10/2022";"22:24:00";"328";"AC03 - Aci";"792+758";"BR-163/MS";"SUL";"Colisão - Traseira";0;0;1;0;0;4;0;0;0;0;5;0;0;0;0
"27/10/2022";"23:00:00";"333";"AC03 - Aci";"383+501";"BR-163/MS";"SUL";"Atropelamento de Animal";0;0;0;0;0;0;0;0;0;1;1;0;0;0;0
"28/10/2022";"02:05:00";"7";"AC02 - Aci";"587+500";"BR-163/MS";"NORTE";"Capotamento";0;0;0;0;0;0;0;0;0;1;0;0;1;0;0
"28/10/2022";"05:23:00";"18";"AC02 - Aci";"103+015";"BR-163/MS";"SUL";"Tombamento de moto";0;0;0;1;0;0;0;0;0;0;0;0;1;0;0