data;horario;n_da_ocorrencia;tipo_de_ocorrencia;km;trecho;sentido;tipo_de_acidente;automovel;bicicleta;caminhao;moto;onibus;outros;tracao_animal;transporte_de_cargas_especiais;trator_maquinas;utilitarios;ilesos;levemente_feridos;moderadamente_feridos;gravemente_feridos;mortos
"24/03/2023";"06:53:00";"54";"Acidente s";"38,882";"BR-163/MS";"SUL";"Colisão com veículos (traseira)";1;0;0;1;0;0;0;0;0;0;2;0;0;0;0
"24/03/2023";"08:58:00";"124";"Acidente s";"612,563";"BR-163/MS";"NORTE";"Colisão com veículos (traseira)";1;0;1;0;0;0;0;0;0;0;3;0;0;0;0
"24/03/2023";"13:11:00";"188";"Acidente s";"245,296";"BR-163/MS";"SUL";"Engavetamento";0;0;1;0;0;0;0;0;0;2;7;0;0;0;0
"25/03/2023";"04:44:00";"19";"Acidente s";"561,417";"BR-163/MS";"NORTE";"Saídas de pista";0;0;1;0;0;0;0;0;0;0;1;0;0;0;0
"25/03/2023";"13:29:00";"238";"Acidente s";"290,68";"BR-163/MS";"NORTE";"Saídas de pista";1;0;0;0;0;0;0;0;0;0;1;0;0;0;0
"25/03/2023";"22:21:00";"388";"Acidente s";"264,694";"BR-163/MS";"NORTE";"Tombamento de moto";0;0;0;1;0;0;0;0;0;0;1;0;0;0;0
"26/03/2023";"02:54:00";"16";"Acidente c";"833,576";"BR-163/MS";"NORTE";"Colisão com veículos (frontal)";1;0;1;0;0;1;0;0;0;0;1;1;0;0;3
"26/03/2023";"09:48:00";"96";"Acidente s";"437,79";"BR-163/MS";"NORTE";"Saídas de pista";1;0;1;0;0;0;0;0;0;0;6;0;0;0;0
"26/03/2023";"18:45:00";"246";"Acidente c";"266,922";"BR-163/MS";"NORTE";"Colisão c/ obstáculos";0;0;0;1;0;0;0;0;0;0;0;0;1;0;0
"26/03/2023";"21:57:00";"295";"Atropelame";"461,694";"BR-163/MS";"NORTE";"Atropelamento de pedestre";0;0;0;1;0;0;0;0;0;0;1;0;0;1;0
"27/03/2023";"05:39:00";"26";"Acidente s";"502,205";"BR-163/MS";"SUL";"Saídas de pista";1;0;0;0;0;0;0;0;0;0;1;0;0;0;0
"27/03/2023";"19:24:00";"234";"Acidente s";"835,743";"BR-163/MS";"SUL";"Atropelamento de animais";1;0;0;0;0;0;0;0;0;0;1;0;0;0;0
"27/03/2023";"19:30:00";"238";"Acidente s";"206,684";"BR-163/MS";"NORTE";"Tombamento";0;0;1;0;0;1;0;0;0;0;2;0;0;0;0
"28/03/2023";"07:10:00";"77";"Acidente s";"78,2";"BR-163/MS";"NORTE";"Colisão lateral no mesmo sentido";0;1;0;1;0;0;0;0;0;0;3;0;0;0;0
"28/03/2023";"11:48:00";"211";"Acidente s";"827,105";"BR-163/MS";"NORTE";"Colisão c/ obstáculos";0;0;1;0;0;0;0;0;0;0;1;0;0;0;0
"28/03/2023";"18:03:00";"318";"Acidente c";"6,952";"BR-163/MS";"NORTE";"Colisão c/ obstáculos";1;0;0;0;0;0;0;0;0;0;1;0;2;0;0
"29/03/2023";"13:25:00";"219";"Acidente c";"507,921";"BR-163/MS";"NORTE";"Saídas de pista";0;0;0;0;0;0;0;0;0;1;0;0;0;1;0
"29/03/2023";"19:13:00";"304";"Acidente c";"484,396";"BR-163/MS";"NORTE";"Colisão lateral no mesmo sentido";1;0;0;0;0;0;0;0;0;1;2;0;1;0;0
"30/03/2023";"06:23:00";"29";"Acidente c";"661,401";"BR-163/MS";"SUL";"Saídas de pista";0;0;1;0;0;2;0;0;0;0;2;1;0;0;0
"30/03/2023";"14:54:00";"275";"Acidente s";"487,487";"BR-163/MS";"NORTE";"Colisão lateral no sentido contrário";2;0;0;0;0;0;0;0;0;0;3;0;0;0;0
"30/03/2023";"14:55:00";"276";"Acidente s";"7,719";"BR-163/MS";"SUL";"Tombamento de moto";0;0;0;1;0;0;0;0;0;0;1;0;0;0;0
"30/03/2023";"16:42:00";"301";"Acidente s";"77,51";"BR-163/MS";"NORTE";"Colisão com veículos (traseira)";1;0;0;0;0;0;0;0;0;1;2;0;0;0;0
"30/03/2023";"21:38:00";"383";"Acidente s";"163,834";"BR-163/MS";"NORTE";"Atropelamento de animais";0;0;0;0;0;0;0;0;0;1;1;0;0;0;0
"31/03/2023";"02:31:00";"18";"Acidente s";"261,409";"BR-163/MS";"NORTE";"Atropelamento de animais";0;0;0;0;0;0;0;0;0;1;1;0;0;0;0
"31/03/2023";"10:51:00";"144";"Acidente c";"87,863";"BR-163/MS";"SUL";"Tombamento de moto";0;0;0;1;0;0;0;0;0;0;0;1;1;0;0
"31/03/2023";"15:42:00";"238";"Acidente s";"508,981";"BR-163/MS";"NORTE";"Saídas de pista";1;0;0;0;0;0;0;0;0;0;3;0;0;0;0
"31/03/2023";"19:08:00";"286";"Acidente s";"498,805";"BR-163/MS";"SUL";"Atropelamento de animais";1;0;0;0;0;0;0;0;0;0;2;0;0;0;0
"31/03/2023";"20:34:00";"299";"Acidente s";"761,627";"BR-163/MS";"SUL";"Atropelamento de animais";0;0;0;0;0;0;0;0;0;1;2;0;0;0;0
"01/04/2023";"02:04:00";"6";"Acidente s";"470,79";"BR-163/MS";"SUL";"Tombamento";0;0;1;0;0;0;0;0;0;0;1;0;0;0;0
"01/04/2023";"06:44:00";"32";"Acidente c";"273,21";"BR-163/MS";"SUL";"Colisão c/ obstáculos";0;0;0;0;0;0;0;0;0;1;0;0;1;0;0
"01/04/2023";"09:17:00";"93";"Acidente c";"470,97";"BR-163/MS";"NORTE";"Colisão lateral no mesmo sentido";1;0;0;1;0;0;0;0;0;0;4;1;0;0;0
"01/04/2023";"10:26:00";"119";"Acidente s";"546,634";"BR-163/MS";"NORTE";"Engavetamento";0;0;1;0;0;2;0;0;0;2;9;0;0;0;0
"01/04/2023";"10:48:00";"122";"Acidente c";"2,2";"BR-163/MS";"NORTE";"Tombamento de moto";0;0;0;1;0;0;0;0;0;0;1;1;0;0;0
"01/04/2023";"11:16:00";"125";"Acidente c";"503,94";"BR-163/MS";"NORTE";"Capotamento";1;0;0;0;0;0;0;0;0;0;0;0;1;0;0
"01/04/2023";"12:58:00";"148";"Acidente s";"239,554";"BR-163/MS";"NORTE";"Colisão com veículos (traseira)";0;0;0;0;0;0;0;0;0;3;4;0;0;0;0
"01/04/2023";"17:07:00";"198";"Acidente s";"137,33";"BR-163/MS";"SUL";"Colisão lateral no sentido contrário";0;0;1;0;0;0;0;0;0;1;2;0;0;0;0
"01/04/2023";"21:36:00";"263";"Acidente s";"398,8";"BR-163/MS";"SUL";"Atropelamento de animais";1;0;0;0;0;0;0;0;0;0;1;0;0;0;0
"02/04/2023";"15:28:00";"207";"Acidente c";"473,524";"BR-163/MS";"NORTE";"Tombamento de moto";0;0;0;1;0;0;0;0;0;0;0;2;0;0;0
"02/04/2023";"16:24:00";"218";"Acidente s";"40,486";"BR-163/MS";"NORTE";"Tombamento de moto";0;0;0;1;0;0;0;0;0;0;1;0;0;0;0
"02/04/2023";"16:53:00";"223";"Acidente c";"837,457";"BR-163/MS";"NORTE";"Tombamento de moto";0;0;0;1;0;0;0;0;0;0;0;1;0;0;0
"02/04/2023";"18:29:00";"247";"Acidente c";"493,26";"BR-163/MS";"NORTE";"Tombamento de moto";0;0;0;1;0;0;0;0;0;0;0;1;0;0;0
"02/04/2023";"21:14:00";"291";"Acidente c";"225,6";"BR-163/MS";"SUL";"Colisão c/ obstáculos";1;0;0;0;0;0;0;0;0;0;2;1;0;0;0
"03/04/2023";"03:26:00";"18";"Acidente c";"813,962";"BR-163/MS";"NORTE";"Tombamento de moto";0;0;0;1;0;0;0;0;0;0;0;1;0;0;0
"03/04/2023";"13:41:00";"188";"Acidente c";"460,828";"BR-163/MS";"NORTE";"Tombamento de moto";0;0;0;1;0;0;0;0;0;0;0;2;0;0;0
"03/04/2023";"14:45:00";"217";"Acidente s";"265,702";"BR-163/MS";"NORTE";"Colisão com veículos (traseira)";1;0;0;0;0;0;0;0;0;2;3;0;0;0;0
"03/04/2023";"23:40:00";"332";"Acidente c";"103,716";"BR-163/MS";"SUL";"Tombamento de moto";0;0;0;1;0;0;0;0;0;0;0;1;0;0;0
"04/04/2023";"04:05:00";"18";"Acidente s";"308,899";"BR-163/MS";"NORTE";"Saídas de pista";0;0;1;0;0;0;0;0;0;0;1;0;0;0;0
"05/04/2023";"01:44:00";"11";"Acidente s";"237,569";"BR-163/MS";"SUL";"Atropelamento de animais";1;0;0;0;0;0;0;0;0;0;1;0;0;0;0
"05/04/2023";"07:00:00";"44";"Acidente c";"267,859";"BR-163/MS";"SUL";"Tombamento de moto";0;0;0;1;0;0;0;0;0;0;0;1;0;0;0
"05/04/2023";"11:12:00";"161";"Acidente s";"374,185";"BR-163/MS";"NORTE";"Tombamento de moto";0;0;0;1;0;0;0;0;0;0;1;0;0;0;0
"05/04/2023";"18:00:00";"277";"Acidente s";"333,591";"BR-163/MS";"SUL";"Saídas de pista";1;0;0;0;0;0;0;0;0;0;4;0;0;0;0
"05/04/2023";"18:35:00";"287";"Acidente s";"3,9";"BR-163/MS";"SUL";"Colisão com veículos (traseira)";1;0;0;0;0;0;0;0;0;1;6;0;0;0;0
"06/04/2023";"10:04:00";"131";"Acidente s";"548,421";"BR-163/MS";"NORTE";"Colisão lateral no sentido contrário";1;0;0;0;0;0;0;0;0;1;3;0;0;0;0
"06/04/2023";"18:26:00";"313";"Acidente s";"485,153";"BR-163/MS";"NORTE";"Colisão com veículos (traseira)";1;0;1;0;0;0;0;0;0;0;3;0;0;0;0
"06/04/2023";"21:08:00";"379";"Atropelame";"679,339";"BR-163/MS";"SUL";"Atropelamento de pedestre";1;0;0;0;0;0;0;0;0;0;1;0;0;1;0
"07/04/2023";"07:26:00";"89";"Acidente c";"716,485";"BR-163/MS";"NORTE";"Tombamento de moto";0;0;0;1;0;0;0;0;0;0;0;0;1;0;0
"07/04/2023";"15:40:00";"235";"Acidente c";"482,291";"BR-163/MS";"NORTE";"Colisão com veículos (frontal)";1;0;1;0;0;2;0;0;0;0;3;0;0;0;1
"07/04/2023";"23:20:00";"357";"Acidente s";"316,725";"BR-163/MS";"NORTE";"Colisão c/ obstáculos";1;0;0;0;0;0;0;0;0;0;1;0;0;0;0
"07/04/2023";"23:21:00";"358";"Acidente s";"668,481";"BR-163/MS";"SUL";"Tombamento";0;0;1;0;0;2;0;0;0;0;3;0;0;0;0
"08/04/2023";"00:01:00";"1";"Acidente c";"668,48";"BR-163/MS";"SUL";"Colisão c/ obstáculos";0;0;0;1;0;0;0;0;0;0;0;1;0;0;0
"08/04/2023";"06:42:00";"38";"Acidente s";"342,53";"BR-163/MS";"SUL";"Saídas de pista";1;0;0;0;0;0;0;0;0;0;4;0;0;0;0
"08/04/2023";"08:53:00";"107";"Acidente s";"40,45";"BR-163/MS";"SUL";"Colisão lateral no mesmo sentido";1;0;1;0;0;1;0;0;0;0;5;0;0;0;0
"08/04/2023";"18:20:00";"279";"Acidente s";"538,3";"BR-163/MS";"NORTE";"Atropelamento de animais";1;0;0;0;0;0;0;0;0;0;2;0;0;0;0
"08/04/2023";"19:36:00";"319";"Atropelame";"53,568";"BR-163/MS";"SUL";"Atropelamento de pedestre";0;0;0;0;0;1;0;0;0;0;1;1;0;0;0
"09/04/2023";"01:56:00";"12";"Acidente c";"348,256";"BR-163/MS";"SUL";"Capotamento";0;0;0;0;0;0;0;0;0;1;0;1;0;0;0
"09/04/2023";"02:01:00";"13";"Acidente s";"495,538";"BR-163/MS";"SUL";"Tombamento de moto";0;0;0;1;0;0;0;0;0;0;1;0;0;0;0
"09/04/2023";"17:00:00";"220";"Acidente s";"225,42";"BR-163/MS";"NORTE";"Engavetamento";3;0;0;0;0;0;0;0;0;1;13;0;0;0;0
"09/04/2023";"17:59:00";"237";"Acidente s";"272,84";"BR-163/MS";"SUL";"Colisão lateral no mesmo sentido";1;0;0;0;0;1;0;0;0;0;5;0;0;0;0
"10/04/2023";"00:34:00";"3";"Acidente s";"389,37";"BR-163/MS";"SUL";"Atropelamento de animais";0;0;0;0;0;0;0;0;0;1;2;0;0;0;0
"10/04/2023";"02:49:00";"22";"Acidente c";"417,445";"BR-163/MS";"NORTE";"Saídas de pista";0;0;1;0;0;1;0;0;0;0;1;1;0;0;0
"10/04/2023";"07:27:00";"55";"Acidente s";"475,726";"BR-163/MS";"NORTE";"Engavetamento";2;0;0;0;0;1;0;0;0;0;3;0;0;0;0
"10/04/2023";"08:59:00";"118";"Acidente s";"418";"BR-163/MS";"NORTE";"Outros";0;0;1;0;0;0;0;0;0;0;1;0;0;0;0
"10/04/2023";"09:47:00";"131";"Acidente c";"399";"BR-163/MS";"NORTE";"Colisão lateral no sentido contrário";0;0;0;0;0;0;0;0;0;2;3;1;0;0;0
"10/04/2023";"21:28:00";"305";"Acidente s";"238,251";"BR-163/MS";"SUL";"Atropelamento de animais";0;0;0;0;0;0;0;0;0;1;2;0;0;0;0
"11/04/2023";"03:41:00";"14";"Acidente s";"339,5";"BR-163/MS";"NORTE";"Atropelamento de animais";0;0;0;0;0;0;0;0;0;1;1;0;0;0;0
"11/04/2023";"18:37:00";"289";"Acidente c";"462,829";"BR-163/MS";"NORTE";"Colisão lateral no sentido contrário";1;0;0;1;0;0;0;0;0;0;2;0;1;0;0
"11/04/2023";"20:41:00";"325";"Acidente c";"481,909";"BR-163/MS";"NORTE";"Colisão com veículos (traseira)";0;0;2;0;0;1;0;0;0;0;3;0;1;0;0
"11/04/2023";"20:45:00";"326";"Acidente s";"586,86";"BR-163/MS";"SUL";"Atropelamento de animais";1;0;0;0;0;0;0;0;0;0;2;0;0;0;0
"11/04/2023";"21:25:00";"333";"Acidente s";"283,94";"BR-163/MS";"SUL";"Tombamento";0;0;2;0;0;4;0;0;0;0;6;0;0;0;0
"12/04/2023";"09:46:00";"154";"Acidente s";"155,668";"BR-163/MS";"SUL";"Tombamento";0;0;1;0;0;0;0;0;0;0;2;0;0;0;0
"12/04/2023";"18:46:00";"351";"Acidente c";"479,242";"BR-163/MS";"SUL";"Tombamento de moto";0;0;0;1;0;0;0;0;0;0;0;0;1;0;0
"13/04/2023";"07:10:00";"40";"Acidente s";"477,725";"BR-163/MS";"NORTE";"Colisão com veículos (traseira)";0;0;2;0;0;3;0;0;0;0;5;0;0;0;0
"13/04/2023";"15:47:00";"253";"Acidente c";"114,68";"BR-163/MS";"SUL";"Colisão com veículos (traseira)";1;0;0;0;0;0;0;0;0;1;3;1;0;0;0
"13/04/2023";"16:37:00";"268";"Acidente s";"136,919";"BR-163/MS";"SUL";"Saídas de pista";1;0;0;0;0;0;0;0;0;0;1;0;0;0;0
"13/04/2023";"22:18:00";"348";"Acidente c";"266,989";"BR-163/MS";"NORTE";"Tombamento de moto";0;0;0;1;0;0;0;0;0;0;0;1;0;0;0
"14/04/2023";"05:35:00";"19";"Acidente c";"609,693";"BR-163/MS";"SUL";"Tombamento de moto";0;0;0;1;0;1;0;0;0;0;2;1;0;0;0
"14/04/2023";"11:14:00";"167";"Acidente c";"680,893";"BR-163/MS";"NORTE";"Colisão lateral no sentido contrário";0;1;0;1;0;0;0;0;0;0;3;1;0;0;0
"14/04/2023";"12:10:00";"181";"Acidente s";"401,575";"BR-163/MS";"SUL";"Colisão com veículos (traseira)";1;0;0;0;0;0;0;0;0;1;3;0;0;0;0
"14/04/2023";"12:27:00";"184";"Acidente c";"253,257";"BR-163/MS";"NORTE";"Tombamento de moto";0;0;0;1;0;0;0;0;0;0;0;0;1;0;0
"14/04/2023";"22:39:00";"374";"Acidente c";"16,569";"BR-163/MS";"SUL";"Tombamento de moto";0;0;0;1;0;0;0;0;0;0;0;1;0;0;0
"15/04/2023";"03:04:00";"14";"Acidente s";"452,116";"BR-163/MS";"SUL";"Atropelamento de animais";1;0;0;0;0;0;0;0;0;0;1;0;0;0;0
"15/04/2023";"04:32:00";"19";"Acidente c";"500,11";"BR-163/MS";"NORTE";"Capotamento";1;0;0;0;0;0;0;0;0;0;0;1;0;0;0
"16/04/2023";"00:13:00";"2";"Acidente s";"436,134";"BR-163/MS";"NORTE";"Atropelamento de animais";0;0;0;0;0;0;0;0;0;1;2;0;0;0;0
"16/04/2023";"03:33:00";"16";"Acidente s";"626,196";"BR-163/MS";"SUL";"Colisão c/ obstáculos";1;0;0;0;0;0;0;0;0;0;1;0;0;0;0
"16/04/2023";"07:59:00";"72";"Acidente s";"4,5";"BR-163/MS";"NORTE";"Colisão com veículos (traseira)";1;0;0;0;0;0;0;0;0;1;6;0;0;0;0
"16/04/2023";"12:30:00";"143";"Acidente c";"643,771";"BR-163/MS";"NORTE";"Capotamento";0;0;0;0;0;0;0;0;0;1;0;3;0;0;0
"16/04/2023";"18:43:00";"242";"Acidente c";"529,137";"BR-163/MS";"NORTE";"Colisão c/ obstáculos";0;0;0;0;0;0;0;0;0;1;1;1;0;0;0
"16/04/2023";"19:45:00";"276";"Acidente s";"495,309";"BR-163/MS";"SUL";"Colisão c/ obstáculos";1;0;0;0;0;0;0;0;0;0;2;0;0;0;0
"16/04/2023";"20:13:00";"278";"Acidente s";"559,8";"BR-163/MS";"NORTE";"Saídas de pista";0;0;0;0;0;0;0;0;0;1;2;0;0;0;0
"16/04/2023";"23:01:00";"288";"Acidente s";"262,579";"BR-163/MS";"SUL";"Colisão c/ obstáculos";0;0;0;0;0;0;0;0;0;1;1;0;0;0;0
"16/04/2023";"23:39:00";"289";"Acidente s";"677,24";"BR-163/MS";"NORTE";"Tombamento";0;0;1;0;0;1;0;0;0;0;2;0;0;0;0
"17/04/2023";"09:18:00";"123";"Acidente c";"18,3";"BR-163/MS";"NORTE";"Tombamento de moto";0;0;0;1;0;1;0;0;0;0;1;1;0;0;0
"17/04/2023";"12:17:00";"199";"Acidente s";"578,585";"BR-163/MS";"NORTE";"Saídas de pista";1;0;0;0;0;0;0;0;0;0;1;0;0;0;0
"17/04/2023";"13:55:00";"214";"Acidente s";"753,1";"BR-163/MS";"NORTE";"Colisão com veículos (traseira)";1;0;1;0;0;0;0;0;0;0;3;0;0;0;0
"17/04/2023";"14:00:00";"215";"Atropelame";"475,101";"BR-163/MS";"NORTE";"Atropelamento de pedestre";0;0;1;0;0;2;0;0;0;0;3;0;0;0;1
"17/04/2023";"17:42:00";"263";"Acidente c";"548,332";"BR-163/MS";"SUL";"Tombamento de moto";0;0;0;1;0;0;0;0;0;0;0;1;0;0;0
"17/04/2023";"17:49:00";"265";"Acidente s";"260,699";"BR-163/MS";"NORTE";"Saídas de pista";1;0;0;0;0;0;0;0;0;0;1;0;0;0;0
"17/04/2023";"18:57:00";"275";"Acidente c";"256";"BR-163/MS";"SUL";"Colisão c/ obstáculos";1;0;0;0;0;1;0;0;0;0;1;1;0;0;0
"17/04/2023";"20:23:00";"315";"Acidente c";"615,651";"BR-163/MS";"SUL";"Colisão lateral no sentido contrário";1;0;0;1;0;0;0;0;0;0;1;1;0;0;0
"18/04/2023";"01:48:00";"6";"Acidente s";"179";"BR-163/MS";"SUL";"Engavetamento";1;0;0;0;0;2;0;0;0;0;5;0;0;0;0
"18/04/2023";"12:43:00";"182";"Acidente s";"270,101";"BR-163/MS";"SUL";"Colisão com veículos (traseira)";0;0;1;0;0;0;0;0;0;1;2;0;0;0;0
"18/04/2023";"20:54:00";"283";"Acidente c";"89,435";"BR-163/MS";"SUL";"Saídas de pista";0;0;0;0;0;0;0;0;0;1;5;1;0;0;0
"18/04/2023";"23:35:00";"298";"Acidente s";"688,456";"BR-163/MS";"SUL";"Atropelamento de animais";1;0;0;0;0;0;0;0;0;0;1;0;0;0;0
"19/04/2023";"06:13:00";"28";"Acidente s";"821,703";"BR-163/MS";"SUL";"Colisão c/ obstáculos";0;0;0;0;0;0;0;0;0;1;3;0;0;0;0
"19/04/2023";"17:41:00";"229";"Acidente c";"486";"BR-163/MS";"NORTE";"Colisão lateral no mesmo sentido";1;0;0;1;0;0;0;0;0;0;1;0;2;0;0
"19/04/2023";"18:38:00";"240";"Acidente s";"767,5";"BR-163/MS";"SUL";"Atropelamento de animais";0;0;0;0;0;0;0;0;0;1;2;0;0;0;0
"20/04/2023";"04:13:00";"10";"Acidente c";"614,8";"BR-163/MS";"NORTE";"Colisão lateral no sentido contrário";1;0;0;1;0;0;0;0;0;0;1;1;0;0;0
"20/04/2023";"06:55:00";"43";"Acidente s";"256,3";"BR-163/MS";"NORTE";"Colisão lateral no sentido contrário";0;0;2;0;0;1;0;0;0;0;3;0;0;0;0
"20/04/2023";"07:04:00";"45";"Acidente s";"776,787";"BR-163/MS";"SUL";"Colisão com veículos (traseira)";0;0;2;0;0;2;0;0;0;0;4;0;0;0;0
"20/04/2023";"10:34:00";"133";"Acidente s";"251,851";"BR-163/MS";"NORTE";"Colisão com veículos (traseira)";1;0;0;0;0;0;0;0;0;1;11;0;0;0;0
"20/04/2023";"14:32:00";"194";"Acidente s";"337,82";"BR-163/MS";"NORTE";"Saídas de pista";1;0;0;0;0;0;0;0;0;0;1;0;0;0;0
"20/04/2023";"17:02:00";"293";"Acidente c";"184,149";"BR-163/MS";"NORTE";"Colisão com veículos (frontal)";1;0;2;0;0;3;0;0;0;2;9;0;1;1;0
"20/04/2023";"18:17:00";"304";"Acidente c";"477,228";"BR-163/MS";"SUL";"Tombamento de moto";0;0;0;1;0;0;0;0;0;0;0;1;0;0;0
"20/04/2023";"23:20:00";"360";"Acidente s";"528,626";"BR-163/MS";"SUL";"Tombamento de moto";0;0;0;1;0;0;0;0;0;0;2;0;0;0;0
"20/04/2023";"23:57:00";"365";"Acidente s";"749,8";"BR-163/MS";"NORTE";"Atropelamento de animais";1;0;0;0;0;0;0;0;0;0;5;0;0;0;0
"21/04/2023";"04:23:00";"11";"Acidente s";"348,524";"BR-163/MS";"NORTE";"Saídas de pista";1;0;0;0;0;0;0;0;0;0;3;0;0;0;0
"21/04/2023";"13:54:00";"211";"Acidente c";"248,233";"BR-163/MS";"NORTE";"Saídas de pista";0;0;0;0;0;0;0;0;0;1;0;1;0;0;0
"21/04/2023";"17:13:00";"254";"Acidente s";"621,87";"BR-163/MS";"NORTE";"Capotamento";0;0;1;0;0;3;0;0;0;2;10;0;0;0;0
"21/04/2023";"18:20:00";"266";"Acidente s";"533,794";"BR-163/MS";"SUL";"Colisão com veículos (traseira)";1;0;1;0;0;1;0;0;0;0;6;0;0;0;0
"21/04/2023";"18:42:00";"293";"Acidente s";"260,5";"BR-163/MS";"NORTE";"Outros";1;0;0;0;0;0;0;0;0;0;1;0;0;0;0
"21/04/2023";"20:05:00";"332";"Acidente s";"365,231";"BR-163/MS";"NORTE";"Engavetamento";1;0;0;0;0;0;0;0;0;2;8;0;0;0;0
"21/04/2023";"20:15:00";"336";"Acidente c";"265,5";"BR-163/MS";"NORTE";"Tombamento de moto";0;0;0;1;0;0;0;0;0;0;0;1;0;0;0
"22/04/2023";"04:28:00";"9";"Acidente s";"257,666";"BR-163/MS";"NORTE";"Colisão com veículos (traseira)";2;0;0;0;0;0;0;0;0;1;3;0;0;0;0
"22/04/2023";"11:03:00";"128";"Acidente c";"497,462";"BR-163/MS";"NORTE";"Tombamento de moto";0;0;0;1;0;0;0;0;0;0;0;1;0;0;0
"22/04/2023";"19:50:00";"273";"Acidente s";"158,982";"BR-163/MS";"SUL";"Colisão c/ obstáculos";0;0;0;0;0;0;0;0;0;1;1;0;0;0;0
"23/04/2023";"10:43:00";"116";"Acidente c";"742,898";"BR-163/MS";"NORTE";"Tombamento";0;0;1;0;0;1;0;0;0;0;1;1;0;0;0
"23/04/2023";"14:49:00";"185";"Acidente c";"712,668";"BR-163/MS";"NORTE";"Colisão com veículos (traseira)";0;0;2;0;0;0;0;0;0;0;1;0;1;0;0
"23/04/2023";"16:42:00";"234";"Acidente c";"419,7";"BR-163/MS";"NORTE";"Colisão com veículos (traseira)";1;0;0;0;0;0;0;0;0;1;3;1;0;0;0
"23/04/2023";"20:05:00";"306";"Acidente c";"501,12";"BR-163/MS";"SUL";"Atropelamento de animais";1;0;0;0;0;0;0;0;0;0;3;1;0;0;0
"24/04/2023";"11:00:00";"193";"Acidente s";"265,726";"BR-163/MS";"SUL";"Engavetamento";1;0;0;0;0;0;0;0;0;2;7;0;0;0;0
"24/04/2023";"11:12:00";"196";"Atropelame";"8,943";"BR-163/MS";"SUL";"Atropelamento de pedestre";0;0;1;0;0;0;0;0;0;0;1;0;0;1;0
"24/04/2023";"15:07:00";"237";"Acidente c";"128,752";"BR-163/MS";"SUL";"Tombamento de moto";0;0;0;1;0;0;0;0;0;0;0;1;0;0;0
"24/04/2023";"17:29:00";"265";"Acidente s";"266,859";"BR-163/MS";"SUL";"Colisão c/ obstáculos";1;0;0;0;0;0;0;0;0;0;1;0;0;0;0
"24/04/2023";"18:32:00";"274";"Acidente c";"485,63";"BR-163/MS";"SUL";"Colisão com veículos (traseira)";0;0;0;2;0;0;0;0;0;0;1;1;0;0;0
"25/04/2023";"06:46:00";"30";"Acidente s";"69,169";"BR-163/MS";"SUL";"Saídas de pista";0;0;1;0;0;1;0;0;0;0;2;0;0;0;0
"25/04/2023";"06:47:00";"31";"Acidente s";"479";"BR-163/MS";"NORTE";"Colisão com veículos (traseira)";0;0;1;1;0;0;0;0;0;0;2;0;0;0;0
"25/04/2023";"11:46:00";"176";"Acidente s";"647,284";"BR-163/MS";"SUL";"Saídas de pista";1;0;0;0;0;0;0;0;0;0;1;0;0;0;0
"25/04/2023";"13:06:00";"190";"Acidente c";"449,621";"BR-163/MS";"SUL";"Colisão lateral no mesmo sentido";0;0;2;0;0;0;0;0;0;0;2;1;0;0;0
"26/04/2023";"01:59:00";"13";"Acidente c";"321,574";"BR-163/MS";"SUL";"Colisão c/ obstáculos";1;0;0;0;0;0;0;0;0;0;0;0;0;1;0
"26/04/2023";"13:25:00";"216";"Acidente s";"220,517";"BR-163/MS";"SUL";"Saídas de pista";0;0;1;0;0;0;0;0;0;0;2;0;0;0;0
"26/04/2023";"14:27:00";"235";"Acidente s";"577,798";"BR-163/MS";"SUL";"Tombamento";0;0;1;0;0;2;0;0;0;0;3;0;0;0;0
"26/04/2023";"15:32:00";"255";"Acidente s";"581,9";"BR-163/MS";"SUL";"Saídas de pista";0;0;0;0;0;0;0;0;0;1;1;0;0;0;0
"26/04/2023";"15:54:00";"264";"Acidente s";"2,392";"BR-163/MS";"NORTE";"Colisão com veículos (traseira)";1;0;0;0;0;1;0;0;0;0;2;0;0;0;0
"26/04/2023";"17:21:00";"286";"Acidente s";"486,5";"BR-163/MS";"NORTE";"Colisão com veículos (frontal)";2;0;0;0;0;0;0;0;0;0;5;0;0;0;0
"26/04/2023";"17:50:00";"292";"Acidente s";"509,2";"BR-163/MS";"SUL";"Saídas de pista";1;0;0;0;0;0;0;0;0;0;1;0;0;0;0
"26/04/2023";"22:45:00";"352";"Acidente s";"487,505";"BR-163/MS";"NORTE";"Saídas de pista";0;0;1;0;0;0;0;0;0;0;1;0;0;0;0
"27/04/2023";"01:19:00";"7";"Acidente s";"763,774";"BR-163/MS";"SUL";"Atropelamento de animais";1;0;0;0;0;0;0;0;0;0;1;0;0;0;0
"27/04/2023";"06:15:00";"20";"Acidente s";"466,375";"BR-163/MS";"SUL";"Colisão lateral no mesmo sentido";1;0;0;0;0;1;0;0;0;0;4;0;0;0;0
"27/04/2023";"08:56:00";"115";"Acidente s";"680,426";"BR-163/MS";"NORTE";"Colisão lateral no sentido contrário";0;0;1;0;0;0;0;0;0;1;4;0;0;0;0
"27/04/2023";"15:13:00";"206";"Acidente s";"548,776";"BR-163/MS";"SUL";"Colisão lateral no sentido contrário";2;0;0;0;0;0;0;0;0;0;4;0;0;0;0
"27/04/2023";"17:33:00";"237";"Acidente s";"634,598";"BR-163/MS";"NORTE";"Outros";1;0;0;0;0;1;0;0;0;0;2;0;0;0;0