data;horario;n_da_ocorrencia;tipo_de_ocorrencia;km;trecho;sentido;tipo_de_acidente;automovel;bicicleta;caminhao;moto;onibus;outros;tracao_animal;transporte_de_cargas_especiais;trator_maquinas;utilitarios;ilesos;levemente_feridos;moderadamente_feridos;gravemente_feridos;mortos
"05/06/2023";"04:11:00";"11";"Acidente s";"484,313";"BR-163/MS";"NORTE";"Engavetamento";1;0;1;1;0;2;0;0;0;0;6;0;0;0;0
"05/06/2023";"20:41:00";"321";"Acidente c";"238,11";"BR-163/MS";"NORTE";"Tombamento de moto";0;0;0;1;0;0;0;0;0;0;0;1;0;0;0
"06/06/2023";"07:33:00";"63";"Acidente c";"137,6";"BR-163/MS";"NORTE";"Colisão com veículos (frontal)";0;0;1;0;0;2;0;0;0;1;3;1;1;0;0
"06/06/2023";"10:16:00";"138";"Acidente s";"1,9";"BR-163/MS";"NORTE";"Colisão com veículos (traseira)";0;0;0;0;0;0;0;0;0;2;4;0;0;0;0
"06/06/2023";"11:44:00";"157";"Acidente s";"263,632";"BR-163/MS";"NORTE";"Colisão com veículos (traseira)";1;0;0;0;0;0;0;0;0;1;2;0;0;0;0
"07/06/2023";"00:00:00";"3";"Acidente s";"749,2";"BR-163/MS";"SUL";"Capotamento";1;0;0;0;0;0;0;0;0;0;1;0;0;0;0
"07/06/2023";"00:27:00";"4";"Acidente c";"150,69";"BR-163/MS";"NORTE";"Colisão c/ obstáculos";0;0;1;0;0;0;0;0;0;1;1;1;0;0;0
"07/06/2023";"00:27:00";"30";"Acidente s";"150,699";"BR-163/MS";"NORTE";"Tombamento";0;0;1;0;0;0;0;0;0;0;1;0;0;0;0
"07/06/2023";"01:13:00";"9";"Acidente s";"726,296";"BR-163/MS";"NORTE";"Saídas de pista";1;0;0;0;0;0;0;0;0;0;1;0;0;0;0
"07/06/2023";"02:16:00";"15";"Acidente c";"49,801";"BR-163/MS";"SUL";"Tombamento";0;0;1;0;0;1;0;0;0;0;1;1;0;0;0
"07/06/2023";"03:35:00";"23";"Acidente s";"150,575";"BR-163/MS";"SUL";"Tombamento";0;0;1;0;0;2;0;0;0;0;3;0;0;0;0
"07/06/2023";"05:58:00";"34";"Acidente c";"481,677";"BR-163/MS";"NORTE";"Colisão com veículos (traseira)";0;1;0;1;0;0;0;0;0;0;1;1;0;0;0
"07/06/2023";"09:00:00";"108";"Acidente c";"790,5";"BR-163/MS";"NORTE";"Capotamento";1;0;0;0;0;0;0;0;0;0;0;1;0;0;0
"07/06/2023";"09:17:00";"113";"Acidente s";"147,141";"BR-163/MS";"SUL";"Colisão com veículos (traseira)";0;0;1;0;0;2;0;0;0;0;3;0;0;0;0
"07/06/2023";"13:08:00";"179";"Acidente c";"479,979";"BR-163/MS";"SUL";"Tombamento de moto";0;0;0;1;0;0;0;0;0;0;0;1;0;0;0
"07/06/2023";"17:21:00";"230";"Acidente s";"281,239";"BR-163/MS";"SUL";"Colisão lateral no mesmo sentido";0;0;1;0;0;0;0;0;0;1;2;0;0;0;0
"07/06/2023";"17:26:00";"232";"Acidente c";"258,931";"BR-163/MS";"NORTE";"Colisão lateral no mesmo sentido";0;1;0;1;0;0;0;0;0;0;1;0;1;0;0
"08/06/2023";"04:43:00";"21";"Acidente s";"459,77";"BR-163/MS";"SUL";"Tombamento";0;0;1;0;0;2;0;0;0;0;7;0;0;0;0
"08/06/2023";"06:43:00";"50";"Acidente s";"491,358";"BR-163/MS";"SUL";"Tombamento de moto";0;0;0;1;0;0;0;0;0;0;1;0;0;0;0
"08/06/2023";"15:08:00";"267";"Acidente c";"576,796";"BR-163/MS";"NORTE";"Colisão com veículos (traseira)";1;0;0;0;0;0;0;0;0;1;0;3;0;0;0
"08/06/2023";"19:40:00";"330";"Acidente c";"500,464";"BR-163/MS";"NORTE";"Colisão com veículos (traseira)";0;0;1;2;0;0;0;0;0;0;1;1;1;0;0
"09/06/2023";"00:35:00";"3";"Acidente s";"821,605";"BR-163/MS";"SUL";"Saídas de pista";0;0;1;0;0;1;0;0;0;0;3;0;0;0;0
"09/06/2023";"03:05:00";"12";"Acidente s";"520,534";"BR-163/MS";"NORTE";"Colisão c/ obstáculos";0;0;1;0;0;0;0;0;0;0;1;0;0;0;0
"09/06/2023";"03:45:00";"13";"Acidente c";"36,789";"BR-163/MS";"NORTE";"Colisão c/ obstáculos";1;0;0;0;0;0;0;0;0;0;0;1;0;0;0
"09/06/2023";"08:11:00";"81";"Acidente c";"463,419";"BR-163/MS";"NORTE";"Atropelamento de animais";0;0;0;1;0;0;0;0;0;0;0;0;1;0;0
"09/06/2023";"12:17:00";"171";"Acidente s";"256,52";"BR-163/MS";"NORTE";"Colisão com veículos (traseira)";0;0;0;0;1;0;0;0;0;1;9;0;0;0;0
"09/06/2023";"14:00:00";"193";"Acidente c";"615,655";"BR-163/MS";"SUL";"Colisão lateral no sentido contrário";0;0;0;1;0;0;0;0;0;1;1;0;1;0;0
"09/06/2023";"18:02:00";"245";"Acidente s";"825,901";"BR-163/MS";"SUL";"Atropelamento de animais";1;0;0;0;0;0;0;0;0;0;4;0;0;0;0
"09/06/2023";"18:43:00";"254";"Acidente s";"278,77";"BR-163/MS";"NORTE";"Atropelamento de animais";1;0;0;0;0;0;0;0;0;0;1;0;0;0;0
"10/06/2023";"00:46:00";"1";"Acidente s";"206,624";"BR-163/MS";"SUL";"Tombamento";1;0;0;0;0;0;0;0;0;0;3;0;0;0;0
"10/06/2023";"07:52:00";"66";"Acidente s";"134,836";"BR-163/MS";"NORTE";"Capotamento";1;0;0;0;0;0;0;0;0;0;2;0;0;0;0
"11/06/2023";"13:23:00";"160";"Acidente c";"36,913";"BR-163/MS";"NORTE";"Colisão com veículos (frontal)";2;0;2;0;0;4;0;0;0;1;9;0;1;0;2
"11/06/2023";"16:14:00";"228";"Acidente c";"484,381";"BR-163/MS";"SUL";"Colisão lateral no mesmo sentido";3;0;0;0;0;0;0;0;0;0;0;8;2;0;0
"11/06/2023";"20:32:00";"306";"Acidente c";"615,381";"BR-163/MS";"SUL";"Colisão lateral no sentido contrário";1;0;0;1;0;0;0;0;0;0;5;1;0;0;0
"12/06/2023";"03:18:00";"9";"Acidente c";"626,685";"BR-163/MS";"SUL";"Tombamento";0;0;0;0;1;0;0;0;0;0;4;21;1;1;1
"12/06/2023";"07:13:00";"60";"Acidente c";"478,9";"BR-163/MS";"NORTE";"Colisão lateral no sentido contrário";1;0;0;1;0;0;0;0;0;0;1;1;0;0;0
"12/06/2023";"10:38:00";"120";"Acidente s";"80,967";"BR-163/MS";"NORTE";"Atropelamento de animais";1;0;0;0;0;0;0;0;0;0;4;0;0;0;0
"12/06/2023";"20:17:00";"235";"Acidente s";"313,632";"BR-163/MS";"SUL";"Saídas de pista";1;0;0;0;0;0;0;0;0;0;3;0;0;0;0
"12/06/2023";"22:19:00";"244";"Acidente s";"529,109";"BR-163/MS";"SUL";"Saídas de pista";1;0;0;0;0;0;0;0;0;0;1;0;0;0;0
"13/06/2023";"08:47:00";"94";"Acidente s";"608,869";"BR-163/MS";"NORTE";"Colisão lateral no mesmo sentido";1;0;1;0;0;1;0;0;0;0;3;0;0;0;0
"13/06/2023";"21:42:00";"256";"Acidente c";"492,851";"BR-163/MS";"SUL";"Colisão com veículos (frontal)";1;0;1;0;0;0;0;0;0;0;1;1;0;1;0
"13/06/2023";"22:10:00";"259";"Acidente c";"291,493";"BR-163/MS";"SUL";"Capotamento";0;0;1;0;0;0;0;0;0;0;0;1;0;0;0
"14/06/2023";"01:06:00";"3";"Acidente s";"716,762";"BR-163/MS";"SUL";"Atropelamento de animais";0;0;0;0;0;0;0;0;0;1;1;0;0;0;0
"14/06/2023";"08:25:00";"79";"Acidente s";"477,935";"BR-163/MS";"NORTE";"Colisão lateral no sentido contrário";2;0;0;0;0;0;0;0;0;0;2;0;0;0;0
"15/06/2023";"23:19:00";"321";"Atropelame";"311,32";"BR-163/MS";"SUL";"Atropelamento de pedestre";1;0;0;0;0;0;0;0;0;0;3;2;0;0;1
"16/06/2023";"04:28:00";"54";"Acidente s";"577,534";"BR-163/MS";"SUL";"Tombamento";0;0;1;0;0;1;0;0;0;0;2;0;0;0;0
"16/06/2023";"11:38:00";"204";"Acidente c";"264,275";"BR-163/MS";"NORTE";"Tombamento de moto";0;0;0;1;0;0;0;0;0;0;1;1;0;0;0
"16/06/2023";"15:03:00";"260";"Acidente s";"700,1";"BR-163/MS";"NORTE";"Colisão com veículos (traseira)";0;0;0;0;0;0;0;0;0;2;4;0;0;0;0
"17/06/2023";"10:25:00";"166";"Acidente s";"603,902";"BR-163/MS";"SUL";"Colisão lateral no mesmo sentido";1;0;0;0;0;0;0;0;0;1;2;0;0;0;0
"17/06/2023";"17:36:00";"287";"Acidente c";"478,69";"BR-163/MS";"SUL";"Outros";0;1;0;0;0;0;0;0;0;0;0;1;0;0;0
"18/06/2023";"04:03:00";"18";"Acidente s";"668,126";"BR-163/MS";"SUL";"Atropelamento de animais";0;0;0;0;0;0;0;0;0;1;3;0;0;0;0
"18/06/2023";"05:23:00";"27";"Acidente s";"564,565";"BR-163/MS";"SUL";"Saídas de pista";1;0;0;0;0;0;0;0;0;0;2;0;0;0;0
"18/06/2023";"10:11:00";"146";"Acidente s";"147,818";"BR-163/MS";"NORTE";"Colisão com veículos (traseira)";1;0;0;0;0;0;0;0;0;1;4;0;0;0;0
"18/06/2023";"15:09:00";"228";"Acidente c";"490,536";"BR-163/MS";"SUL";"Tombamento de moto";0;0;0;1;0;0;0;0;0;0;0;1;0;0;0
"18/06/2023";"19:46:00";"297";"Acidente s";"266,951";"BR-163/MS";"SUL";"Colisão c/ obstáculos";1;0;0;0;0;0;0;0;0;0;1;0;0;0;0
"18/06/2023";"22:05:00";"401";"Acidente s";"92,893";"BR-163/MS";"SUL";"Colisão com veículos (traseira)";1;0;1;0;0;0;0;0;0;0;5;0;0;0;0
"19/06/2023";"07:13:00";"60";"Acidente s";"258,6";"BR-163/MS";"NORTE";"Colisão lateral no mesmo sentido";0;0;0;1;0;1;0;0;0;0;2;0;0;0;0
"19/06/2023";"10:09:00";"148";"Acidente s";"399,36";"BR-163/MS";"NORTE";"Colisão com veículos (traseira)";0;0;1;0;0;0;0;0;0;1;2;0;0;0;0
"19/06/2023";"15:23:00";"225";"Acidente s";"189,106";"BR-163/MS";"SUL";"Capotamento";1;0;0;0;0;0;0;0;0;0;1;0;0;0;0
"20/06/2023";"09:02:00";"113";"Acidente c";"35,421";"BR-163/MS";"NORTE";"Colisão com veículos (traseira)";0;0;0;0;0;0;0;0;0;2;1;1;0;0;0
"20/06/2023";"18:08:00";"247";"Acidente s";"475,809";"BR-163/MS";"NORTE";"Engavetamento";1;0;1;0;0;1;0;0;0;1;4;0;0;0;0
"21/06/2023";"06:01:00";"25";"Acidente c";"503,725";"BR-163/MS";"SUL";"Colisão c/ obstáculos";1;0;0;0;0;0;0;0;0;0;1;1;0;0;0
"21/06/2023";"10:45:00";"174";"Acidente s";"62,394";"BR-163/MS";"NORTE";"Colisão c/ obstáculos";0;0;0;0;0;1;0;0;0;1;4;0;0;0;0
"21/06/2023";"14:03:00";"237";"Acidente s";"423,8";"BR-163/MS";"NORTE";"Colisão com veículos (traseira)";0;0;0;0;0;0;0;0;0;2;5;0;0;0;0
"21/06/2023";"17:39:00";"300";"Acidente c";"486,322";"BR-163/MS";"SUL";"Colisão com veículos (traseira)";1;0;0;1;0;0;0;0;0;0;0;2;0;0;0
"21/06/2023";"18:18:00";"307";"Acidente s";"225,1";"BR-163/MS";"NORTE";"Colisão c/ obstáculos";1;0;0;0;0;0;0;0;0;0;2;0;0;0;0
"21/06/2023";"19:20:00";"322";"Acidente s";"507,114";"BR-163/MS";"NORTE";"Atropelamento de animais";0;0;0;0;0;0;0;0;0;1;1;0;0;0;0
"22/06/2023";"05:49:00";"21";"Acidente s";"556,631";"BR-163/MS";"NORTE";"Colisão lateral no mesmo sentido";0;0;1;0;0;0;0;0;0;0;2;0;0;0;0
"22/06/2023";"17:39:00";"279";"Acidente c";"25,796";"BR-163/MS";"SUL";"Colisão lateral no sentido contrário";1;0;1;0;0;1;0;0;0;0;2;1;0;0;0
"22/06/2023";"23:54:00";"418";"Acidente s";"174,945";"BR-163/MS";"SUL";"Capotamento";1;0;0;0;0;0;0;0;0;0;2;0;0;0;0
"23/06/2023";"06:37:00";"18";"Acidente c";"475,762";"BR-163/MS";"NORTE";"Colisão lateral no sentido contrário";1;0;0;1;0;0;0;0;0;0;1;0;1;0;0
"23/06/2023";"12:29:00";"193";"Acidente s";"271,655";"BR-163/MS";"NORTE";"Saídas de pista";1;0;0;0;0;0;0;0;0;0;1;0;0;0;0
"23/06/2023";"13:30:00";"214";"Acidente c";"491,481";"BR-163/MS";"NORTE";"Colisão lateral no sentido contrário";0;0;0;0;0;0;0;0;0;2;2;2;0;0;0
"23/06/2023";"17:09:00";"280";"Acidente s";"545,766";"BR-163/MS";"NORTE";"Colisão com veículos (traseira)";0;0;0;0;0;0;0;0;0;2;4;0;0;0;0
"23/06/2023";"18:01:00";"292";"Acidente s";"479,546";"BR-163/MS";"SUL";"Colisão com veículos (traseira)";0;0;1;0;1;0;0;0;0;0;11;0;0;0;0
"23/06/2023";"18:59:00";"303";"Acidente s";"13,212";"BR-163/MS";"SUL";"Atropelamento de animais";1;0;0;0;0;0;0;0;0;0;3;0;0;0;0
"23/06/2023";"21:06:00";"375";"Acidente s";"227,685";"BR-163/MS";"NORTE";"Colisão com veículos (traseira)";1;0;0;0;0;0;0;0;0;1;4;0;0;0;0
"23/06/2023";"22:16:00";"386";"Acidente s";"483,302";"BR-163/MS";"SUL";"Colisão com veículos (traseira)";2;0;0;0;0;0;0;0;0;0;4;0;0;0;0
"24/06/2023";"08:34:00";"116";"Acidente s";"273,81";"BR-163/MS";"SUL";"Tombamento";0;0;1;0;0;3;0;0;0;0;4;0;0;0;0
"24/06/2023";"14:58:00";"221";"Acidente c";"539,432";"BR-163/MS";"NORTE";"Colisão lateral no mesmo sentido";0;1;1;0;0;0;0;0;0;0;1;0;1;0;0
"24/06/2023";"19:47:00";"348";"Acidente s";"370,228";"BR-163/MS";"SUL";"Atropelamento de animais";1;0;0;0;0;0;0;0;0;0;3;0;0;0;0
"25/06/2023";"05:48:00";"19";"Acidente c";"129,38";"BR-163/MS";"SUL";"Colisão com veículos (traseira)";0;0;3;0;0;6;0;0;0;0;8;1;0;0;0
"25/06/2023";"08:51:00";"86";"Acidente s";"245,441";"BR-163/MS";"SUL";"Colisão com veículos (traseira)";0;0;0;0;0;0;0;0;0;2;4;0;0;0;0
"25/06/2023";"18:49:00";"211";"Acidente s";"227,968";"BR-163/MS";"NORTE";"Atropelamento de animais";1;0;0;0;0;0;0;0;0;0;1;0;0;0;0
"25/06/2023";"23:36:00";"340";"Acidente c";"478,225";"BR-163/MS";"SUL";"Colisão com veículos (traseira)";0;0;1;1;0;0;0;0;0;1;2;0;1;0;0
"26/06/2023";"00:01:00";"2";"Acidente s";"256,736";"BR-163/MS";"NORTE";"Colisão com veículos (traseira)";1;0;0;0;0;0;0;0;0;1;5;0;0;0;0
"26/06/2023";"17:05:00";"253";"Acidente s";"491,52";"BR-163/MS";"SUL";"Colisão lateral no mesmo sentido";0;0;0;0;0;1;0;0;0;1;2;0;0;0;0
"27/06/2023";"08:26:00";"118";"Acidente s";"157,65";"BR-163/MS";"SUL";"Saídas de pista";1;0;0;0;0;0;0;0;0;0;1;0;0;0;0
"27/06/2023";"09:44:00";"162";"Acidente s";"360,438";"BR-163/MS";"SUL";"Capotamento";1;0;0;0;0;0;0;0;0;0;1;0;0;0;0
"27/06/2023";"16:35:00";"310";"Acidente s";"490,536";"BR-163/MS";"NORTE";"Colisão com veículos (traseira)";1;0;1;0;0;2;0;0;0;0;5;0;0;0;0
"27/06/2023";"17:20:00";"321";"Acidente c";"484,469";"BR-163/MS";"NORTE";"Colisão com veículos (frontal)";0;0;0;2;0;0;0;0;0;0;0;0;2;1;0
"27/06/2023";"20:49:00";"408";"Acidente s";"65,428";"BR-163/MS";"SUL";"Tombamento";0;0;1;0;0;0;0;0;0;0;1;0;0;0;0
"28/06/2023";"00:35:00";"3";"Acidente s";"628,586";"BR-163/MS";"NORTE";"Colisão com veículos (traseira)";1;0;1;0;0;2;0;0;0;0;5;0;0;0;0
"28/06/2023";"06:42:00";"35";"Acidente s";"603,452";"BR-163/MS";"SUL";"Colisão com veículos (traseira)";1;0;0;0;0;0;0;0;0;1;3;0;0;0;0
"28/06/2023";"07:54:00";"82";"Acidente c";"476,381";"BR-163/MS";"SUL";"Colisão lateral no sentido contrário";0;0;0;2;0;0;0;0;0;0;1;1;0;0;0
"29/06/2023";"05:14:00";"22";"Acidente c";"503,94";"BR-163/MS";"NORTE";"Capotamento";0;0;0;0;0;0;0;0;0;1;0;0;1;0;0
"29/06/2023";"07:19:00";"82";"Acidente c";"481,69";"BR-163/MS";"SUL";"Colisão com veículos (traseira)";0;0;0;1;0;0;0;0;0;1;1;1;0;0;0
"29/06/2023";"15:31:00";"275";"Acidente c";"185,211";"BR-163/MS";"NORTE";"Tombamento";0;0;1;0;0;1;0;0;0;0;1;1;0;0;0
"29/06/2023";"18:31:00";"332";"Acidente c";"485,5";"BR-163/MS";"SUL";"Colisão c/ obstáculos";1;0;0;0;0;0;0;0;0;0;0;1;0;0;0
"29/06/2023";"23:54:00";"434";"Acidente s";"58,925";"BR-163/MS";"SUL";"Saídas de pista";0;0;1;0;0;1;0;0;0;0;2;0;0;0;0
"30/06/2023";"09:39:00";"142";"Acidente s";"188,853";"BR-163/MS";"SUL";"Colisão com veículos (traseira)";1;0;0;0;0;0;0;0;0;1;3;0;0;0;0
"30/06/2023";"09:41:00";"143";"Acidente s";"725,944";"BR-163/MS";"NORTE";"Colisão lateral no mesmo sentido";1;0;1;0;0;3;0;0;0;0;5;0;0;0;0
"30/06/2023";"12:18:00";"188";"Acidente s";"555,352";"BR-163/MS";"NORTE";"Tombamento";0;0;1;0;0;0;0;0;0;0;1;0;0;0;0
"30/06/2023";"13:26:00";"203";"Acidente c";"555,401";"BR-163/MS";"NORTE";"Colisão com veículos (traseira)";1;0;0;0;0;0;0;0;0;1;3;2;2;0;0
"30/06/2023";"13:32:00";"205";"Acidente s";"339,25";"BR-163/MS";"SUL";"Colisão lateral no sentido contrário";1;0;0;0;0;0;0;0;0;1;3;0;0;0;0
"30/06/2023";"15:33:00";"235";"Acidente c";"658,971";"BR-163/MS";"NORTE";"Colisão com veículos (traseira)";1;0;0;1;0;0;0;0;0;0;2;0;1;0;0
"30/06/2023";"18:50:00";"277";"Acidente s";"240,878";"BR-163/MS";"SUL";"Colisão lateral no mesmo sentido";1;0;0;0;0;1;0;0;0;0;4;0;0;0;0
"30/06/2023";"18:54:00";"278";"Acidente s";"462,87";"BR-163/MS";"SUL";"Colisão lateral no mesmo sentido";0;0;2;0;0;3;0;0;0;0;5;0;0;0;0
"30/06/2023";"22:23:00";"394";"Acidente s";"262,969";"BR-163/MS";"NORTE";"Colisão lateral no sentido contrário";1;0;0;0;0;1;0;0;0;0;2;0;0;0;0
"01/07/2023";"01:42:00";"5";"Acidente s";"728,439";"BR-163/MS";"SUL";"Saídas de pista";1;0;0;0;0;0;0;0;0;0;1;0;0;0;0
"01/07/2023";"04:53:00";"22";"Acidente s";"211,465";"BR-163/MS";"NORTE";"Colisão lateral no mesmo sentido";2;0;0;0;0;0;0;0;0;0;4;0;0;0;0
"01/07/2023";"05:35:00";"44";"Acidente s";"216,36";"BR-163/MS";"SUL";"Saídas de pista";1;0;0;0;0;0;0;0;0;0;1;0;0;0;0
"01/07/2023";"13:07:00";"200";"Acidente c";"411,901";"BR-163/MS";"SUL";"Capotamento";1;0;0;0;0;0;0;0;0;0;4;0;1;0;0
"01/07/2023";"17:17:00";"281";"Acidente s";"48,867";"BR-163/MS";"NORTE";"Colisão c/ obstáculos";1;0;0;0;0;1;0;0;0;0;3;0;0;0;0
"01/07/2023";"18:12:00";"294";"Acidente s";"607,551";"BR-163/MS";"NORTE";"Colisão com veículos (traseira)";0;0;1;0;0;1;0;0;0;1;2;0;0;0;0
"01/07/2023";"18:59:00";"301";"Acidente c";"79,6";"BR-163/MS";"NORTE";"Colisão com veículos (traseira)";0;1;0;1;0;0;0;0;0;0;0;1;0;1;0
"01/07/2023";"19:25:00";"313";"Acidente c";"615,656";"BR-163/MS";"SUL";"Colisão lateral no sentido contrário";2;0;0;0;0;0;0;0;0;0;4;1;0;0;0
"01/07/2023";"20:08:00";"347";"Acidente s";"711,71";"BR-163/MS";"SUL";"Atropelamento de animais";1;0;0;0;0;0;0;0;0;0;1;0;0;0;0
"01/07/2023";"22:40:00";"430";"Acidente s";"799,468";"BR-163/MS";"SUL";"Atropelamento de animais";1;0;0;0;0;0;0;0;0;0;2;0;0;0;0
"02/07/2023";"05:09:00";"23";"Acidente s";"438,77";"BR-163/MS";"NORTE";"Atropelamento de animais";0;0;1;0;0;1;0;0;0;0;2;0;0;0;0
"02/07/2023";"07:45:00";"37";"Acidente s";"794,145";"BR-163/MS";"SUL";"Colisão com veículos (traseira)";1;0;1;0;0;1;0;0;0;0;3;0;0;0;0
"02/07/2023";"09:45:00";"99";"Acidente c";"518,953";"BR-163/MS";"NORTE";"Tombamento de moto";0;0;0;1;0;0;0;0;0;0;0;0;1;0;0
"02/07/2023";"13:07:00";"153";"Acidente s";"621,56";"BR-163/MS";"NORTE";"Colisão c/ obstáculos";1;0;0;0;0;0;0;0;0;0;2;0;0;0;0
"02/07/2023";"18:27:00";"232";"Acidente s";"484,678";"BR-163/MS";"NORTE";"Colisão lateral no sentido contrário";0;0;1;0;0;0;0;0;0;1;3;0;0;0;0
"03/07/2023";"03:46:00";"20";"Acidente c";"437,886";"BR-163/MS";"NORTE";"Atropelamento de animais";1;0;0;0;0;0;0;0;0;0;4;1;0;0;0
"03/07/2023";"07:48:00";"95";"Acidente c";"484,72";"BR-163/MS";"NORTE";"Colisão com veículos (frontal)";0;0;1;2;0;0;0;0;0;1;3;1;0;0;1
"03/07/2023";"08:34:00";"122";"Acidente s";"113,253";"BR-163/MS";"NORTE";"Colisão com veículos (traseira)";0;0;2;0;0;0;0;0;0;0;3;0;0;0;0
"03/07/2023";"11:18:00";"192";"Acidente s";"444,394";"BR-163/MS";"NORTE";"Capotamento";0;0;0;0;0;0;0;0;0;1;1;0;0;0;0
"03/07/2023";"15:49:00";"260";"Acidente s";"609,331";"BR-163/MS";"SUL";"Tombamento";0;0;1;0;0;1;0;0;0;0;2;0;0;0;0
"03/07/2023";"18:49:00";"309";"Atropelame";"460,285";"BR-163/MS";"SUL";"Atropelamento de pedestre";0;0;1;0;0;2;0;0;0;0;3;0;0;1;0
"03/07/2023";"19:08:00";"331";"Acidente c";"482,818";"BR-163/MS";"NORTE";"Colisão com veículos (frontal)";2;0;0;1;0;0;0;0;0;0;2;1;0;0;1
"04/07/2023";"06:10:00";"26";"Acidente s";"697,317";"BR-163/MS";"SUL";"Saídas de pista";1;0;0;0;0;0;0;0;0;0;4;0;0;0;0
"04/07/2023";"09:22:00";"140";"Acidente s";"283,854";"BR-163/MS";"NORTE";"Saídas de pista";0;0;0;0;0;0;0;0;0;2;2;0;0;0;0
"04/07/2023";"16:21:00";"247";"Acidente c";"172,984";"BR-163/MS";"NORTE";"Colisão com veículos (traseira)";0;0;2;0;0;1;0;0;0;0;3;1;0;0;0
"05/07/2023";"07:39:00";"83";"Acidente c";"478,696";"BR-163/MS";"NORTE";"Colisão lateral no sentido contrário";0;0;0;1;0;0;0;0;0;1;1;1;0;0;0
"05/07/2023";"08:00:00";"91";"Acidente s";"564,712";"BR-163/MS";"SUL";"Tombamento";0;0;1;0;0;3;0;0;0;0;4;0;0;0;0
"05/07/2023";"12:07:00";"182";"Acidente s";"308,774";"BR-163/MS";"SUL";"Atropelamento de animais";1;0;0;0;0;0;0;0;0;0;2;0;0;0;0
"06/07/2023";"05:48:00";"19";"Acidente s";"654,277";"BR-163/MS";"SUL";"Atropelamento de animais";0;0;0;0;0;0;0;0;0;1;8;0;0;0;0
"06/07/2023";"16:01:00";"338";"Acidente c";"260,981";"BR-163/MS";"SUL";"Tombamento de moto";0;0;0;1;0;0;0;0;0;0;0;1;0;0;0
"06/07/2023";"19:45:00";"415";"Acidente s";"385,42";"BR-163/MS";"SUL";"Atropelamento de animais";1;0;0;0;0;0;0;0;0;0;4;0;0;0;0
"07/07/2023";"03:07:00";"15";"Acidente s";"647,951";"BR-163/MS";"SUL";"Colisão com veículos (traseira)";0;0;2;0;0;1;0;0;0;0;3;0;0;0;0
"07/07/2023";"10:24:00";"182";"Acidente s";"153,615";"BR-163/MS";"NORTE";"Colisão com veículos (traseira)";1;0;0;0;0;1;0;0;0;0;2;0;0;0;0
"07/07/2023";"12:33:00";"225";"Acidente s";"432,256";"BR-163/MS";"NORTE";"Colisão com veículos (traseira)";0;0;0;0;0;0;0;0;0;2;2;0;0;0;0
"07/07/2023";"13:32:00";"245";"Acidente s";"502,218";"BR-163/MS";"NORTE";"Saídas de pista";0;0;0;0;0;0;0;0;0;1;1;0;0;0;0
"07/07/2023";"20:44:00";"408";"Acidente c";"9,622";"BR-163/MS";"NORTE";"Colisão c/ obstáculos";0;0;0;1;0;0;0;0;0;0;0;1;0;0;0
"08/07/2023";"03:25:00";"18";"Atropelame";"687,645";"BR-163/MS";"SUL";"Atropelamento de pedestre";0;0;0;0;0;1;0;0;0;0;1;0;0;0;1
"08/07/2023";"10:27:00";"165";"Acidente s";"575,341";"BR-163/MS";"SUL";"Colisão lateral no sentido contrário";1;0;0;0;0;0;0;0;0;1;6;0;0;0;0
"08/07/2023";"10:36:00";"171";"Acidente s";"793,882";"BR-163/MS";"NORTE";"Saídas de pista";1;0;0;0;0;0;0;0;0;1;5;0;0;0;0
"08/07/2023";"16:08:00";"281";"Acidente c";"484,483";"BR-163/MS";"NORTE";"Colisão lateral no sentido contrário";1;0;0;0;0;0;0;0;0;1;2;1;0;0;0
"09/07/2023";"00:52:00";"7";"Acidente c";"500,133";"BR-163/MS";"SUL";"Capotamento";1;0;0;0;0;0;0;0;0;0;0;1;0;0;0
"09/07/2023";"06:19:00";"30";"Acidente s";"19,687";"BR-163/MS";"NORTE";"Colisão com veículos (traseira)";1;0;0;0;1;0;0;0;0;0;38;0;0;0;0
"09/07/2023";"11:51:00";"147";"Acidente s";"56,568";"BR-163/MS";"NORTE";"Colisão com veículos (traseira)";0;0;2;0;0;0;0;0;0;0;2;0;0;0;0
"09/07/2023";"17:32:00";"216";"Acidente c";"546";"BR-163/MS";"NORTE";"Colisão lateral no mesmo sentido";0;0;0;2;0;0;0;0;0;1;1;3;2;0;0
"09/07/2023";"20:56:00";"258";"Acidente s";"250,813";"BR-163/MS";"SUL";"Tombamento";1;0;0;0;0;0;0;0;0;0;1;0;0;0;0
"09/07/2023";"23:55:00";"277";"Acidente s";"634,551";"BR-163/MS";"NORTE";"Atropelamento de animais";1;0;0;0;0;0;0;0;0;0;5;0;0;0;0
"10/07/2023";"15:54:00";"259";"Acidente s";"655,9";"BR-163/MS";"SUL";"Colisão lateral no mesmo sentido";1;0;0;0;0;1;0;0;0;0;3;0;0;0;0
"11/07/2023";"06:00:00";"31";"Acidente s";"777,399";"BR-163/MS";"SUL";"Colisão c/ obstáculos";1;0;0;0;0;0;0;0;0;0;1;0;0;0;0
"11/07/2023";"10:41:00";"169";"Acidente s";"19,41";"BR-163/MS";"NORTE";"Colisão lateral no mesmo sentido";1;0;1;0;0;0;0;0;0;0;2;0;0;0;0