data;horario;n_da_ocorrencia;tipo_de_ocorrencia;km;trecho;sentido;tipo_de_acidente;automovel;bicicleta;caminhao;moto;onibus;outros;tracao_animal;transporte_de_cargas_especiais;trator_maquinas;utilitarios;ilesos;levemente_feridos;moderadamente_feridos;gravemente_feridos;mortos
"14/12/2023";"23:16:00";"393";"Acidente s";"424,338";"BR-163/MS";"SUL";"Atropelamento de animais";0;0;0;0;0;0;0;0;0;1;1;0;0;0;0
"15/12/2023";"06:59:00";"66";"Acidente c";"612,25";"BR-163/MS";"SUL";"Engavetamento";1;0;0;0;0;0;0;0;0;2;4;2;0;0;0
"15/12/2023";"13:05:00";"234";"Acidente c";"485,92";"BR-163/MS";"NORTE";"Colisão com veículos (traseira)";0;0;2;0;0;0;0;0;0;0;1;1;2;0;0
"15/12/2023";"15:12:00";"262";"Acidente c";"265,185";"BR-163/MS";"NORTE";"Capotamento";1;0;0;0;0;0;0;0;0;0;0;1;0;0;0
"15/12/2023";"16:44:00";"286";"Acidente s";"156,989";"BR-163/MS";"SUL";"Tombamento";0;0;1;0;0;0;0;0;0;0;2;0;0;0;0
"15/12/2023";"19:41:00";"333";"Acidente c";"19,352";"BR-163/MS";"NORTE";"Colisão lateral no sentido contrário";2;0;0;0;0;0;0;0;0;0;1;1;0;0;0
"16/12/2023";"00:47:00";"16";"Acidente c";"260,751";"BR-163/MS";"SUL";"Colisão com veículos (traseira)";0;0;0;1;0;0;0;0;0;1;1;0;1;0;0
"16/12/2023";"11:53:00";"183";"Acidente s";"262";"BR-163/MS";"SUL";"Outros";1;0;0;1;0;0;0;0;0;0;2;0;0;0;0
"16/12/2023";"14:10:00";"220";"Acidente c";"494";"BR-163/MS";"NORTE";"Saídas de pista";1;0;0;0;0;0;0;0;0;0;0;0;0;0;1
"16/12/2023";"17:56:00";"287";"Acidente s";"735,89";"BR-163/MS";"SUL";"Colisão lateral no mesmo sentido";0;0;0;0;0;0;0;0;0;2;2;0;0;0;0
"17/12/2023";"16:48:00";"223";"Acidente c";"271,923";"BR-163/MS";"NORTE";"Capotamento";1;0;0;0;0;0;0;0;0;0;0;1;0;0;0
"17/12/2023";"16:50:00";"221";"Acidente s";"457,196";"BR-163/MS";"NORTE";"Colisão lateral no mesmo sentido";1;0;0;0;0;0;0;0;0;1;2;0;0;0;0
"17/12/2023";"19:28:00";"267";"Acidente s";"34,492";"BR-163/MS";"NORTE";"Saídas de pista";1;0;0;0;0;0;0;0;0;0;1;0;0;0;0
"17/12/2023";"20:11:00";"280";"Acidente s";"671,182";"BR-163/MS";"SUL";"Atropelamento de animais";0;0;1;0;0;1;0;0;0;0;2;0;0;0;0
"17/12/2023";"20:46:00";"285";"Acidente s";"403,89";"BR-163/MS";"NORTE";"Atropelamento de animais";1;0;0;0;0;0;0;0;0;0;3;0;0;0;0
"18/12/2023";"00:51:00";"15";"Acidente s";"479,688";"BR-163/MS";"SUL";"Colisão c/ obstáculos";0;0;1;0;0;0;0;0;0;0;1;0;0;0;0
"18/12/2023";"04:45:00";"49";"Acidente c";"479,709";"BR-163/MS";"NORTE";"Tombamento de moto";0;0;0;1;0;0;0;0;0;0;0;1;0;0;0
"18/12/2023";"09:32:00";"188";"Acidente s";"253,344";"BR-163/MS";"NORTE";"Colisão com veículos (traseira)";0;0;0;1;0;0;0;0;0;1;3;0;0;0;0
"18/12/2023";"15:28:00";"283";"Acidente s";"788,746";"BR-163/MS";"NORTE";"Colisão com veículos (traseira)";0;0;0;0;0;1;0;0;0;1;2;0;0;0;0
"18/12/2023";"16:49:00";"302";"Acidente s";"243";"BR-163/MS";"NORTE";"Outros";1;0;0;0;0;0;0;0;0;0;1;0;0;0;0
"18/12/2023";"21:20:00";"357";"Acidente s";"529,103";"BR-163/MS";"SUL";"Saídas de pista";0;0;0;0;0;0;0;0;0;1;3;0;0;0;0
"18/12/2023";"23:41:00";"397";"Acidente s";"407,91";"BR-163/MS";"NORTE";"Colisão com veículos (traseira)";1;0;0;0;0;1;0;0;0;0;2;0;0;0;0
"19/12/2023";"08:35:00";"164";"Acidente c";"172,517";"BR-163/MS";"SUL";"Colisão com veículos (traseira)";1;0;0;0;0;0;0;0;0;1;1;0;1;0;0
"19/12/2023";"13:47:00";"271";"Acidente c";"766,185";"BR-163/MS";"NORTE";"Tombamento";1;0;0;0;0;0;0;0;0;0;0;3;0;0;0
"19/12/2023";"15:26:00";"298";"Acidente s";"481,63";"BR-163/MS";"NORTE";"Colisão com veículos (traseira)";1;0;0;0;0;0;0;0;0;1;2;0;0;0;0
"19/12/2023";"15:52:00";"306";"Acidente s";"486,356";"BR-163/MS";"NORTE";"Colisão lateral no sentido contrário";0;0;1;0;0;1;0;0;0;1;6;0;0;0;0
"20/12/2023";"06:11:00";"48";"Acidente c";"506,514";"BR-163/MS";"NORTE";"Colisão com veículos (traseira)";1;0;0;1;0;0;0;0;0;0;3;2;1;1;0
"20/12/2023";"15:29:00";"233";"Acidente s";"477,962";"BR-163/MS";"SUL";"Colisão lateral no mesmo sentido";2;0;0;0;0;0;0;0;0;0;4;0;0;0;0
"20/12/2023";"16:26:00";"249";"Acidente s";"46,804";"BR-163/MS";"SUL";"Capotamento";1;0;0;0;0;0;0;0;0;0;1;0;0;0;0
"20/12/2023";"20:32:00";"322";"Acidente s";"628,191";"BR-163/MS";"SUL";"Colisão c/ obstáculos";1;0;0;0;0;0;0;0;0;0;1;0;0;0;0
"20/12/2023";"22:13:00";"335";"Acidente c";"686,212";"BR-163/MS";"NORTE";"Colisão lateral no mesmo sentido";1;0;0;0;0;0;0;0;0;1;1;1;0;0;0
"21/12/2023";"00:48:00";"15";"Acidente s";"110,168";"BR-163/MS";"NORTE";"Capotamento";0;0;0;0;0;0;0;0;0;1;1;0;0;0;0
"21/12/2023";"07:30:00";"62";"Acidente s";"64";"BR-163/MS";"NORTE";"Saídas de pista";0;0;0;0;0;0;0;0;0;1;4;0;0;0;0
"21/12/2023";"08:35:00";"113";"Acidente c";"16,25";"BR-163/MS";"NORTE";"Colisão lateral no sentido contrário";1;0;0;1;0;0;0;0;0;0;2;2;0;0;0
"21/12/2023";"09:52:00";"152";"Acidente s";"126,927";"BR-163/MS";"NORTE";"Saídas de pista";0;0;0;0;0;0;0;0;0;1;3;0;0;0;0
"21/12/2023";"10:08:00";"156";"Acidente s";"341,679";"BR-163/MS";"SUL";"Colisão com veículos (traseira)";1;0;0;0;0;0;0;0;0;1;2;0;0;0;0
"21/12/2023";"10:43:00";"169";"Acidente s";"479,964";"BR-163/MS";"NORTE";"Colisão c/ obstáculos";0;0;1;0;0;0;0;0;0;0;2;0;0;0;0
"21/12/2023";"11:13:00";"177";"Acidente c";"145";"BR-163/MS";"NORTE";"Saídas de pista";1;0;0;0;0;0;0;0;0;0;0;2;0;0;0
"21/12/2023";"16:59:00";"296";"Acidente c";"4,613";"BR-163/MS";"NORTE";"Colisão lateral no mesmo sentido";1;0;1;0;0;1;0;0;0;0;2;1;0;0;0
"21/12/2023";"21:46:00";"368";"Acidente c";"492,276";"BR-163/MS";"SUL";"Colisão com veículos (frontal)";0;0;0;1;0;0;0;0;0;1;3;0;0;0;1
"22/12/2023";"00:54:00";"16";"Acidente c";"255,84";"BR-163/MS";"SUL";"Capotamento";1;0;0;0;0;0;0;0;0;0;0;0;0;0;2
"22/12/2023";"12:57:00";"216";"Acidente s";"127,1";"BR-163/MS";"SUL";"Saídas de pista";0;0;0;0;0;0;0;0;0;1;2;0;0;0;0
"22/12/2023";"14:16:00";"253";"Acidente c";"728,508";"BR-163/MS";"SUL";"Engavetamento";2;0;0;0;0;0;0;0;0;1;8;1;0;0;0
"22/12/2023";"15:09:00";"268";"Acidente s";"389,278";"BR-163/MS";"SUL";"Colisão lateral no mesmo sentido";0;0;1;0;0;1;0;0;0;1;4;0;0;0;0
"22/12/2023";"19:08:00";"404";"Acidente s";"673,888";"BR-163/MS";"SUL";"Atropelamento de animais";1;0;0;0;0;0;0;0;0;0;1;0;0;0;0
"22/12/2023";"22:28:00";"441";"Acidente c";"305,725";"BR-163/MS";"SUL";"Capotamento";0;0;0;0;0;0;0;0;0;1;0;1;0;0;0
"23/12/2023";"00:45:00";"14";"Acidente s";"195,253";"BR-163/MS";"NORTE";"Atropelamento de animais";1;0;0;0;0;0;0;0;0;0;5;0;0;0;0
"23/12/2023";"07:19:00";"98";"Acidente s";"377,232";"BR-163/MS";"NORTE";"Colisão com veículos (traseira)";2;0;0;0;0;0;0;0;0;0;6;0;0;0;0
"23/12/2023";"07:43:00";"113";"Acidente c";"482,309";"BR-163/MS";"NORTE";"Colisão lateral no sentido contrário";2;0;0;0;0;0;0;0;0;0;5;0;1;0;0
"23/12/2023";"08:07:00";"124";"Acidente c";"383,596";"BR-163/MS";"SUL";"Tombamento";0;0;0;0;0;0;0;0;0;1;4;1;0;0;0
"23/12/2023";"09:20:00";"143";"Acidente s";"27,85";"BR-163/MS";"NORTE";"Colisão lateral no mesmo sentido";1;0;1;0;0;1;0;0;0;0;6;0;0;0;0
"23/12/2023";"12:43:00";"212";"Acidente c";"148,304";"BR-163/MS";"SUL";"Colisão lateral no mesmo sentido";1;0;1;0;0;1;0;0;0;0;2;2;0;0;0
"23/12/2023";"14:41:00";"244";"Acidente c";"264,929";"BR-163/MS";"NORTE";"Colisão c/ obstáculos";1;0;0;0;0;0;0;0;0;0;0;1;0;0;0
"23/12/2023";"19:45:00";"362";"Acidente c";"492,447";"BR-163/MS";"NORTE";"Colisão lateral no mesmo sentido";1;0;1;0;0;2;0;0;0;0;3;0;0;1;0
"24/12/2023";"00:34:00";"11";"Acidente c";"330,843";"BR-163/MS";"NORTE";"Tombamento de moto";0;0;0;1;0;0;0;0;0;0;1;1;0;0;0
"24/12/2023";"06:05:00";"41";"Acidente c";"96,222";"BR-163/MS";"NORTE";"Capotamento";1;0;0;0;0;0;0;0;0;0;0;0;1;0;0
"24/12/2023";"09:07:00";"91";"Acidente s";"119,551";"BR-163/MS";"SUL";"Engavetamento";0;0;0;0;0;0;0;0;0;3;7;0;0;0;0
"24/12/2023";"10:45:00";"120";"Atropelame";"477,935";"BR-163/MS";"NORTE";"Atropelamento de pedestre";1;0;0;0;0;0;0;0;0;0;1;1;0;0;0
"24/12/2023";"10:51:00";"123";"Acidente c";"489,444";"BR-163/MS";"SUL";"Colisão com veículos (traseira)";1;0;0;1;0;0;0;0;0;0;1;0;2;0;0
"24/12/2023";"14:56:00";"199";"Acidente c";"569,627";"BR-163/MS";"NORTE";"Colisão com veículos (frontal)";2;0;0;0;0;0;0;0;0;0;0;0;2;3;1
"24/12/2023";"18:53:00";"273";"Acidente c";"249,658";"BR-163/MS";"SUL";"Colisão com veículos (traseira)";1;0;0;1;0;0;0;0;0;0;1;1;0;0;0
"24/12/2023";"21:30:00";"291";"Acidente s";"256,421";"BR-163/MS";"NORTE";"Saídas de pista";1;0;0;0;0;0;0;0;0;0;1;0;0;0;0
"25/12/2023";"07:01:00";"70";"Acidente s";"522,589";"BR-163/MS";"NORTE";"Saídas de pista";1;0;0;0;0;0;0;0;0;0;1;0;0;0;0
"25/12/2023";"12:40:00";"110";"Acidente s";"762,596";"BR-163/MS";"NORTE";"Saídas de pista";0;0;1;0;0;0;0;0;0;0;2;0;0;0;0
"25/12/2023";"14:32:00";"119";"Acidente s";"365,109";"BR-163/MS";"NORTE";"Capotamento";1;0;0;0;0;0;0;0;0;0;1;0;0;0;0
"25/12/2023";"16:16:00";"143";"Acidente s";"279,821";"BR-163/MS";"NORTE";"Colisão com veículos (traseira)";1;0;0;0;0;0;0;0;0;1;8;0;0;0;0
"25/12/2023";"23:25:00";"262";"Acidente s";"660,228";"BR-163/MS";"NORTE";"Atropelamento de animais";1;0;0;0;0;0;0;0;0;0;2;0;0;0;0
"26/12/2023";"00:30:00";"12";"Acidente s";"772,801";"BR-163/MS";"NORTE";"Atropelamento de animais";1;0;0;0;0;0;0;0;0;0;5;0;0;0;0
"26/12/2023";"14:15:00";"257";"Acidente s";"710,176";"BR-163/MS";"NORTE";"Capotamento";0;0;0;0;0;0;0;0;0;1;4;0;0;0;0
"26/12/2023";"14:48:00";"265";"Acidente s";"13,219";"BR-163/MS";"NORTE";"Saídas de pista";1;0;0;0;0;0;0;0;0;0;1;0;0;0;0
"26/12/2023";"15:07:00";"287";"Acidente c";"385,9";"BR-163/MS";"SUL";"Tombamento";0;0;0;1;0;0;0;0;0;0;0;0;0;0;1
"26/12/2023";"15:16:00";"289";"Acidente c";"1,345";"BR-163/MS";"SUL";"Colisão lateral no mesmo sentido";0;0;0;1;0;0;0;0;0;1;2;1;0;0;0
"26/12/2023";"16:41:00";"310";"Acidente c";"365,878";"BR-163/MS";"NORTE";"Engavetamento";3;0;0;0;0;0;0;0;0;1;7;1;0;0;0
"27/12/2023";"00:54:00";"12";"Acidente s";"681,848";"BR-163/MS";"NORTE";"Atropelamento de animais";1;0;0;0;0;0;0;0;0;0;3;0;0;0;0
"27/12/2023";"03:00:00";"25";"Acidente s";"424,147";"BR-163/MS";"NORTE";"Capotamento";0;0;0;0;0;0;0;0;0;1;1;0;0;0;0
"27/12/2023";"06:49:00";"54";"Acidente s";"365,563";"BR-163/MS";"SUL";"Colisão com veículos (traseira)";1;0;0;0;0;0;0;0;0;0;1;0;0;0;0
"27/12/2023";"07:19:00";"66";"Acidente s";"394,705";"BR-163/MS";"SUL";"Atropelamento de animais";1;0;0;0;0;0;0;0;0;0;2;0;0;0;0
"27/12/2023";"08:00:00";"85";"Acidente s";"132,332";"BR-163/MS";"NORTE";"Engavetamento";2;0;0;0;0;0;0;0;0;1;10;0;0;0;0
"27/12/2023";"10:09:00";"163";"Acidente s";"4,744";"BR-163/MS";"NORTE";"Colisão com veículos (traseira)";1;0;0;0;0;0;0;0;0;1;3;0;0;0;0
"27/12/2023";"19:05:00";"318";"Acidente s";"498,842";"BR-163/MS";"SUL";"Atropelamento de animais";0;0;0;0;0;0;0;0;0;1;3;0;0;0;0
"28/12/2023";"00:37:00";"11";"Acidente s";"275,9";"BR-163/MS";"NORTE";"Saídas de pista";0;0;0;0;0;0;0;0;0;1;1;0;0;0;0
"28/12/2023";"04:56:00";"48";"Acidente s";"7,657";"BR-163/MS";"NORTE";"Capotamento";1;0;0;0;0;0;0;0;0;0;1;0;0;0;0
"28/12/2023";"12:39:00";"218";"Acidente c";"494,62";"BR-163/MS";"NORTE";"Colisão com veículos (frontal)";2;0;0;0;0;0;0;0;0;0;1;2;3;0;0
"28/12/2023";"18:45:00";"343";"Acidente c";"486,579";"BR-163/MS";"NORTE";"Colisão lateral no mesmo sentido";0;0;0;2;0;0;0;0;0;0;1;0;1;0;0
"29/12/2023";"13:52:00";"249";"Acidente s";"477,484";"BR-163/MS";"SUL";"Colisão com veículos (traseira)";0;0;1;0;0;0;0;0;0;1;5;0;0;0;0
"29/12/2023";"17:12:00";"299";"Acidente c";"510,215";"BR-163/MS";"NORTE";"Colisão lateral no mesmo sentido";1;0;0;0;0;0;0;0;0;1;2;3;0;0;0
"29/12/2023";"18:32:00";"321";"Acidente s";"566,388";"BR-163/MS";"SUL";"Saídas de pista";1;0;0;0;0;0;0;0;0;0;4;0;0;0;0
"29/12/2023";"18:52:00";"326";"Acidente c";"460,637";"BR-163/MS";"SUL";"Colisão lateral no sentido contrário";1;0;0;1;0;0;0;0;0;0;3;1;0;0;0
"30/12/2023";"03:55:00";"24";"Acidente c";"761,872";"BR-163/MS";"NORTE";"Atropelamento de animais";1;0;0;0;0;0;0;0;0;0;4;1;0;0;0
"30/12/2023";"16:53:00";"237";"Acidente s";"511,574";"BR-163/MS";"SUL";"Colisão lateral no sentido contrário";1;0;0;0;0;1;0;0;0;0;2;0;0;0;0
"30/12/2023";"17:31:00";"246";"Acidente s";"554,162";"BR-163/MS";"SUL";"Tombamento";0;0;1;0;0;0;0;0;0;0;2;0;0;0;0
"31/12/2023";"00:26:00";"13";"Acidente s";"306,3";"BR-163/MS";"NORTE";"Atropelamento de animais";1;0;0;0;0;0;0;0;0;0;5;0;0;0;0
"31/12/2023";"04:42:00";"29";"Acidente s";"772,6";"BR-163/MS";"SUL";"Atropelamento de animais";0;0;0;0;0;0;0;0;0;1;5;0;0;0;0
"31/12/2023";"14:30:00";"208";"Acidente s";"308,108";"BR-163/MS";"SUL";"Colisão lateral no mesmo sentido";1;0;0;0;0;1;0;0;0;0;5;0;0;0;0
"01/01/2024";"18:06:17";"300";"Sem vítima";"551,100";"BR-163/MS";"Crescente";"Colisão lateral no mesmo sentido";1;0;1;0;0;0;0;0;0;0;8;0;0;0;0
"01/01/2024";"18:27:24";"306";"Sem vítima";"39,722";"BR-163/MS";"Crescente";"Queda de moto";0;0;0;1;0;0;0;0;0;0;0;0;0;0;0
"01/01/2024";"18:44:37";"312";"Sem vítima";"172,446";"BR-163/MS";"Decrescente";"Colisão traseira";1;0;0;0;0;0;0;0;0;0;1;0;0;0;0
"01/01/2024";"22:12:44";"343";"Com vítima";"488,889";"BR-163/MS";"Crescente";"Queda de moto";0;0;0;1;0;0;0;0;0;0;0;0;2;0;0
"02/01/2024";"03:05:03";"27";"Com vítima";"256,165";"BR-163/MS";"Crescente";"Queda de moto";0;0;0;1;0;0;0;0;0;0;0;2;0;0;0
"02/01/2024";"06:45:32";"49";"Com vítima";"475,647";"BR-163/MS";"Crescente";"Colisão traseira";0;0;1;0;0;0;0;0;0;1;4;2;0;0;0
"02/01/2024";"08:43:15";"117";"Com vítima";"548,456";"BR-163/MS";"Crescente";"Colisão traseira";1;0;0;0;0;0;0;0;0;1;6;6;0;0;0
"02/01/2024";"10:06:50";"145";"Sem vítima";"224,372";"BR-163/MS";"Crescente";"Colisão traseira";2;0;0;0;0;0;0;0;0;0;12;0;0;0;0
"02/01/2024";"12:27:00";"186";"Sem vítima";"793,794";"BR-163/MS";"Crescente";"Acidentes de outra natureza";1;0;0;0;0;0;0;0;0;0;2;0;0;0;0
"02/01/2024";"14:35:56";"214";"Com vítima";"161,925";"BR-163/MS";"Crescente";"Colisão traseira";1;0;0;1;0;0;0;0;0;0;4;2;0;0;0
"02/01/2024";"17:35:43";"252";"Com vítima";"484,347";"BR-163/MS";"Crescente";"Colisão lateral no mesmo sentido";0;0;0;2;0;0;0;0;0;0;2;2;0;0;0
"02/01/2024";"18:10:06";"261";"Com vítima";"176,227";"BR-163/MS";"Decrescente";"Choque";1;0;1;0;0;3;0;0;0;0;5;1;0;0;0
"02/01/2024";"19:32:10";"276";"Com vítima";"229,993";"BR-163/MS";"Crescente";"Queda de moto";0;0;0;1;0;0;0;0;0;0;2;2;0;0;0
"02/01/2024";"20:15:29";"283";"Sem vítima";"298,650";"BR-163/MS";"Decrescente";"Queda de moto";0;0;0;0;0;0;0;0;0;1;8;0;0;0;0
"03/01/2024";"02:18:59";"23";"Sem vítima";"54,337";"BR-163/MS";"Decrescente";"Atropelamento de animal";0;0;0;0;0;0;0;0;0;1;6;0;0;0;0
"03/01/2024";"03:40:53";"34";"Com vítima";"99,550";"BR-163/MS";"Crescente";"Colisão lateral no mesmo sentido";1;0;0;0;0;2;0;0;0;0;4;2;2;0;0
"03/01/2024";"07:56:22";"109";"Sem vítima";"775,800";"BR-163/MS";"Decrescente";"Acidentes de outra natureza";1;0;0;0;0;0;0;0;0;0;2;0;0;0;0
"03/01/2024";"10:49:34";"173";"Com vítima";"188,206";"BR-163/MS";"Crescente";"Engavetamento";1;0;0;0;0;0;0;0;0;2;16;2;0;0;0
"03/01/2024";"14:32:57";"216";"Sem vítima";"484,385";"BR-163/MS";"Crescente";"Colisão traseira";1;0;0;0;0;0;0;0;0;1;10;0;0;0;0
"03/01/2024";"15:17:46";"227";"Sem vítima";"91,359";"BR-163/MS";"Crescente";"Colisão traseira";0;0;1;0;0;0;0;0;0;1;2;0;0;0;0
"03/01/2024";"16:53:20";"260";"Sem vítima";"117,710";"BR-163/MS";"Crescente";"Capotamento";1;0;0;0;0;0;0;0;0;0;1;0;0;0;0
"05/01/2024";"18:15:53";"308";"Com vítima";"256,300";"BR-163/MS";"Crescente";"Queda de moto";0;0;0;1;0;0;0;0;0;0;0;2;0;0;0
"05/01/2024";"19:00:13";"318";"Sem vítima";"14,768";"BR-163/MS";"Decrescente";"Colisão traseira";1;0;0;0;0;0;0;0;0;1;12;0;0;0;0
"05/01/2024";"19:28:27";"323";"Sem vítima";"693,810";"BR-163/MS";"Crescente";"Atropelamento de animal";0;0;0;0;0;0;0;0;0;1;6;0;0;0;0
"05/01/2024";"19:37:50";"325";"Sem vítima";"500,546";"BR-163/MS";"Decrescente";"Atropelamento de animal";1;0;0;0;0;0;0;0;0;0;6;0;0;0;0
"05/01/2024";"23:18:19";"350";"Sem vítima";"316,755";"BR-163/MS";"Crescente";"Choque";0;0;0;0;0;0;0;0;0;1;2;0;0;0;0
"06/01/2024";"10:55:56";"150";"Com vítima";"725,555";"BR-163/MS";"Decrescente";"Acidentes de outra natureza";1;0;0;0;0;0;0;0;0;0;2;1;1;0;0
"06/01/2024";"12:45:12";"169";"Sem vítima";"820,452";"BR-163/MS";"Decrescente";"Colisão transversal";1;0;1;0;0;1;0;0;0;0;6;0;0;0;0
"06/01/2024";"19:03:41";"257";"Sem vítima";"676,826";"BR-163/MS";"Crescente";"Choque";0;0;1;0;0;3;0;0;0;0;2;0;0;0;0
"06/01/2024";"22:45:43";"287";"Sem vítima";"765,472";"BR-163/MS";"Crescente";"Atropelamento de animal";0;0;0;0;0;0;0;0;0;1;6;0;0;0;0
"06/01/2024";"23:26:10";"291";"Com vítima";"674,999";"BR-163/MS";"Decrescente";"Colisão traseira";0;0;1;1;0;0;0;0;0;0;2;4;0;0;0
"07/01/2024";"08:06:00";"103";"Com vítima";"485,461";"BR-163/MS";"Crescente";"Colisão frontal";2;0;0;0;0;0;0;0;0;0;2;6;2;0;0
"07/01/2024";"14:02:37";"189";"Sem vítima";"486,216";"BR-163/MS";"Decrescente";"Colisão traseira";2;0;0;0;0;0;0;0;0;0;6;0;0;0;0
"08/01/2024";"04:05:17";"36";"Com vítima";"84,445";"BR-163/MS";"Crescente";"Capotamento";0;0;0;0;0;0;0;0;0;1;1;1;0;0;0
"08/01/2024";"06:59:03";"67";"Com vítima";"366,499";"BR-163/MS";"Crescente";"Colisão traseira";2;0;0;0;0;0;0;0;0;0;6;4;0;0;0
"08/01/2024";"07:47:42";"81";"Sem vítima";"485,771";"BR-163/MS";"Decrescente";"Colisão traseira";1;0;0;1;0;0;0;0;0;0;4;0;0;0;0
"08/01/2024";"09:20:09";"127";"Sem vítima";"516,541";"BR-163/MS";"Crescente";"Acidentes de outra natureza";0;0;0;0;0;0;0;0;0;1;2;0;0;0;0
"08/01/2024";"10:16:54";"161";"Sem vítima";"484,771";"BR-163/MS";"Crescente";"Engavetamento";1;0;0;0;0;0;0;0;0;2;22;0;0;0;0
"08/01/2024";"19:50:58";"313";"Sem vítima";"384,755";"BR-163/MS";"Crescente";"Atropelamento de animal";0;0;0;0;0;0;0;0;0;1;6;0;0;0;0
"08/01/2024";"20:07:53";"316";"Sem vítima";"603,473";"BR-163/MS";"Decrescente";"Colisão traseira";1;0;1;0;0;0;0;0;0;0;6;0;0;0;0
"08/01/2024";"20:29:39";"318";"Com vítima";"77,527";"BR-163/MS";"Crescente";"Atropelamento de pedestre";0;0;0;1;0;0;0;0;0;0;0;5;0;1;0
"08/01/2024";"22:18:33";"358";"Com vítima";"265,227";"BR-163/MS";"Decrescente";"Colisão frontal";0;0;0;2;0;0;0;0;0;0;4;2;0;0;0
"09/01/2024";"09:17:40";"171";"Sem vítima";"618,200";"BR-163/MS";"Crescente";"Colisão traseira";1;0;0;0;0;0;0;0;0;1;12;0;0;0;0
"09/01/2024";"14:46:17";"265";"Com vítima";"181,657";"BR-163/MS";"Crescente";"Colisão transversal";1;0;0;0;0;0;0;0;0;1;6;4;0;0;0
"09/01/2024";"18:01:00";"313";"Com vítima";"484,406";"BR-163/MS";"Decrescente";"Colisão transversal";1;0;0;1;0;0;0;0;0;0;6;2;0;0;0
"09/01/2024";"18:50:30";"323";"Com vítima";"679,335";"BR-163/MS";"Crescente";"Colisão traseira";1;0;0;0;0;0;0;0;0;1;12;2;0;0;0
"09/01/2024";"20:48:50";"348";"Sem vítima";"178,336";"BR-163/MS";"Decrescente";"Acidentes de outra natureza";1;0;0;0;0;0;0;0;0;0;2;0;0;0;0
"10/01/2024";"03:42:35";"40";"Sem vítima";"772,144";"BR-163/MS";"Crescente";"Atropelamento de animal";0;0;0;0;0;0;0;0;0;1;4;0;0;0;0
"10/01/2024";"05:27:22";"54";"Com vítima";"587,648";"BR-163/MS";"Crescente";"Capotamento";1;0;0;0;0;0;0;0;0;0;0;2;0;0;0
"10/01/2024";"14:09:47";"255";"Sem vítima";"615,681";"BR-163/MS";"Decrescente";"Colisão lateral no mesmo sentido";1;0;0;0;0;0;0;0;0;1;4;0;0;0;0
"10/01/2024";"18:15:25";"313";"Com vítima";"547,972";"BR-163/MS";"Crescente";"Engavetamento";1;0;0;0;0;0;0;0;0;2;16;2;0;0;0
"10/01/2024";"21:36:24";"341";"Sem vítima";"531,174";"BR-163/MS";"Crescente";"Atropelamento de animal";0;0;0;0;0;0;0;0;0;1;8;0;0;0;0
"10/01/2024";"23:37:10";"358";"Sem vítima";"800,804";"BR-163/MS";"Crescente";"Acidentes de outra natureza";1;0;0;0;0;0;0;0;0;0;4;0;0;0;0
"11/01/2024";"10:58:58";"189";"Sem vítima";"545,152";"BR-163/MS";"Decrescente";"Acidentes de outra natureza";0;0;1;0;0;0;0;0;0;0;2;0;0;0;0
"11/01/2024";"11:34:11";"200";"Sem vítima";"600,394";"BR-163/MS";"Decrescente";"Acidentes de outra natureza";1;0;0;0;0;0;0;0;0;0;4;0;0;0;0
"11/01/2024";"11:43:10";"204";"Sem vítima";"554,779";"BR-163/MS";"Decrescente";"Acidentes de outra natureza";1;0;0;0;0;0;0;0;0;0;2;0;0;0;0
"11/01/2024";"12:22:29";"211";"Sem vítima";"775,110";"BR-163/MS";"Decrescente";"Acidentes de outra natureza";1;0;0;0;0;0;0;0;0;0;8;0;0;0;0
"11/01/2024";"14:48:34";"251";"Sem vítima";"790,664";"BR-163/MS";"Decrescente";"Atropelamento de animal";1;0;0;0;0;0;0;0;0;0;8;0;0;0;0
"11/01/2024";"15:52:39";"265";"Sem vítima";"485,621";"BR-163/MS";"Decrescente";"Colisão traseira";1;0;0;0;0;0;0;0;0;1;2;0;0;0;0
"12/01/2024";"16:39:49";"291";"Sem vítima";"39,276";"BR-163/MS";"Crescente";"Colisão traseira";0;0;1;1;0;0;0;0;0;0;4;0;0;0;0
"12/01/2024";"16:50:33";"292";"Sem vítima";"510,473";"BR-163/MS";"Crescente";"Tombamento";0;0;1;0;0;0;0;0;0;0;1;0;0;0;0
"12/01/2024";"18:48:45";"317";"Sem vítima";"485,500";"BR-163/MS";"Crescente";"Colisão traseira";0;0;2;0;0;0;0;0;0;0;2;0;0;0;0
"12/01/2024";"22:49:08";"350";"Sem vítima";"754,815";"BR-163/MS";"Decrescente";"Atropelamento de animal";0;0;0;0;0;0;0;0;0;1;0;0;0;0;0
"13/01/2024";"01:12:16";"15";"Sem vítima";"832,297";"BR-163/MS";"Decrescente";"Capotamento";0;0;0;0;0;1;0;0;0;1;2;0;0;0;0
"13/01/2024";"05:20:35";"35";"Sem vítima";"663,908";"BR-163/MS";"Crescente";"Capotamento";1;0;0;0;0;0;0;0;0;0;1;0;0;0;0