data;horario;n_da_ocorrencia;tipo_de_ocorrencia;km;trecho;sentido;tipo_de_acidente;automovel;bicicleta;caminhao;moto;onibus;outros;tracao_animal;transporte_de_cargas_especiais;trator_maquinas;utilitarios;ilesos;levemente_feridos;moderadamente_feridos;gravemente_feridos;mortos
"13/01/2024";"12:27:27";"156";"Com vítima";"375,748";"BR-163/MS";"Decrescente";"Queda de moto";0;0;0;1;0;0;0;0;0;0;2;2;0;0;0
"13/01/2024";"14:29:46";"185";"Com vítima";"456,411";"BR-163/MS";"Decrescente";"Colisão transversal";1;0;0;1;0;0;0;0;0;1;6;0;0;2;0
"13/01/2024";"15:57:04";"201";"Com vítima";"192,345";"BR-163/MS";"Crescente";"Choque";0;0;0;0;0;0;0;0;0;1;6;2;0;0;0
"13/01/2024";"18:42:07";"234";"Com vítima";"1,609";"BR-163/MS";"Decrescente";"Acidentes de outra natureza";1;0;1;0;0;0;0;0;0;0;4;2;0;0;0
"13/01/2024";"23:09:46";"288";"Sem vítima";"446,995";"BR-163/MS";"Crescente";"Atropelamento de animal";0;0;0;0;0;0;0;0;0;1;10;0;0;0;0
"14/01/2024";"03:20:48";"36";"Sem vítima";"283,746";"BR-163/MS";"Crescente";"Colisão traseira";2;0;0;0;0;0;0;0;0;0;6;0;0;0;0
"14/01/2024";"03:50:01";"37";"Sem vítima";"274,557";"BR-163/MS";"Decrescente";"Acidentes de outra natureza";1;0;0;0;0;0;0;0;0;0;2;0;0;0;0
"14/01/2024";"04:36:09";"42";"Com vítima";"485,427";"BR-163/MS";"Crescente";"Queda de moto";0;0;0;1;0;0;0;0;0;0;0;0;0;2;0
"14/01/2024";"07:37:54";"103";"Sem vítima";"458,872";"BR-163/MS";"Decrescente";"Colisão lateral no mesmo sentido";1;0;1;0;0;1;0;0;0;0;4;0;0;0;0
"14/01/2024";"08:44:31";"121";"Com vítima";"366,237";"BR-163/MS";"Crescente";"Tombamento";0;0;0;0;0;3;0;0;0;0;4;2;0;0;0
"14/01/2024";"10:21:08";"159";"Com vítima";"10,357";"BR-163/MS";"Crescente";"Colisão traseira";0;0;0;1;0;0;0;0;0;1;14;2;0;0;0
"14/01/2024";"11:57:26";"177";"Com vítima";"80,978";"BR-163/MS";"Crescente";"Queda de moto";0;0;0;1;0;0;0;0;0;0;2;2;0;0;0
"14/01/2024";"16:24:20";"229";"Com vítima";"782,543";"BR-163/MS";"Decrescente";"Queda de moto";0;0;0;1;0;0;0;0;0;0;0;0;0;0;2
"14/01/2024";"19:57:57";"278";"Sem vítima";"664,570";"BR-163/MS";"Crescente";"Colisão lateral no mesmo sentido";1;0;0;0;0;0;0;0;0;1;12;0;0;0;0
"15/01/2024";"09:06:16";"161";"Com vítima";"538,136";"BR-163/MS";"Crescente";"Engavetamento";3;0;0;0;0;0;0;0;0;0;6;1;0;0;0
"15/01/2024";"14:39:18";"308";"Sem vítima";"27,350";"BR-163/MS";"Crescente";"Choque";1;0;0;0;0;0;0;0;0;0;1;0;0;0;0
"15/01/2024";"23:24:47";"469";"Sem vítima";"463,376";"BR-163/MS";"Decrescente";"Choque";1;0;0;0;0;0;0;0;0;0;4;0;0;0;0
"16/01/2024";"06:59:02";"93";"Sem vítima";"612,380";"BR-163/MS";"Decrescente";"Colisão traseira";0;0;0;0;0;1;0;0;0;2;10;0;0;0;0
"16/01/2024";"16:46:39";"271";"Sem vítima";"573,473";"BR-163/MS";"Decrescente";"Acidentes de outra natureza";0;0;0;0;1;0;0;0;0;0;1;0;0;0;0
"17/01/2024";"04:58:55";"26";"Sem vítima";"638,514";"BR-163/MS";"Crescente";"Acidentes de outra natureza";0;0;0;0;0;1;0;0;0;1;2;0;0;0;0
"17/01/2024";"14:18:31";"235";"Sem vítima";"573,275";"BR-163/MS";"Crescente";"Colisão traseira";0;0;2;0;0;0;0;0;0;0;8;0;0;0;0
"17/01/2024";"16:06:46";"253";"Com vítima";"451,463";"BR-163/MS";"Crescente";"Tombamento";0;0;1;0;0;2;0;0;0;0;2;2;0;0;0
"18/01/2024";"07:11:02";"101";"Sem vítima";"224,991";"BR-163/MS";"Decrescente";"Colisão transversal";1;0;0;0;0;1;0;0;0;0;2;0;0;0;0
"18/01/2024";"07:31:49";"112";"Sem vítima";"204,127";"BR-163/MS";"Crescente";"Choque";0;0;1;0;0;1;0;0;0;0;2;0;0;0;0
"18/01/2024";"08:55:39";"162";"Com vítima";"87,684";"BR-163/MS";"Decrescente";"Colisão frontal";1;0;0;0;0;1;0;0;0;1;0;8;0;0;0
"19/01/2024";"03:23:27";"33";"Sem vítima";"293,773";"BR-163/MS";"Decrescente";"Atropelamento de animal";1;0;0;0;0;0;0;0;0;0;4;0;0;0;0
"19/01/2024";"09:44:19";"186";"Sem vítima";"399,579";"BR-163/MS";"Crescente";"Colisão lateral no mesmo sentido";0;0;0;0;0;0;0;0;0;1;8;0;0;0;0
"19/01/2024";"11:01:40";"206";"Com vítima";"23,938";"BR-163/MS";"Decrescente";"Colisão transversal";2;0;0;0;0;0;0;0;0;0;4;2;0;0;0
"19/01/2024";"12:22:07";"225";"Com vítima";"581,988";"BR-163/MS";"Crescente";"Acidentes de outra natureza";1;0;0;0;0;0;0;0;0;0;0;2;0;0;0
"19/01/2024";"14:59:47";"271";"Sem vítima";"495,602";"BR-163/MS";"Decrescente";"Choque";0;0;0;0;0;0;0;0;0;1;0;0;0;0;0
"20/01/2024";"09:19:19";"138";"Sem vítima";"13,701";"BR-163/MS";"Decrescente";"Tombamento";0;0;1;0;0;0;0;0;0;0;4;0;0;0;0
"20/01/2024";"17:17:23";"236";"Sem vítima";"7,600";"BR-163/MS";"Crescente";"Acidentes de outra natureza";1;0;0;0;0;0;0;0;0;0;2;0;0;0;0
"20/01/2024";"23:05:41";"321";"Com vítima";"486,500";"BR-163/MS";"Decrescente";"Colisão frontal";2;0;0;0;0;0;0;0;0;0;0;2;2;4;2
"20/01/2024";"23:44:03";"323";"Com vítima";"374,338";"BR-163/MS";"Crescente";"Capotamento";1;0;0;0;0;0;0;0;0;0;0;2;2;2;0
"21/01/2024";"03:29:23";"24";"Sem vítima";"366,355";"BR-163/MS";"Decrescente";"Capotamento";1;0;0;0;0;0;0;0;0;0;0;0;0;0;0
"21/01/2024";"15:14:14";"176";"Sem vítima";"617,118";"BR-163/MS";"Crescente";"Colisão traseira";0;0;1;0;0;0;0;0;0;0;4;0;0;0;0
"21/01/2024";"17:48:17";"207";"Sem vítima";"216,780";"BR-163/MS";"Crescente";"Choque";0;0;0;0;0;0;0;0;0;1;6;0;0;0;0
"21/01/2024";"21:11:08";"263";"Sem vítima";"666,201";"BR-163/MS";"Decrescente";"Atropelamento de animal";0;0;0;0;0;0;0;0;0;1;4;0;0;0;0
"21/01/2024";"22:56:54";"270";"Sem vítima";"513,738";"BR-163/MS";"Crescente";"Atropelamento de animal";0;0;0;0;0;0;0;0;0;1;4;0;0;0;0
"22/01/2024";"02:02:53";"23";"Sem vítima";"5,557";"BR-163/MS";"Crescente";"Acidentes de outra natureza";0;0;0;0;0;0;0;0;0;1;2;0;0;0;0
"22/01/2024";"05:45:54";"36";"Sem vítima";"437,138";"BR-163/MS";"Crescente";"Capotamento";1;0;0;0;0;0;0;0;0;0;2;0;0;0;0
"22/01/2024";"10:05:28";"137";"Com vítima";"679,797";"BR-163/MS";"Decrescente";"Colisão traseira";0;0;0;1;0;0;0;0;0;1;4;2;0;0;0
"22/01/2024";"14:38:48";"201";"Com vítima";"254,344";"BR-163/MS";"Crescente";"Colisão traseira";0;0;0;1;0;0;0;0;0;1;2;2;0;0;0
"22/01/2024";"16:55:05";"225";"Sem vítima";"547,514";"BR-163/MS";"Crescente";"Capotamento";1;0;0;0;0;0;0;0;0;0;4;0;0;0;0
"22/01/2024";"17:17:04";"228";"Sem vítima";"103,940";"BR-163/MS";"Crescente";"Colisão frontal";1;0;1;0;0;0;0;0;0;1;10;0;0;0;0
"22/01/2024";"20:39:30";"291";"Com vítima";"548,434";"BR-163/MS";"Decrescente";"Colisão lateral no mesmo sentido";2;0;0;0;0;0;0;0;0;0;4;2;0;0;0
"23/01/2024";"08:08:42";"108";"Com vítima";"224,358";"BR-163/MS";"Decrescente";"Queda de moto";0;0;0;1;0;0;0;0;0;0;0;2;0;0;0
"23/01/2024";"18:25:05";"281";"Com vítima";"476,285";"BR-163/MS";"Decrescente";"Colisão transversal";1;0;0;1;0;0;0;0;0;0;2;2;0;0;0
"23/01/2024";"19:51:50";"333";"Com vítima";"615,672";"BR-163/MS";"Crescente";"Colisão lateral no mesmo sentido";1;0;0;1;0;0;0;0;0;0;2;2;0;0;0
"24/01/2024";"03:39:55";"33";"Sem vítima";"467,832";"BR-163/MS";"Decrescente";"Atropelamento de animal";1;0;0;0;0;0;0;0;0;0;2;0;0;0;0
"24/01/2024";"07:19:08";"92";"Sem vítima";"372,656";"BR-163/MS";"Crescente";"Colisão lateral no mesmo sentido";0;0;0;0;0;3;0;0;0;1;12;0;0;0;0
"24/01/2024";"08:31:00";"121";"Com vítima";"535,159";"BR-163/MS";"Crescente";"Queda de moto";0;0;0;1;0;0;0;0;0;0;0;0;1;0;0
"24/01/2024";"15:45:46";"245";"Sem vítima";"137,876";"BR-163/MS";"Crescente";"Tombamento";0;0;1;0;0;1;0;0;0;0;2;0;0;0;0
"24/01/2024";"20:53:03";"344";"Sem vítima";"700,737";"BR-163/MS";"Crescente";"Atropelamento de animal";1;0;0;0;0;0;0;0;0;0;0;0;0;0;0
"25/01/2024";"08:57:31";"119";"Com vítima";"595,000";"BR-163/MS";"Crescente";"Capotamento";0;0;0;0;0;0;0;0;0;1;0;2;0;0;0
"25/01/2024";"13:50:38";"211";"Sem vítima";"475,105";"BR-163/MS";"Decrescente";"Colisão transversal";1;0;1;0;0;0;0;0;0;0;4;0;0;0;0
"25/01/2024";"15:34:33";"232";"Sem vítima";"678,542";"BR-163/MS";"Crescente";"Engavetamento";3;0;0;0;0;0;0;0;0;0;16;0;0;0;0
"26/01/2024";"00:23:19";"11";"Sem vítima";"485,000";"BR-163/MS";"Decrescente";"Colisão traseira";1;0;0;0;0;0;0;0;0;1;4;0;0;0;0
"26/01/2024";"06:13:48";"41";"Com vítima";"364,273";"BR-163/MS";"Crescente";"Tombamento";0;0;1;0;0;2;0;0;0;0;0;2;0;0;0
"26/01/2024";"18:41:29";"268";"Sem vítima";"462,334";"BR-163/MS";"Crescente";"Colisão traseira";1;0;1;0;0;1;0;0;0;0;4;0;0;0;0
"26/01/2024";"21:08:24";"313";"Sem vítima";"304,570";"BR-163/MS";"Crescente";"Colisão frontal";2;0;0;0;0;0;0;0;0;0;4;0;0;0;0
"27/01/2024";"09:50:49";"138";"Com vítima";"178,545";"BR-163/MS";"Decrescente";"Engavetamento";1;0;0;0;0;0;0;0;0;3;2;26;0;0;0
"27/01/2024";"13:34:17";"186";"Sem vítima";"703,501";"BR-163/MS";"Decrescente";"Colisão traseira";0;0;0;0;0;0;0;0;0;0;8;0;0;0;0
"27/01/2024";"16:23:43";"210";"Com vítima";"842,732";"BR-163/MS";"Crescente";"Choque";0;0;0;1;0;0;0;0;0;0;0;0;0;2;0
"27/01/2024";"18:08:14";"229";"Sem vítima";"253,237";"BR-163/MS";"Crescente";"Acidentes de outra natureza";1;0;0;0;0;0;0;0;0;0;1;0;0;0;0
"27/01/2024";"21:55:13";"298";"Com vítima";"658,692";"BR-163/MS";"Crescente";"Tombamento";0;0;0;0;0;2;0;0;0;0;0;4;0;0;0
"28/01/2024";"07:07:06";"86";"Com vítima";"149,500";"BR-163/MS";"Crescente";"Queda de moto";0;0;0;1;0;0;0;0;0;0;0;2;0;0;0
"28/01/2024";"18:41:33";"214";"Sem vítima";"28,700";"BR-163/MS";"Crescente";"Choque";1;0;0;0;0;0;0;0;0;0;10;0;0;0;0
"28/01/2024";"19:15:39";"242";"Sem vítima";"770,380";"BR-163/MS";"Decrescente";"Atropelamento de animal";1;0;0;0;0;0;0;0;0;0;2;0;0;0;0
"28/01/2024";"19:16:54";"244";"Sem vítima";"238,360";"BR-163/MS";"Crescente";"Queda de moto";0;0;0;1;0;0;0;0;0;0;2;0;0;0;0
"28/01/2024";"20:37:58";"258";"Sem vítima";"258,412";"BR-163/MS";"Crescente";"Acidentes de outra natureza";0;0;0;0;0;1;0;0;0;1;2;0;0;0;0
"28/01/2024";"20:55:04";"261";"Sem vítima";"810,855";"BR-163/MS";"Decrescente";"Atropelamento de animal";0;0;1;0;0;0;0;0;0;0;2;0;0;0;0
"28/01/2024";"22:32:41";"280";"Com vítima";"665,154";"BR-163/MS";"Crescente";"Colisão traseira";0;0;1;0;0;0;0;0;0;1;2;0;2;2;0
"29/01/2024";"00:05:09";"1";"Sem vítima";"466,322";"BR-163/MS";"Decrescente";"Acidentes de outra natureza";1;0;0;0;0;0;0;0;0;0;2;0;0;0;0
"29/01/2024";"09:45:16";"130";"Com vítima";"632,000";"BR-163/MS";"Decrescente";"Queda de moto";0;0;0;1;0;0;0;0;0;0;0;1;0;0;0
"29/01/2024";"13:50:44";"219";"Com vítima";"663,900";"BR-163/MS";"Decrescente";"Tombamento";0;0;1;0;0;0;0;0;0;0;0;1;0;0;0
"29/01/2024";"17:36:18";"301";"Sem vítima";"11,900";"BR-163/MS";"Crescente";"Acidentes de outra natureza";1;0;0;0;0;0;0;0;0;0;0;0;0;0;0
"30/01/2024";"04:29:29";"41";"Com vítima";"609,880";"BR-163/MS";"Crescente";"Colisão traseira";1;0;1;0;0;1;0;0;0;0;2;2;0;0;0
"30/01/2024";"13:59:26";"241";"Sem vítima";"485,425";"BR-163/MS";"Crescente";"Colisão traseira";1;0;0;1;0;0;0;0;0;0;12;0;0;0;0
"31/01/2024";"01:50:13";"16";"Sem vítima";"441,535";"BR-163/MS";"Decrescente";"Tombamento";0;0;0;0;0;2;0;0;0;0;1;0;0;0;0
"31/01/2024";"10:02:32";"150";"Sem vítima";"818,217";"BR-163/MS";"Crescente";"Colisão traseira";0;0;0;0;0;0;0;0;0;2;10;0;0;0;0
"31/01/2024";"13:12:13";"196";"Com vítima";"43,837";"BR-163/MS";"Crescente";"Tombamento";0;0;0;0;0;0;0;0;1;0;0;2;0;0;0
"31/01/2024";"14:03:50";"206";"Sem vítima";"191,100";"BR-163/MS";"Crescente";"Acidentes de outra natureza";0;0;1;0;0;1;0;0;0;0;2;0;0;0;0
"31/01/2024";"14:21:08";"218";"Sem vítima";"627,159";"BR-163/MS";"Crescente";"Acidentes de outra natureza";1;0;0;0;0;0;0;0;0;0;1;0;0;0;0
"01/02/2024";"00:39:20";"19";"Sem vítima";"495,227";"BR-163/MS";"Decrescente";"Acidentes de outra natureza";0;0;0;0;0;0;0;0;0;1;2;0;0;0;0
"01/02/2024";"13:45:32";"245";"Com vítima";"740,000";"BR-163/MS";"Crescente";"Colisão traseira";1;0;0;0;0;0;0;0;0;1;8;2;2;0;0
"02/02/2024";"12:05:58";"189";"Com vítima";"135,725";"BR-163/MS";"Crescente";"Colisão frontal";0;0;1;0;1;3;0;0;0;0;70;0;8;6;2
"02/02/2024";"12:19:51";"192";"Sem vítima";"450,145";"BR-163/MS";"Crescente";"Acidentes de outra natureza";0;0;0;0;0;1;0;0;0;0;2;0;0;0;0
"02/02/2024";"12:43:52";"204";"Sem vítima";"609,830";"BR-163/MS";"Decrescente";"Acidentes de outra natureza";0;0;0;0;0;0;0;0;0;1;1;0;0;0;0
"02/02/2024";"20:53:07";"348";"Com vítima";"237,660";"BR-163/MS";"Decrescente";"Capotamento";0;0;0;0;0;0;0;0;0;1;0;2;0;0;0
"03/02/2024";"02:19:10";"28";"Sem vítima";"206,718";"BR-163/MS";"Decrescente";"Acidentes de outra natureza";1;0;0;0;0;0;0;0;0;0;2;0;0;0;0
"03/02/2024";"03:59:54";"41";"Com vítima";"331,881";"BR-163/MS";"Decrescente";"Atropelamento de animal";0;0;0;1;0;0;0;0;0;0;0;2;0;0;0
"03/02/2024";"10:17:41";"148";"Com vítima";"208,895";"BR-163/MS";"Crescente";"Colisão transversal";0;0;0;1;0;0;0;0;0;1;2;2;0;0;0
"03/02/2024";"11:24:47";"170";"Sem vítima";"603,614";"BR-163/MS";"Crescente";"Colisão traseira";0;0;0;0;0;0;0;0;0;2;14;0;0;0;0
"03/02/2024";"14:50:05";"223";"Sem vítima";"113,190";"BR-163/MS";"Crescente";"Colisão traseira";2;0;0;0;0;0;0;0;0;0;8;0;0;0;0
"03/02/2024";"19:40:12";"286";"Com vítima";"258,480";"BR-163/MS";"Crescente";"Choque";0;0;0;0;0;0;0;0;0;1;0;4;0;0;0
"03/02/2024";"20:09:47";"292";"Sem vítima";"669,280";"BR-163/MS";"Decrescente";"Capotamento";0;0;0;0;0;0;0;0;0;1;2;0;0;0;0
"04/02/2024";"18:06:17";"213";"Com vítima";"341,319";"BR-163/MS";"Decrescente";"Colisão traseira";2;0;0;0;0;0;0;0;0;0;4;2;0;0;0
"05/02/2024";"07:23:23";"86";"Com vítima";"61,802";"BR-163/MS";"Crescente";"Capotamento";1;0;0;0;0;0;0;0;0;0;0;1;0;0;0
"05/02/2024";"10:48:48";"172";"Com vítima";"479,863";"BR-163/MS";"Crescente";"Colisão frontal";2;0;0;0;0;0;0;0;0;0;2;1;0;0;0
"05/02/2024";"19:36:59";"282";"Sem vítima";"542,600";"BR-163/MS";"Decrescente";"Acidentes de outra natureza";0;0;0;0;0;2;0;0;0;0;1;0;0;0;0
"05/02/2024";"20:19:03";"293";"Sem vítima";"497,554";"BR-163/MS";"Crescente";"Acidentes de outra natureza";0;0;0;0;0;0;0;0;0;1;1;0;0;0;0
"06/02/2024";"10:16:09";"165";"Sem vítima";"252,950";"BR-163/MS";"Crescente";"Colisão traseira";1;0;0;0;0;0;0;0;0;1;3;0;0;0;0
"06/02/2024";"11:15:37";"186";"Sem vítima";"270,920";"BR-163/MS";"Decrescente";"Tombamento";0;0;1;0;0;1;0;0;0;0;2;0;0;0;0
"06/02/2024";"11:23:24";"189";"Com vítima";"268,299";"BR-163/MS";"Crescente";"Queda de moto";0;0;0;1;0;0;0;0;0;0;0;2;0;0;0
"06/02/2024";"15:20:12";"265";"Com vítima";"610,786";"BR-163/MS";"Crescente";"Colisão transversal";1;0;1;0;0;3;0;0;0;1;8;2;2;0;0
"06/02/2024";"18:11:08";"305";"Sem vítima";"426,543";"BR-163/MS";"Crescente";"Capotamento";0;0;0;0;0;0;0;0;0;1;1;0;0;0;0
"06/02/2024";"18:34:37";"316";"Sem vítima";"561,206";"BR-163/MS";"Decrescente";"Colisão lateral no mesmo sentido";1;0;0;0;0;1;0;0;0;0;2;0;0;0;0
"07/02/2024";"11:36:57";"242";"Sem vítima";"360,489";"BR-163/MS";"Crescente";"Engavetamento";0;0;2;0;0;0;0;0;0;1;16;0;0;0;0
"07/02/2024";"13:33:10";"269";"Sem vítima";"360,489";"BR-163/MS";"Decrescente";"Engavetamento";0;0;0;0;0;0;0;0;0;3;16;0;0;0;0
"07/02/2024";"15:25:48";"302";"Sem vítima";"636,432";"BR-163/MS";"Decrescente";"Acidentes de outra natureza";0;0;0;0;0;2;0;0;0;0;8;0;0;0;0
"08/02/2024";"06:40:09";"76";"Com vítima";"750,690";"BR-163/MS";"Crescente";"Queda de moto";0;0;0;1;0;0;0;0;0;0;0;4;0;0;0
"08/02/2024";"08:13:19";"140";"Sem vítima";"166,802";"BR-163/MS";"Decrescente";"Colisão traseira";0;0;0;0;0;4;0;0;0;0;4;0;0;0;0
"08/02/2024";"11:09:42";"196";"Com vítima";"539,275";"BR-163/MS";"Crescente";"Atropelamento de pedestre";0;0;0;0;0;1;0;0;0;0;0;0;2;0;0
"08/02/2024";"14:40:27";"243";"Com vítima";"450,345";"BR-163/MS";"Decrescente";"Colisão lateral no mesmo sentido";1;0;0;0;0;0;0;0;0;0;6;0;2;0;0
"08/02/2024";"14:59:04";"249";"Sem vítima";"309,304";"BR-163/MS";"Decrescente";"Acidentes de outra natureza";1;0;0;0;0;0;0;0;0;0;4;0;0;0;0
"08/02/2024";"16:23:03";"265";"Sem vítima";"539,168";"BR-163/MS";"Crescente";"Colisão traseira";0;0;1;0;0;0;0;0;0;0;4;0;0;0;0
"08/02/2024";"17:41:15";"279";"Sem vítima";"627,144";"BR-163/MS";"Decrescente";"Acidentes de outra natureza";1;0;0;0;0;0;0;0;0;0;2;0;0;0;0
"10/02/2024";"13:19:35";"210";"Sem vítima";"392,310";"BR-163/MS";"Decrescente";"Capotamento";1;0;0;0;0;0;0;0;0;0;4;0;0;0;0
"10/02/2024";"17:42:52";"287";"Com vítima";"479,862";"BR-163/MS";"Crescente";"Queda de moto";0;0;0;1;0;0;0;0;0;0;0;4;0;0;0
"10/02/2024";"18:49:37";"312";"Com vítima";"491,514";"BR-163/MS";"Decrescente";"Colisão traseira";2;0;0;0;0;0;0;0;0;0;8;2;0;0;0
"10/02/2024";"21:03:43";"352";"Sem vítima";"306,972";"BR-163/MS";"Crescente";"Atropelamento de animal";1;0;0;0;0;0;0;0;0;0;6;0;0;0;0
"10/02/2024";"23:57:33";"403";"Com vítima";"257,183";"BR-163/MS";"Crescente";"Capotamento";1;0;0;0;0;0;0;0;0;0;0;4;0;0;0
"11/02/2024";"04:53:53";"45";"Com vítima";"475,838";"BR-163/MS";"Crescente";"Queda de moto";0;0;0;1;0;0;0;0;0;0;0;2;0;0;0
"11/02/2024";"05:10:35";"48";"Com vítima";"546,279";"BR-163/MS";"Decrescente";"Colisão transversal";1;0;0;0;0;0;0;0;0;1;8;0;2;0;0
"11/02/2024";"21:39:34";"319";"Com vítima";"280,246";"BR-163/MS";"Crescente";"Queda de moto";0;0;0;1;0;0;0;0;0;0;0;2;0;0;0
"12/02/2024";"02:53:05";"31";"Sem vítima";"689,172";"BR-163/MS";"Decrescente";"Tombamento";0;0;1;0;0;1;0;0;0;0;2;0;0;0;0
"12/02/2024";"15:42:05";"199";"Sem vítima";"239,200";"BR-163/MS";"Decrescente";"Tombamento";0;0;0;0;0;2;0;0;0;0;2;0;0;0;0
"13/02/2024";"13:45:24";"243";"Sem vítima";"564,292";"BR-163/MS";"Crescente";"Colisão lateral no mesmo sentido";1;0;2;0;0;0;0;0;0;0;16;0;0;0;0
"13/02/2024";"13:48:42";"244";"Sem vítima";"475,833";"BR-163/MS";"Crescente";"Colisão transversal";1;0;1;0;0;0;0;0;0;0;6;0;0;0;0
"13/02/2024";"16:38:41";"314";"Com vítima";"519,472";"BR-163/MS";"Crescente";"Capotamento";1;0;0;0;0;0;0;0;0;0;0;0;4;0;0
"14/02/2024";"09:12:59";"153";"Com vítima";"504,216";"BR-163/MS";"Crescente";"Choque";1;0;0;0;0;0;0;0;0;0;0;0;0;1;0
"14/02/2024";"10:47:18";"183";"Sem vítima";"68,521";"BR-163/MS";"Decrescente";"Acidentes de outra natureza";0;0;1;0;0;0;0;0;0;0;1;0;0;0;0
"14/02/2024";"16:01:57";"254";"Sem vítima";"251,849";"BR-163/MS";"Crescente";"Acidentes de outra natureza";0;0;0;0;0;2;0;0;0;0;2;0;0;0;0
"14/02/2024";"17:58:09";"294";"Com vítima";"542,650";"BR-163/MS";"Decrescente";"Colisão traseira";1;0;0;0;0;1;0;0;0;0;2;2;2;0;0
"14/02/2024";"20:30:53";"324";"Sem vítima";"150,600";"BR-163/MS";"Crescente";"Choque";0;0;0;0;0;0;0;0;0;1;2;0;0;0;0
"15/02/2024";"06:44:51";"79";"Sem vítima";"249,000";"BR-163/MS";"Crescente";"Acidentes de outra natureza";1;0;0;0;0;0;0;0;0;0;2;0;0;0;0
"15/02/2024";"07:18:56";"91";"Sem vítima";"486,000";"BR-163/MS";"Crescente";"Colisão transversal";3;0;0;0;0;0;0;0;0;0;6;0;0;0;0
"15/02/2024";"14:43:00";"207";"Com vítima";"158,572";"BR-163/MS";"Decrescente";"Colisão traseira";0;0;0;0;2;1;0;0;0;0;74;0;6;2;0
"15/02/2024";"22:11:38";"313";"Com vítima";"457,000";"BR-163/MS";"Crescente";"Atropelamento de animal";0;0;0;1;0;0;0;0;0;0;0;0;2;0;0
"16/02/2024";"03:15:07";"42";"Sem vítima";"609,388";"BR-163/MS";"Crescente";"Tombamento";0;0;0;0;0;2;0;0;0;0;2;0;0;0;0
"16/02/2024";"05:12:54";"61";"Com vítima";"609,388";"BR-163/MS";"Crescente";"Choque";1;0;0;1;0;1;0;0;0;0;6;0;0;2;0
"16/02/2024";"05:27:53";"65";"Sem vítima";"470,355";"BR-163/MS";"Decrescente";"Choque";1;0;0;0;0;0;0;0;0;0;1;0;0;0;0
"16/02/2024";"09:09:19";"183";"Sem vítima";"485,735";"BR-163/MS";"Decrescente";"Choque";0;0;2;0;0;2;0;0;0;0;6;0;0;0;0
"16/02/2024";"13:17:40";"252";"Com vítima";"512,202";"BR-163/MS";"Decrescente";"Colisão traseira";0;0;1;0;0;2;0;0;0;0;2;0;0;2;2
"16/02/2024";"23:08:22";"408";"Sem vítima";"317,795";"BR-163/MS";"Decrescente";"Atropelamento de animal";1;0;0;0;0;0;0;0;0;0;4;0;0;0;0
"16/02/2024";"23:15:32";"410";"Com vítima";"190,512";"BR-163/MS";"Crescente";"Tombamento";1;0;0;0;0;2;0;0;0;0;6;0;2;0;0
"17/02/2024";"00:25:37";"3";"Sem vítima";"441,331";"BR-163/MS";"Crescente";"Atropelamento de animal";0;0;0;0;0;0;0;0;0;1;1;0;0;0;0
"17/02/2024";"08:19:49";"103";"Sem vítima";"492,267";"BR-163/MS";"Decrescente";"Choque";0;0;0;0;0;0;0;0;0;1;10;0;0;0;0
"17/02/2024";"10:37:00";"135";"Sem vítima";"124,429";"BR-163/MS";"Crescente";"Tombamento";0;0;0;0;0;1;0;0;0;0;1;0;0;0;0
"17/02/2024";"16:01:41";"207";"Com vítima";"267,890";"BR-163/MS";"Crescente";"Colisão lateral no mesmo sentido";1;0;0;1;0;0;0;0;0;0;6;2;0;0;0
"18/02/2024";"00:19:26";"14";"Com vítima";"725,985";"BR-163/MS";"Decrescente";"Queda de moto";0;0;0;1;0;0;0;0;0;0;0;2;0;0;0
"18/02/2024";"00:57:44";"22";"Sem vítima";"124,813";"BR-163/MS";"Crescente";"Atropelamento de animal";0;0;0;0;0;0;0;0;0;1;6;0;0;0;0
"18/02/2024";"16:36:59";"208";"Sem vítima";"240,873";"BR-163/MS";"Crescente";"Acidentes de outra natureza";1;0;0;0;0;0;0;0;0;0;5;0;0;0;0
"18/02/2024";"18:50:59";"240";"Com vítima";"814,326";"BR-163/MS";"Crescente";"Colisão traseira";1;0;0;1;0;1;0;0;0;0;4;0;2;0;0
"18/02/2024";"20:47:52";"259";"Sem vítima";"281,500";"BR-163/MS";"Crescente";"Acidentes de outra natureza";1;0;0;0;0;0;0;0;0;0;1;0;0;0;0
"18/02/2024";"21:21:04";"261";"Com vítima";"640,638";"BR-163/MS";"Decrescente";"Choque";0;0;1;0;0;1;0;0;0;0;0;1;0;0;0
"18/02/2024";"21:42:47";"265";"Com vítima";"558,605";"BR-163/MS";"Decrescente";"Acidentes de outra natureza";0;0;0;0;0;0;0;0;0;1;0;1;0;0;0