data;horario;n_da_ocorrencia;tipo_de_ocorrencia;km;trecho;sentido;tipo_de_acidente;automovel;bicicleta;caminhao;moto;onibus;outros;tracao_animal;transporte_de_cargas_especiais;trator_maquinas;utilitarios;ilesos;levemente_feridos;moderadamente_feridos;gravemente_feridos;mortos
"13/09/2024";"22:03:25";"296";"Com vítima";"837,100";"BR-163/MS";"Decrescente";"Colisão transversal";0;0;0;1;0;0;0;0;0;0;0;0;0;1;0
"14/09/2024";"01:22:40";"13";"Sem vítima";"250,984";"BR-163/MS";"Decrescente";"Queda de moto";0;0;0;1;0;0;0;0;0;0;1;0;0;0;0
"14/09/2024";"09:54:04";"127";"Sem vítima";"626,994";"BR-163/MS";"Decrescente";"Acidentes de outra natureza";1;0;0;0;0;0;0;0;0;0;1;0;0;0;0
"14/09/2024";"10:14:33";"132";"Com vítima";"678,929";"BR-163/MS";"Crescente";"Colisão transversal";1;0;0;1;0;0;0;0;0;0;2;1;1;0;0
"14/09/2024";"15:05:22";"169";"Com vítima";"260,334";"BR-163/MS";"Decrescente";"Colisão lateral no mesmo sentido";1;0;0;1;0;0;0;0;0;0;1;1;0;0;0
"15/09/2024";"05:06:07";"38";"Sem vítima";"260,368";"BR-163/MS";"Decrescente";"Acidentes de outra natureza";1;0;0;0;0;0;0;0;0;0;1;0;0;0;0
"15/09/2024";"08:30:25";"92";"Com vítima";"484,416";"BR-163/MS";"Crescente";"Colisão transversal";1;0;0;0;0;0;0;0;0;1;4;1;0;0;0
"15/09/2024";"11:10:19";"111";"Sem vítima";"649,418";"BR-163/MS";"Decrescente";"Tombamento";0;0;0;0;0;3;0;0;0;0;1;0;0;0;0
"15/09/2024";"12:48:06";"125";"Com vítima";"526,500";"BR-163/MS";"Decrescente";"Tombamento";0;0;1;0;0;1;0;0;0;1;1;1;0;0;0
"15/09/2024";"16:14:00";"155";"Com vítima";"353,850";"BR-163/MS";"Crescente";"Colisão transversal";1;0;0;0;0;0;0;0;0;1;0;2;2;0;2
"15/09/2024";"18:24:54";"177";"Sem vítima";"2,388";"BR-163/MS";"Crescente";"Acidentes de outra natureza";0;0;0;0;0;0;0;0;0;1;2;0;0;0;0
"15/09/2024";"19:06:28";"187";"Sem vítima";"375,273";"BR-163/MS";"Crescente";"Acidentes de outra natureza";1;0;0;0;0;0;0;0;0;0;1;0;0;0;0
"15/09/2024";"19:30:37";"193";"Sem vítima";"315,586";"BR-163/MS";"Decrescente";"Acidentes de outra natureza";1;0;0;0;0;0;0;0;0;0;1;0;0;0;0
"15/09/2024";"22:06:23";"217";"Com vítima";"462,541";"BR-163/MS";"Crescente";"Queda de moto";0;0;0;1;0;0;0;0;0;0;0;0;1;0;0
"16/09/2024";"01:38:39";"20";"Sem vítima";"223,800";"BR-163/MS";"Crescente";"Acidentes de outra natureza";0;0;1;0;0;0;0;0;0;0;2;0;0;0;0
"16/09/2024";"18:34:21";"249";"Sem vítima";"180,331";"BR-163/MS";"Crescente";"Colisão lateral no mesmo sentido";1;0;1;0;0;0;0;0;0;0;3;0;0;0;0
"17/09/2024";"09:35:30";"86";"Sem vítima";"574,515";"BR-163/MS";"Decrescente";"Colisão lateral no mesmo sentido";0;0;1;0;0;2;0;0;0;0;2;0;0;0;0
"17/09/2024";"22:34:22";"258";"Com vítima";"307,578";"BR-163/MS";"Crescente";"Tombamento";0;0;1;0;0;1;0;0;0;0;0;1;0;0;0
"18/09/2024";"05:57:41";"52";"Com vítima";"754,259";"BR-163/MS";"Crescente";"Acidentes de outra natureza";0;0;1;0;0;1;0;0;0;0;0;0;1;0;0
"18/09/2024";"21:47:08";"262";"Sem vítima";"694,178";"BR-163/MS";"Crescente";"Atropelamento de animal";0;0;0;0;0;0;0;0;0;1;1;0;0;0;0
"18/09/2024";"22:29:45";"267";"Com vítima";"486,326";"BR-163/MS";"Crescente";"Colisão traseira";1;0;0;1;0;0;0;0;0;0;2;2;0;0;0
"19/09/2024";"07:29:43";"103";"Sem vítima";"477,670";"BR-163/MS";"Crescente";"Engavetamento";2;0;1;0;0;0;0;0;0;0;5;0;0;0;0
"19/09/2024";"07:30:35";"104";"Sem vítima";"40,378";"BR-163/MS";"Decrescente";"Tombamento";0;0;0;0;0;2;0;0;0;0;1;0;0;0;0
"19/09/2024";"09:11:49";"134";"Com vítima";"462,340";"BR-163/MS";"Crescente";"Queda de moto";0;0;0;1;0;0;0;0;0;0;0;0;0;1;0
"19/09/2024";"15:48:42";"219";"Sem vítima";"466,581";"BR-163/MS";"Crescente";"Colisão transversal";1;0;0;0;0;0;0;0;0;0;2;0;0;0;0
"20/09/2024";"07:26:05";"83";"Sem vítima";"388,189";"BR-163/MS";"Decrescente";"Atropelamento de animal";0;0;0;0;0;0;0;0;0;1;1;0;0;0;0
"20/09/2024";"07:49:14";"88";"Com vítima";"315,434";"BR-163/MS";"Crescente";"Queda de moto";0;0;0;1;0;0;0;0;0;0;0;1;0;0;0
"20/09/2024";"09:45:16";"154";"Sem vítima";"471,417";"BR-163/MS";"Decrescente";"Colisão traseira";1;0;0;0;0;0;0;0;0;1;1;0;0;0;0
"20/09/2024";"16:38:22";"288";"Com vítima";"482,443";"BR-163/MS";"Decrescente";"Colisão traseira";1;0;0;1;0;0;0;0;0;0;0;2;0;0;0
"20/09/2024";"16:58:06";"291";"Sem vítima";"727,000";"BR-163/MS";"Crescente";"Colisão traseira";1;0;0;1;0;0;0;0;0;0;2;0;0;0;0
"20/09/2024";"17:33:00";"299";"Com vítima";"257,508";"BR-163/MS";"Crescente";"Capotamento";3;0;0;0;0;0;0;0;0;0;1;1;0;0;0
"20/09/2024";"21:54:01";"336";"Com vítima";"77,752";"BR-163/MS";"Crescente";"Colisão transversal";0;0;0;1;0;0;0;0;0;1;3;2;0;0;0
"21/09/2024";"05:19:00";"29";"Sem vítima";"302,757";"BR-163/MS";"Decrescente";"Atropelamento de animal";2;0;0;0;0;0;0;0;0;0;3;0;0;0;0
"21/09/2024";"13:42:20";"108";"Sem vítima";"588,576";"BR-163/MS";"Crescente";"Acidentes de outra natureza";1;0;0;0;0;0;0;0;0;0;3;0;0;0;0
"21/09/2024";"15:17:49";"125";"Sem vítima";"100,000";"BR-163/MS";"Decrescente";"Acidentes de outra natureza";0;0;0;0;0;0;0;0;0;1;1;0;0;0;0
"21/09/2024";"18:21:50";"146";"Sem vítima";"485,708";"BR-163/MS";"Crescente";"Colisão lateral no mesmo sentido";2;0;0;0;0;0;0;0;0;0;4;0;0;0;0
"21/09/2024";"20:15:06";"164";"Sem vítima";"751,529";"BR-163/MS";"Crescente";"Colisão traseira";1;0;0;0;0;0;0;0;0;1;5;0;0;0;0
"21/09/2024";"20:38:18";"169";"Sem vítima";"438,840";"BR-163/MS";"Decrescente";"Atropelamento de animal";0;0;0;0;0;0;0;0;0;1;1;0;0;0;0
"21/09/2024";"23:46:23";"209";"Com vítima";"485,729";"BR-163/MS";"Crescente";"Colisão traseira";1;0;0;1;0;0;0;0;0;0;2;0;1;0;0
"22/09/2024";"00:59:59";"30";"Sem vítima";"343,000";"BR-163/MS";"Crescente";"Acidentes de outra natureza";1;0;0;0;0;0;0;0;0;0;1;0;0;0;0
"22/09/2024";"02:39:39";"41";"Sem vítima";"452,737";"BR-163/MS";"Crescente";"Atropelamento de animal";1;0;0;0;0;0;0;0;0;0;1;0;0;0;0
"22/09/2024";"13:48:56";"138";"Sem vítima";"432,111";"BR-163/MS";"Decrescente";"Colisão traseira";0;0;2;0;0;0;0;0;0;0;2;0;0;0;0
"22/09/2024";"16:38:39";"169";"Com vítima";"124,185";"BR-163/MS";"Decrescente";"Colisão traseira";0;0;2;0;0;0;0;0;0;0;0;1;0;0;0
"22/09/2024";"18:57:28";"199";"Com vítima";"492,658";"BR-163/MS";"Decrescente";"Atropelamento de pedestre";1;0;0;0;0;0;0;0;0;1;4;0;0;1;0
"23/09/2024";"06:21:52";"30";"Com vítima";"524,109";"BR-163/MS";"Decrescente";"Capotamento";0;0;0;0;0;1;0;0;0;1;1;1;1;0;0
"23/09/2024";"09:21:21";"89";"Sem vítima";"250,829";"BR-163/MS";"Decrescente";"Colisão traseira";0;0;0;0;0;3;0;0;0;0;2;0;0;0;0
"23/09/2024";"13:08:45";"143";"Sem vítima";"460,186";"BR-163/MS";"Crescente";"Colisão transversal";2;0;0;0;0;0;0;0;0;0;2;0;0;0;0
"23/09/2024";"18:53:34";"222";"Com vítima";"487,668";"BR-163/MS";"Crescente";"Colisão transversal";0;0;0;1;0;0;0;0;0;1;0;1;0;0;0
"23/09/2024";"19:00:21";"223";"Com vítima";"90,000";"BR-163/MS";"Decrescente";"Colisão transversal";1;0;0;0;0;2;0;0;0;0;1;1;1;0;0
"24/09/2024";"07:01:43";"57";"Com vítima";"485,637";"BR-163/MS";"Crescente";"Colisão traseira";0;0;0;1;0;0;0;0;0;1;1;0;2;0;0
"24/09/2024";"07:51:11";"81";"Sem vítima";"218,566";"BR-163/MS";"Decrescente";"Colisão lateral no mesmo sentido";1;0;0;0;0;0;0;0;0;0;2;0;0;0;0
"24/09/2024";"12:04:38";"174";"Sem vítima";"24,600";"BR-163/MS";"Crescente";"Colisão traseira";1;0;0;0;0;0;0;0;0;1;4;0;0;0;0
"24/09/2024";"14:52:52";"209";"Com vítima";"253,835";"BR-163/MS";"Decrescente";"Tombamento";0;0;0;0;0;0;0;0;0;0;0;1;0;0;0
"24/09/2024";"18:04:19";"258";"Com vítima";"485,230";"BR-163/MS";"Crescente";"Colisão traseira";1;0;0;1;0;0;0;0;0;0;1;0;1;0;0
"24/09/2024";"18:47:55";"265";"Sem vítima";"254,460";"BR-163/MS";"Crescente";"Colisão traseira";0;0;1;0;0;3;0;0;0;0;2;0;0;0;0
"25/09/2024";"07:51:31";"88";"Com vítima";"486,505";"BR-163/MS";"Decrescente";"Colisão transversal";1;0;0;1;0;0;0;0;0;0;1;1;0;0;0
"25/09/2024";"17:28:47";"253";"Com vítima";"476,316";"BR-163/MS";"Decrescente";"Colisão traseira";1;0;0;1;0;0;0;0;0;0;2;1;0;0;0
"25/09/2024";"19:55:04";"280";"Sem vítima";"527,210";"BR-163/MS";"Crescente";"Colisão traseira";0;0;2;0;0;3;0;0;0;0;2;0;0;0;0
"26/09/2024";"04:19:30";"37";"Sem vítima";"482,242";"BR-163/MS";"Decrescente";"Atropelamento de animal";0;0;0;0;0;0;0;0;0;1;0;0;0;0;0
"26/09/2024";"15:14:48";"213";"Com vítima";"455,857";"BR-163/MS";"Crescente";"Colisão transversal";1;0;1;0;0;1;0;0;0;0;2;1;0;0;0
"26/09/2024";"15:29:46";"217";"Com vítima";"222,489";"BR-163/MS";"Decrescente";"Colisão traseira";0;0;0;0;0;1;0;0;0;2;1;1;0;0;0
"26/09/2024";"17:19:19";"236";"Sem vítima";"378,307";"BR-163/MS";"Decrescente";"Acidentes de outra natureza";1;0;1;0;0;1;0;0;0;0;3;0;0;0;0
"26/09/2024";"17:53:19";"241";"Sem vítima";"173,437";"BR-163/MS";"Decrescente";"Colisão lateral no mesmo sentido";1;0;0;0;0;1;0;0;0;0;1;0;0;0;0
"26/09/2024";"18:25:57";"270";"Sem vítima";"124,630";"BR-163/MS";"Decrescente";"Atropelamento de animal";0;0;1;0;0;2;0;0;0;0;1;0;0;0;0
"26/09/2024";"20:53:06";"297";"Sem vítima";"451,891";"BR-163/MS";"Crescente";"Atropelamento de animal";0;0;0;0;0;0;0;0;0;1;1;0;0;0;0
"27/09/2024";"08:41:21";"75";"Sem vítima";"466,616";"BR-163/MS";"Crescente";"Colisão transversal";1;0;1;0;0;1;0;0;0;0;3;0;0;0;0
"27/09/2024";"10:16:30";"106";"Sem vítima";"47,207";"BR-163/MS";"Crescente";"Acidentes de outra natureza";1;0;0;0;0;0;0;0;0;0;2;0;0;0;0
"27/09/2024";"14:19:20";"132";"Sem vítima";"676,522";"BR-163/MS";"Decrescente";"Acidentes de outra natureza";0;0;1;0;0;1;0;0;0;1;2;0;0;0;0
"27/09/2024";"21:24:36";"230";"Sem vítima";"313,548";"BR-163/MS";"Crescente";"Atropelamento de animal";0;0;0;0;0;0;0;0;0;1;2;0;0;0;0
"27/09/2024";"22:19:53";"239";"Sem vítima";"179,802";"BR-163/MS";"Decrescente";"Choque";1;0;0;0;0;0;0;0;0;0;3;0;0;0;0
"28/09/2024";"14:20:43";"179";"Sem vítima";"485,230";"BR-163/MS";"Crescente";"Colisão transversal";1;0;1;0;0;0;0;0;0;0;5;0;0;0;0
"28/09/2024";"14:58:09";"187";"Sem vítima";"604,277";"BR-163/MS";"Crescente";"Acidentes de outra natureza";0;0;1;0;0;0;0;0;0;0;0;0;0;0;0
"28/09/2024";"15:54:24";"202";"Sem vítima";"444,144";"BR-163/MS";"Crescente";"Choque";1;0;0;0;0;0;0;0;0;0;3;0;0;0;0
"28/09/2024";"23:30:34";"266";"Sem vítima";"467,855";"BR-163/MS";"Decrescente";"Colisão frontal";0;0;0;1;0;0;0;0;1;0;1;0;0;0;0
"29/09/2024";"17:45:38";"169";"Com vítima";"475,788";"BR-163/MS";"Decrescente";"Colisão transversal";0;0;0;1;0;0;0;0;0;1;1;1;0;0;0
"29/09/2024";"20:06:04";"193";"Com vítima";"250,251";"BR-163/MS";"Crescente";"Capotamento";2;0;0;0;0;0;0;0;0;0;0;3;1;1;0
"30/09/2024";"02:38:52";"16";"Sem vítima";"222,500";"BR-163/MS";"Crescente";"Atropelamento de animal";1;0;0;0;0;0;0;0;0;0;2;0;0;0;0
"30/09/2024";"09:37:20";"116";"Sem vítima";"316,707";"BR-163/MS";"Decrescente";"Colisão traseira";2;0;0;0;0;0;0;0;0;0;6;0;0;0;0
"30/09/2024";"14:39:34";"181";"Com vítima";"45,720";"BR-163/MS";"Crescente";"Tombamento";0;0;1;0;0;1;0;0;0;0;0;1;0;0;0
"30/09/2024";"21:15:55";"275";"Com vítima";"444,000";"BR-163/MS";"Crescente";"Atropelamento de animal";1;0;0;0;0;0;0;0;0;0;0;1;0;0;0
"01/10/2024";"06:43:12";"43";"Com vítima";"481,519";"BR-163/MS";"Crescente";"Choque";0;0;0;1;0;0;0;0;0;0;1;0;1;0;0
"01/10/2024";"08:29:24";"92";"Com vítima";"824,535";"BR-163/MS";"Decrescente";"Tombamento";0;0;1;0;0;1;0;0;0;0;0;0;1;0;0
"01/10/2024";"10:57:48";"130";"Sem vítima";"575,337";"BR-163/MS";"Decrescente";"Acidentes de outra natureza";0;0;1;0;0;0;0;0;0;0;1;0;0;0;0
"01/10/2024";"23:55:45";"272";"Sem vítima";"490,300";"BR-163/MS";"Crescente";"Atropelamento de animal";1;0;0;0;0;0;0;0;0;0;1;0;0;0;0
"02/10/2024";"05:41:00";"37";"Com vítima";"316,490";"BR-163/MS";"Decrescente";"Queda de moto";0;0;0;1;0;0;0;0;0;0;0;1;0;0;0
"03/10/2024";"05:47:47";"31";"Com vítima";"407,173";"BR-163/MS";"Crescente";"Queda de moto";0;0;0;1;0;0;0;0;0;0;0;1;0;0;0
"03/10/2024";"06:35:35";"46";"Sem vítima";"675,366";"BR-163/MS";"Crescente";"Acidentes de outra natureza";0;0;0;0;0;0;0;0;0;1;0;0;0;0;0
"03/10/2024";"08:02:34";"76";"Sem vítima";"256,586";"BR-163/MS";"Crescente";"Acidentes de outra natureza";1;0;0;0;0;0;0;0;0;0;1;0;0;0;0
"03/10/2024";"13:54:25";"185";"Sem vítima";"556,260";"BR-163/MS";"Crescente";"Colisão lateral no mesmo sentido";1;0;1;0;0;0;0;0;0;0;2;0;0;0;0
"03/10/2024";"18:27:37";"262";"Com vítima";"486,721";"BR-163/MS";"Crescente";"Colisão transversal";1;0;0;1;0;0;0;0;0;0;1;2;0;0;0
"03/10/2024";"19:12:12";"269";"Sem vítima";"66,000";"BR-163/MS";"Decrescente";"Choque";1;0;0;0;0;0;0;0;0;0;2;0;0;0;0
"03/10/2024";"23:24:03";"291";"Com vítima";"613,900";"BR-163/MS";"Crescente";"Choque";0;0;0;1;0;0;0;0;0;0;0;1;0;0;0
"04/10/2024";"09:49:39";"116";"Sem vítima";"533,824";"BR-163/MS";"Crescente";"Colisão traseira";0;0;1;0;0;0;0;0;0;1;2;0;0;0;0
"04/10/2024";"19:28:31";"270";"Sem vítima";"664,000";"BR-163/MS";"Decrescente";"Acidentes de outra natureza";1;0;0;0;0;1;0;0;0;0;2;0;0;0;0
"05/10/2024";"10:34:20";"73";"Sem vítima";"260,436";"BR-163/MS";"Decrescente";"Acidentes de outra natureza";0;0;0;0;0;0;0;0;0;1;1;0;0;0;0
"05/10/2024";"14:00:10";"94";"Com vítima";"763,833";"BR-163/MS";"Decrescente";"Acidentes de outra natureza";0;0;0;0;0;0;0;0;0;1;1;1;0;0;0
"05/10/2024";"16:33:57";"119";"Com vítima";"260,232";"BR-163/MS";"Decrescente";"Colisão traseira";0;0;0;1;0;0;0;0;0;1;2;1;0;0;0
"06/10/2024";"06:49:52";"41";"Com vítima";"243,123";"BR-163/MS";"Crescente";"Acidentes de outra natureza";1;0;0;0;0;0;0;0;0;0;2;1;0;0;0
"06/10/2024";"16:07:41";"157";"Com vítima";"348,900";"BR-163/MS";"Decrescente";"Colisão frontal";1;0;1;0;0;0;0;0;0;0;1;0;0;1;0
"06/10/2024";"17:54:22";"172";"Com vítima";"78,203";"BR-163/MS";"Crescente";"Colisão traseira";1;0;0;1;0;0;0;0;0;0;4;1;0;0;0
"07/10/2024";"00:37:13";"12";"Sem vítima";"549,440";"BR-163/MS";"Decrescente";"Choque";1;0;0;0;0;0;0;0;0;0;1;0;0;0;0
"07/10/2024";"17:53:14";"212";"Sem vítima";"349,341";"BR-163/MS";"Crescente";"Colisão traseira";1;0;0;0;0;1;0;0;0;0;2;0;0;0;0
"07/10/2024";"18:14:41";"215";"Sem vítima";"756,760";"BR-163/MS";"Crescente";"Atropelamento de animal";1;0;0;0;0;0;0;0;0;0;3;0;0;0;0
"07/10/2024";"22:26:47";"257";"Sem vítima";"295,650";"BR-163/MS";"Crescente";"Capotamento";1;0;0;0;0;0;0;0;0;0;4;0;0;0;0
"07/10/2024";"22:33:24";"259";"Sem vítima";"256,520";"BR-163/MS";"Decrescente";"Queda de moto";1;0;0;1;0;0;0;0;0;0;1;0;0;0;0
"08/10/2024";"07:59:57";"101";"Com vítima";"485,494";"BR-163/MS";"Crescente";"Colisão traseira";0;0;2;0;0;1;0;0;0;0;3;0;1;0;0
"08/10/2024";"10:07:53";"139";"Com vítima";"472,482";"BR-163/MS";"Decrescente";"Queda de moto";0;0;0;1;0;0;0;0;0;0;0;1;0;0;0
"08/10/2024";"17:23:14";"232";"Sem vítima";"487,766";"BR-163/MS";"Decrescente";"Colisão traseira";0;0;1;0;0;0;0;0;0;1;3;0;0;0;0
"08/10/2024";"17:40:35";"235";"Sem vítima";"488,102";"BR-163/MS";"Decrescente";"Colisão traseira";1;0;0;0;0;0;0;0;0;1;2;0;0;0;0
"09/10/2024";"12:06:40";"164";"Com vítima";"486,305";"BR-163/MS";"Crescente";"Colisão lateral no mesmo sentido";0;0;1;1;0;0;0;0;0;0;2;0;0;0;1
"09/10/2024";"15:04:33";"190";"Com vítima";"163,550";"BR-163/MS";"Crescente";"Colisão lateral no mesmo sentido";0;0;2;0;0;0;0;0;0;0;0;3;0;0;0
"09/10/2024";"18:38:13";"217";"Sem vítima";"538,000";"BR-163/MS";"Crescente";"Colisão traseira";1;0;1;0;0;0;0;0;0;0;1;0;0;0;0
"10/10/2024";"03:21:45";"22";"Sem vítima";"87,150";"BR-163/MS";"Crescente";"Atropelamento de animal";0;0;0;0;0;0;0;0;0;1;1;0;0;0;0
"10/10/2024";"14:59:22";"157";"Sem vítima";"577,440";"BR-163/MS";"Crescente";"Colisão transversal";1;0;1;0;0;1;0;0;0;0;3;0;0;0;0
"10/10/2024";"15:14:48";"163";"Com vítima";"263,000";"BR-163/MS";"Decrescente";"Colisão traseira";1;0;1;0;0;0;0;0;0;0;1;1;0;0;0
"10/10/2024";"16:09:03";"182";"Sem vítima";"220,778";"BR-163/MS";"Decrescente";"Acidentes de outra natureza";0;0;1;0;0;0;0;0;0;0;1;0;0;0;0
"10/10/2024";"18:23:34";"215";"Sem vítima";"224,380";"BR-163/MS";"Crescente";"Colisão lateral no mesmo sentido";1;0;0;0;0;0;0;0;0;0;3;0;0;0;0
"11/10/2024";"07:30:50";"66";"Com vítima";"126,805";"BR-163/MS";"Crescente";"Acidentes de outra natureza";1;0;0;0;0;0;0;0;0;0;1;1;0;0;0
"11/10/2024";"09:54:17";"103";"Sem vítima";"195,772";"BR-163/MS";"Decrescente";"Acidentes de outra natureza";1;0;0;0;0;0;0;0;0;0;1;0;0;0;0
"11/10/2024";"12:04:51";"123";"Sem vítima";"396,935";"BR-163/MS";"Crescente";"Choque";0;0;0;0;0;0;0;0;0;1;1;0;0;0;0
"11/10/2024";"18:30:56";"197";"Sem vítima";"734,900";"BR-163/MS";"Decrescente";"Acidentes de outra natureza";1;0;0;0;0;0;0;0;0;0;2;0;0;0;0
"11/10/2024";"19:21:01";"204";"Com vítima";"0,267";"BR-163/MS";"Decrescente";"Colisão lateral no mesmo sentido";1;0;1;0;0;1;0;0;0;0;2;1;0;0;0
"11/10/2024";"19:27:55";"205";"Com vítima";"413,904";"BR-163/MS";"Crescente";"Atropelamento de animal";0;0;0;0;0;0;0;0;0;1;1;1;0;0;0
"12/10/2024";"06:22:02";"37";"Sem vítima";"136,460";"BR-163/MS";"Crescente";"Tombamento";0;0;1;0;0;1;0;0;0;0;1;0;0;0;0
"12/10/2024";"13:38:40";"134";"Com vítima";"722,775";"BR-163/MS";"Crescente";"Queda de moto";0;0;0;1;0;0;0;0;0;0;1;1;0;0;0
"12/10/2024";"18:14:52";"198";"Sem vítima";"614,250";"BR-163/MS";"Crescente";"Colisão traseira";2;0;0;0;0;0;0;0;0;0;5;0;0;0;0
"12/10/2024";"18:54:55";"206";"Sem vítima";"585,486";"BR-163/MS";"Crescente";"Atropelamento de animal";1;0;0;0;0;0;0;0;0;0;1;0;0;0;0
"12/10/2024";"22:04:32";"227";"Sem vítima";"410,000";"BR-163/MS";"Decrescente";"Atropelamento de animal";0;0;0;0;0;0;0;0;0;1;0;0;0;0;0
"13/10/2024";"02:37:39";"20";"Sem vítima";"749,310";"BR-163/MS";"Decrescente";"Atropelamento de animal";1;0;0;0;0;0;0;0;0;0;1;0;0;0;0
"13/10/2024";"03:01:32";"22";"Com vítima";"486,713";"BR-163/MS";"Crescente";"Colisão transversal";0;0;1;1;0;0;0;0;0;0;1;0;0;0;1
"13/10/2024";"14:19:57";"159";"Com vítima";"722,464";"BR-163/MS";"Decrescente";"Queda de moto";0;0;0;1;0;0;0;0;0;0;0;1;0;0;0
"13/10/2024";"15:17:23";"184";"Sem vítima";"669,290";"BR-163/MS";"Crescente";"Tombamento";0;0;1;0;0;1;0;0;0;0;1;0;0;0;0
"13/10/2024";"15:35:00";"188";"Com vítima";"533,817";"BR-163/MS";"Decrescente";"Engavetamento";2;0;1;0;0;0;0;0;0;0;0;8;0;0;0
"13/10/2024";"17:44:57";"216";"Com vítima";"308,274";"BR-163/MS";"Decrescente";"Colisão traseira";2;0;0;0;0;0;0;0;0;0;0;10;0;0;0
"13/10/2024";"22:04:25";"264";"Sem vítima";"768,000";"BR-163/MS";"Crescente";"Atropelamento de animal";1;0;0;0;0;0;0;0;0;0;4;0;0;0;0
"14/10/2024";"20:25:44";"239";"Com vítima";"174,000";"BR-163/MS";"Crescente";"Colisão traseira";0;1;0;0;1;0;0;0;0;0;0;17;0;0;0
"15/10/2024";"04:52:51";"21";"Sem vítima";"659,196";"BR-163/MS";"Decrescente";"Acidentes de outra natureza";0;0;0;0;0;0;0;0;0;1;1;0;0;0;0
"15/10/2024";"14:33:38";"144";"Com vítima";"273,482";"BR-163/MS";"Decrescente";"Capotamento";1;0;0;0;0;0;0;0;0;0;0;1;0;0;0
"15/10/2024";"18:24:31";"186";"Sem vítima";"487,764";"BR-163/MS";"Crescente";"Colisão lateral no mesmo sentido";1;0;0;0;0;0;0;0;0;1;2;0;0;0;0
"15/10/2024";"18:46:52";"187";"Com vítima";"643,397";"BR-163/MS";"Decrescente";"Tombamento";0;0;1;0;0;1;0;0;0;0;0;1;0;0;0
"16/10/2024";"11:55:57";"106";"Com vítima";"276,415";"BR-163/MS";"Decrescente";"Tombamento";0;0;1;0;0;0;0;0;0;0;0;1;0;0;0
"16/10/2024";"18:05:49";"181";"Com vítima";"485,564";"BR-163/MS";"Crescente";"Colisão traseira";1;0;0;1;0;0;0;0;0;0;1;1;0;0;0
"16/10/2024";"22:47:30";"222";"Sem vítima";"490,683";"BR-163/MS";"Decrescente";"Acidentes de outra natureza";1;0;0;0;0;0;0;0;0;0;1;0;0;0;0
"16/10/2024";"23:26:27";"223";"Sem vítima";"430,302";"BR-163/MS";"Crescente";"Tombamento";0;0;0;0;0;1;0;0;0;0;2;0;0;0;0
"17/10/2024";"14:24:46";"202";"Sem vítima";"614,909";"BR-163/MS";"Crescente";"Engavetamento";1;0;0;0;0;0;0;0;0;2;5;0;0;0;0
"17/10/2024";"15:32:20";"214";"Com vítima";"494,645";"BR-163/MS";"Decrescente";"Colisão traseira";2;0;0;0;0;0;0;0;0;0;0;1;2;0;0
"17/10/2024";"18:26:29";"262";"Sem vítima";"626,446";"BR-163/MS";"Crescente";"Choque";1;0;0;0;0;0;0;0;0;0;2;0;0;0;0
"17/10/2024";"18:39:51";"267";"Sem vítima";"537,289";"BR-163/MS";"Crescente";"Atropelamento de animal";1;0;0;0;0;0;0;0;0;0;3;0;0;0;0
"17/10/2024";"18:47:37";"268";"Com vítima";"576,700";"BR-163/MS";"Decrescente";"Capotamento";0;0;1;0;0;1;0;0;0;1;1;1;0;0;0
"17/10/2024";"19:38:48";"278";"Com vítima";"64,369";"BR-163/MS";"Crescente";"Capotamento";1;0;0;0;0;0;0;0;0;0;0;1;0;0;0
"18/10/2024";"07:28:56";"74";"Com vítima";"475,788";"BR-163/MS";"Decrescente";"Queda de moto";0;0;0;1;0;0;0;0;0;0;0;0;1;0;0
"18/10/2024";"10:04:31";"118";"Sem vítima";"466,445";"BR-163/MS";"Decrescente";"Colisão lateral no mesmo sentido";0;0;1;0;0;0;0;0;0;1;3;0;0;0;0
"18/10/2024";"20:41:26";"228";"Sem vítima";"741,578";"BR-163/MS";"Crescente";"Atropelamento de animal";1;0;0;0;0;0;0;0;0;0;1;0;0;0;0
"19/10/2024";"08:52:23";"68";"Com vítima";"7,590";"BR-163/MS";"Decrescente";"Choque";1;0;0;0;0;0;0;0;0;1;3;1;0;0;0
"19/10/2024";"10:27:46";"84";"Com vítima";"280,660";"BR-163/MS";"Decrescente";"Queda de moto";0;0;0;1;0;0;0;0;0;0;0;1;0;0;0
"19/10/2024";"12:12:54";"101";"Sem vítima";"660,299";"BR-163/MS";"Crescente";"Choque";0;0;0;0;0;0;0;0;0;1;1;0;0;0;0
"19/10/2024";"23:37:29";"182";"Sem vítima";"440,763";"BR-163/MS";"Crescente";"Colisão traseira";2;0;0;0;0;0;0;0;0;0;5;0;0;0;0