data;horario;n_da_ocorrencia;tipo_de_ocorrencia;km;trecho;sentido;tipo_de_acidente;automovel;bicicleta;caminhao;moto;onibus;outros;tracao_animal;transporte_de_cargas_especiais;trator_maquinas;utilitarios;ilesos;levemente_feridos;moderadamente_feridos;gravemente_feridos;mortos
"20/12/2024";"07:19:40";"71";"Sem vítima";"479,175";"BR-163/MS";"Crescente";"Colisão transversal";2;0;0;0;0;0;0;0;0;0;4;0;0;0;0
"20/12/2024";"08:00:05";"84";"Sem vítima";"6,147";"BR-163/MS";"Crescente";"Colisão traseira";0;0;1;0;0;0;0;0;0;1;3;0;0;0;0
"20/12/2024";"11:23:19";"129";"Com vítima";"415,660";"BR-163/MS";"Decrescente";"Colisão traseira";2;0;0;0;0;0;0;0;0;0;1;1;0;0;0
"20/12/2024";"14:52:40";"182";"Sem vítima";"185,954";"BR-163/MS";"Decrescente";"Acidentes de outra natureza";0;0;1;0;0;0;0;0;0;0;1;0;0;0;0
"20/12/2024";"16:00:13";"201";"Com vítima";"575,336";"BR-163/MS";"Crescente";"Colisão transversal";1;0;1;0;0;0;0;0;0;0;3;1;0;0;0
"20/12/2024";"18:13:48";"234";"Sem vítima";"522,263";"BR-163/MS";"Crescente";"Choque";0;0;0;0;0;0;0;0;0;1;1;0;0;0;0
"20/12/2024";"19:00:34";"244";"Com vítima";"517,000";"BR-163/MS";"Crescente";"Choque";0;0;0;0;0;0;0;0;0;1;2;1;0;0;0
"20/12/2024";"20:08:24";"261";"Sem vítima";"490,130";"BR-163/MS";"Crescente";"Colisão lateral no mesmo sentido";0;0;1;0;0;0;0;0;0;1;1;0;0;0;0
"20/12/2024";"21:24:35";"276";"Sem vítima";"502,259";"BR-163/MS";"Crescente";"Colisão lateral no mesmo sentido";0;0;0;0;0;0;0;0;0;2;3;0;0;0;0
"21/12/2024";"01:54:51";"33";"Sem vítima";"174,284";"BR-163/MS";"Crescente";"Acidentes de outra natureza";0;0;1;0;0;0;0;0;0;0;2;0;0;0;0
"21/12/2024";"04:02:52";"39";"Com vítima";"780,500";"BR-163/MS";"Decrescente";"Queda de moto";0;0;0;1;0;0;0;0;0;0;0;0;0;1;0
"21/12/2024";"04:06:39";"40";"Sem vítima";"502,154";"BR-163/MS";"Crescente";"Atropelamento de animal";1;0;0;0;0;0;0;0;0;0;2;0;0;0;0
"21/12/2024";"06:03:53";"56";"Sem vítima";"376,152";"BR-163/MS";"Decrescente";"Acidentes de outra natureza";1;0;0;0;0;0;0;0;0;0;1;0;0;0;0
"21/12/2024";"06:32:48";"89";"Sem vítima";"555,825";"BR-163/MS";"Decrescente";"Acidentes de outra natureza";0;0;0;0;0;0;0;0;0;1;1;0;0;0;0
"21/12/2024";"07:47:53";"127";"Sem vítima";"816,561";"BR-163/MS";"Decrescente";"Choque";1;0;0;0;0;1;0;0;0;1;7;0;0;0;0
"21/12/2024";"08:59:18";"161";"Sem vítima";"28,600";"BR-163/MS";"Decrescente";"Colisão traseira";1;0;0;0;0;0;0;0;0;2;9;0;0;0;0
"21/12/2024";"11:06:44";"202";"Com vítima";"712,461";"BR-163/MS";"Decrescente";"Colisão traseira";0;0;0;0;0;0;0;0;0;2;2;3;0;0;0
"21/12/2024";"11:34:59";"223";"Sem vítima";"526,500";"BR-163/MS";"Crescente";"Colisão frontal";1;0;0;0;0;0;0;0;0;1;4;0;0;0;0
"21/12/2024";"12:46:38";"243";"Com vítima";"784,669";"BR-163/MS";"Crescente";"Colisão traseira";1;0;0;0;0;0;0;0;0;2;8;1;0;0;0
"21/12/2024";"16:51:14";"324";"Com vítima";"528,197";"BR-163/MS";"Crescente";"Engavetamento";2;0;0;0;0;0;0;0;0;1;6;2;0;0;0
"21/12/2024";"18:12:37";"354";"Com vítima";"681,300";"BR-163/MS";"Crescente";"Colisão transversal";0;0;0;1;0;1;0;0;0;0;0;1;0;0;0
"22/12/2024";"08:07:11";"113";"Com vítima";"485,805";"BR-163/MS";"Crescente";"Engavetamento";3;0;0;0;0;0;0;0;0;0;1;4;0;0;0
"22/12/2024";"08:17:49";"119";"Sem vítima";"554,952";"BR-163/MS";"Decrescente";"Engavetamento";1;0;0;0;0;1;0;0;0;1;5;0;0;0;0
"22/12/2024";"08:40:03";"126";"Com vítima";"842,358";"BR-163/MS";"Decrescente";"Queda de moto";0;0;0;1;0;0;0;0;0;0;0;0;1;0;0
"22/12/2024";"12:24:14";"179";"Sem vítima";"547,458";"BR-163/MS";"Crescente";"Colisão traseira";2;0;0;0;0;0;0;0;0;0;7;0;0;0;0
"22/12/2024";"13:05:13";"188";"Com vítima";"324,487";"BR-163/MS";"Decrescente";"Colisão frontal";1;0;0;0;0;0;0;0;0;1;1;0;0;1;0
"22/12/2024";"19:42:52";"305";"Com vítima";"354,000";"BR-163/MS";"Crescente";"Queda de moto";0;0;0;1;0;0;0;0;0;0;0;1;1;0;0
"22/12/2024";"22:20:28";"325";"Sem vítima";"664,704";"BR-163/MS";"Decrescente";"Atropelamento de animal";0;0;0;0;0;0;0;0;0;2;4;0;0;0;0
"23/12/2024";"01:45:52";"20";"Com vítima";"446,722";"BR-163/MS";"Crescente";"Tombamento";0;0;1;0;0;0;0;0;0;0;0;1;0;0;0
"23/12/2024";"11:45:37";"145";"Sem vítima";"821,895";"BR-163/MS";"Crescente";"Acidentes de outra natureza";1;0;0;0;0;0;0;0;0;0;3;0;0;0;0
"23/12/2024";"12:02:23";"151";"Com vítima";"457,260";"BR-163/MS";"Crescente";"Choque";0;0;0;0;0;1;0;0;0;1;0;3;1;0;1
"23/12/2024";"13:50:18";"174";"Com vítima";"609,404";"BR-163/MS";"Decrescente";"Acidentes de outra natureza";1;0;0;0;0;0;0;0;0;0;1;1;0;0;0
"23/12/2024";"15:48:19";"203";"Sem vítima";"260,699";"BR-163/MS";"Decrescente";"Acidentes de outra natureza";1;0;0;0;0;0;0;0;0;0;1;0;0;0;0
"23/12/2024";"18:43:14";"269";"Sem vítima";"495,000";"BR-163/MS";"Crescente";"Capotamento";0;0;0;0;0;0;0;0;0;1;3;0;0;0;0
"23/12/2024";"20:05:26";"311";"Com vítima";"42,500";"BR-163/MS";"Decrescente";"Acidentes de outra natureza";0;0;0;0;0;0;0;0;0;1;0;1;0;0;0
"23/12/2024";"22:09:08";"328";"Sem vítima";"139,440";"BR-163/MS";"Crescente";"Atropelamento de animal";1;0;0;0;0;0;0;0;0;0;4;0;0;0;0
"23/12/2024";"23:19:44";"342";"Sem vítima";"277,254";"BR-163/MS";"Crescente";"Atropelamento de animal";2;0;0;0;0;0;0;0;0;0;4;0;0;0;0
"24/12/2024";"07:56:05";"84";"Sem vítima";"561,508";"BR-163/MS";"Crescente";"Colisão lateral no mesmo sentido";0;0;0;0;0;2;0;0;0;1;4;0;0;0;0
"24/12/2024";"19:48:49";"267";"Com vítima";"179,840";"BR-163/MS";"Decrescente";"Colisão lateral no mesmo sentido";1;0;1;0;0;0;0;0;0;0;7;1;0;0;0
"24/12/2024";"21:50:08";"287";"Sem vítima";"295,585";"BR-163/MS";"Decrescente";"Colisão transversal";2;0;0;0;0;0;0;0;0;0;6;0;0;0;0
"25/12/2024";"03:43:24";"33";"Com vítima";"840,492";"BR-163/MS";"Decrescente";"Queda de moto";0;0;0;1;0;0;0;0;0;0;0;0;0;1;0
"25/12/2024";"07:30:52";"54";"Com vítima";"281,326";"BR-163/MS";"Crescente";"Choque";0;0;0;1;0;0;0;0;0;0;1;1;0;0;0
"25/12/2024";"10:34:15";"75";"Sem vítima";"670,649";"BR-163/MS";"Crescente";"Acidentes de outra natureza";0;0;0;0;0;0;0;0;0;1;1;0;0;0;0
"25/12/2024";"11:10:20";"79";"Sem vítima";"787,998";"BR-163/MS";"Decrescente";"Choque";1;0;0;0;0;0;0;0;0;0;4;0;0;0;0
"25/12/2024";"16:17:47";"128";"Sem vítima";"677,688";"BR-163/MS";"Crescente";"Tombamento";0;0;1;0;0;1;0;0;0;0;1;0;0;0;0
"25/12/2024";"17:07:42";"139";"Com vítima";"470,752";"BR-163/MS";"Decrescente";"Colisão transversal";2;0;0;0;0;0;0;0;0;0;3;1;0;0;0
"25/12/2024";"18:49:53";"157";"Com vítima";"680,533";"BR-163/MS";"Decrescente";"Colisão transversal";1;0;0;1;0;0;0;0;0;0;1;2;0;0;0
"26/12/2024";"07:02:50";"64";"Sem vítima";"295,158";"BR-163/MS";"Decrescente";"Acidentes de outra natureza";1;0;0;0;0;0;0;0;0;0;1;0;0;0;0
"26/12/2024";"12:26:35";"189";"Sem vítima";"508,316";"BR-163/MS";"Decrescente";"Acidentes de outra natureza";1;0;0;0;0;0;0;0;0;0;3;0;0;0;0
"26/12/2024";"12:45:42";"193";"Com vítima";"601,596";"BR-163/MS";"Crescente";"Acidentes de outra natureza";1;0;0;0;0;0;0;0;0;0;4;1;0;0;0
"26/12/2024";"18:07:47";"267";"Com vítima";"481,241";"BR-163/MS";"Crescente";"Queda de moto";0;0;0;1;0;0;0;0;0;0;0;1;0;0;0
"27/12/2024";"05:42:32";"33";"Com vítima";"379,477";"BR-163/MS";"Decrescente";"Capotamento";1;0;0;0;0;0;0;0;0;0;0;1;1;0;0
"27/12/2024";"13:41:04";"184";"Sem vítima";"470,801";"BR-163/MS";"Crescente";"Colisão transversal";1;0;0;0;0;0;0;0;0;1;4;0;0;0;0
"27/12/2024";"17:43:51";"262";"Com vítima";"503,514";"BR-163/MS";"Crescente";"Colisão lateral no mesmo sentido";0;0;0;1;0;0;0;0;0;1;5;1;0;0;0
"27/12/2024";"19:27:35";"280";"Sem vítima";"317,449";"BR-163/MS";"Crescente";"Atropelamento de animal";1;0;0;0;0;0;0;0;0;0;3;0;0;0;0
"27/12/2024";"22:47:26";"300";"Com vítima";"196,500";"BR-163/MS";"Crescente";"Atropelamento de animal";0;0;0;1;0;0;0;0;0;0;0;0;2;0;0
"27/12/2024";"22:57:22";"301";"Sem vítima";"450,571";"BR-163/MS";"Decrescente";"Atropelamento de animal";1;0;0;0;0;0;0;0;0;0;1;0;0;0;0
"28/12/2024";"09:45:36";"132";"Com vítima";"333,934";"BR-163/MS";"Decrescente";"Capotamento";0;0;0;0;0;0;0;0;0;1;3;1;0;0;0
"29/12/2024";"18:31:21";"221";"Com vítima";"346,205";"BR-163/MS";"Crescente";"Tombamento";0;0;0;0;0;2;0;0;0;0;0;1;0;0;0
"30/12/2024";"01:20:10";"18";"Sem vítima";"404,377";"BR-163/MS";"Decrescente";"Capotamento";1;0;0;0;0;0;0;0;0;0;7;0;0;0;0
"30/12/2024";"03:38:38";"27";"Com vítima";"717,758";"BR-163/MS";"Decrescente";"Atropelamento de animal";0;0;0;0;0;0;0;0;0;1;3;2;0;0;0
"30/12/2024";"12:22:40";"143";"Sem vítima";"615,755";"BR-163/MS";"Decrescente";"Colisão transversal";1;0;0;0;0;0;0;0;0;1;6;0;0;0;0
"30/12/2024";"17:54:36";"214";"Sem vítima";"264,893";"BR-163/MS";"Decrescente";"Tombamento";0;0;1;0;0;1;0;0;0;0;1;0;0;0;0
"30/12/2024";"19:56:27";"235";"Com vítima";"512,938";"BR-163/MS";"Crescente";"Choque";0;0;0;1;0;1;0;0;0;0;0;0;1;0;0
"31/12/2024";"02:23:36";"22";"Sem vítima";"405,936";"BR-163/MS";"Crescente";"Atropelamento de animal";1;0;0;0;0;0;0;0;0;0;4;0;0;0;0
"31/12/2024";"10:01:08";"78";"Com vítima";"295,268";"BR-163/MS";"Decrescente";"Engavetamento";2;0;0;0;0;1;0;0;0;2;0;12;0;0;0
"31/12/2024";"22:02:12";"215";"Sem vítima";"471,000";"BR-163/MS";"Crescente";"Colisão lateral no mesmo sentido";0;0;1;0;0;1;0;0;0;1;3;0;0;0;0
"01/01/2025";"14:58:09";"100";"Com vítima";"755,230";"BR-163/MS";"Decrescente";"Queda de moto";0;0;0;1;0;0;0;0;0;0;1;0;1;0;0
"01/01/2025";"16:34:58";"133";"Sem vítima";"590,925";"BR-163/MS";"Decrescente";"Acidentes de outra natureza";1;0;0;0;0;0;0;0;0;0;4;0;0;0;0
"02/01/2025";"01:32:00";"16";"Sem vítima";"397,127";"BR-163/MS";"Decrescente";"Atropelamento de animal";1;0;0;0;0;0;0;0;0;0;4;0;0;0;0
"02/01/2025";"12:54:08";"144";"Sem vítima";"51,243";"BR-163/MS";"Decrescente";"Acidentes de outra natureza";1;0;0;0;0;0;0;0;0;0;3;0;0;0;0
"02/01/2025";"14:31:59";"163";"Com vítima";"548,000";"BR-163/MS";"Crescente";"Colisão lateral no mesmo sentido";2;0;0;0;0;0;0;0;0;0;4;1;0;0;0
"02/01/2025";"15:24:31";"170";"Com vítima";"398,885";"BR-163/MS";"Crescente";"Colisão traseira";1;0;0;0;0;0;0;0;0;1;2;1;0;0;0
"03/01/2025";"00:35:47";"15";"Sem vítima";"427,526";"BR-163/MS";"Crescente";"Atropelamento de animal";1;0;0;0;0;0;0;0;0;0;2;0;0;0;0
"03/01/2025";"07:06:05";"67";"Sem vítima";"612,209";"BR-163/MS";"Crescente";"Colisão traseira";3;0;0;0;0;0;0;0;0;0;6;0;0;0;0
"03/01/2025";"11:39:09";"133";"Com vítima";"729,644";"BR-163/MS";"Crescente";"Colisão traseira";1;0;0;0;0;0;0;0;0;1;2;1;1;0;0
"03/01/2025";"13:31:13";"154";"Sem vítima";"194,646";"BR-163/MS";"Decrescente";"Capotamento";0;0;0;0;0;0;0;0;0;1;2;0;0;0;0
"03/01/2025";"18:22:25";"224";"Sem vítima";"793,613";"BR-163/MS";"Decrescente";"Colisão lateral no mesmo sentido";1;0;0;0;0;0;0;0;0;0;4;0;0;0;0
"03/01/2025";"22:52:37";"257";"Sem vítima";"559,000";"BR-163/MS";"Decrescente";"Atropelamento de animal";1;0;0;0;0;0;0;0;0;0;3;0;0;0;0
"04/01/2025";"11:19:50";"125";"Sem vítima";"756,205";"BR-163/MS";"Decrescente";"Colisão lateral no mesmo sentido";1;0;0;0;0;0;0;0;0;1;7;0;0;0;0
"04/01/2025";"14:05:57";"159";"Sem vítima";"533,214";"BR-163/MS";"Decrescente";"Colisão traseira";1;0;0;0;0;1;0;0;0;0;2;0;0;0;0
"04/01/2025";"20:34:15";"278";"Sem vítima";"84,500";"BR-163/MS";"Crescente";"Colisão traseira";1;0;0;0;0;0;0;0;0;0;1;0;0;0;0
"04/01/2025";"21:09:36";"281";"Com vítima";"80,000";"BR-163/MS";"Decrescente";"Queda de moto";1;0;0;0;0;0;0;0;0;0;0;1;1;0;0
"05/01/2025";"18:17:27";"193";"Sem vítima";"126,802";"BR-163/MS";"Crescente";"Acidentes de outra natureza";1;0;0;0;0;0;0;0;0;0;1;0;0;0;0
"05/01/2025";"21:52:48";"231";"Sem vítima";"414,190";"BR-163/MS";"Crescente";"Atropelamento de animal";1;0;0;0;0;0;0;0;0;0;3;0;0;0;0
"06/01/2025";"06:51:47";"58";"Com vítima";"617,335";"BR-163/MS";"Crescente";"Colisão traseira";1;0;1;0;0;3;0;0;0;0;2;1;0;0;0
"06/01/2025";"09:46:09";"119";"Sem vítima";"1,800";"BR-163/MS";"Crescente";"Colisão traseira";0;0;0;0;0;0;0;0;0;2;4;0;0;0;0
"06/01/2025";"12:38:56";"164";"Sem vítima";"670,650";"BR-163/MS";"Decrescente";"Acidentes de outra natureza";1;0;0;0;0;0;0;0;0;0;2;0;0;0;0
"06/01/2025";"16:20:24";"227";"Com vítima";"485,957";"BR-163/MS";"Decrescente";"Queda de moto";0;0;0;1;0;0;0;0;0;0;1;1;0;0;0
"07/01/2025";"09:13:07";"155";"Sem vítima";"550,499";"BR-163/MS";"Crescente";"Capotamento";0;0;0;0;0;0;0;0;0;1;1;0;0;0;0
"07/01/2025";"09:45:03";"169";"Com vítima";"518,905";"BR-163/MS";"Crescente";"Choque";1;0;0;0;0;0;0;0;0;0;0;0;1;1;0
"07/01/2025";"11:09:22";"183";"Sem vítima";"556,716";"BR-163/MS";"Decrescente";"Colisão traseira";0;0;0;0;0;0;0;0;0;2;9;0;0;0;0
"08/01/2025";"08:55:40";"85";"Sem vítima";"99,436";"BR-163/MS";"Crescente";"Colisão traseira";0;0;1;0;0;0;0;0;0;1;1;0;0;0;0
"08/01/2025";"13:11:07";"145";"Sem vítima";"238,310";"BR-163/MS";"Decrescente";"Colisão traseira";0;0;2;0;0;0;0;0;0;0;1;0;0;0;0
"09/01/2025";"10:49:26";"203";"Com vítima";"183,493";"BR-163/MS";"Decrescente";"Capotamento";0;0;0;0;0;0;0;0;0;1;3;1;0;0;0
"09/01/2025";"14:11:31";"252";"Sem vítima";"188,730";"BR-163/MS";"Crescente";"Tombamento";0;0;1;0;0;0;0;0;0;0;1;0;0;0;0
"09/01/2025";"16:13:06";"280";"Com vítima";"527,439";"BR-163/MS";"Crescente";"Choque";1;0;1;0;0;0;0;0;0;0;3;2;0;0;0
"09/01/2025";"22:08:58";"390";"Com vítima";"267,843";"BR-163/MS";"Crescente";"Colisão lateral no mesmo sentido";1;0;0;1;0;0;0;0;0;0;1;0;1;0;0
"10/01/2025";"04:12:47";"33";"Com vítima";"60,000";"BR-163/MS";"Decrescente";"Queda de moto";0;0;0;1;0;0;0;0;0;0;0;0;0;1;0
"10/01/2025";"05:27:52";"47";"Sem vítima";"723,103";"BR-163/MS";"Decrescente";"Choque";1;0;0;0;0;0;0;0;0;0;1;0;0;0;0
"10/01/2025";"06:37:42";"97";"Com vítima";"254,957";"BR-163/MS";"Decrescente";"Queda de moto";0;0;0;1;0;0;0;0;0;0;0;0;0;0;1
"10/01/2025";"09:26:26";"156";"Com vítima";"680,317";"BR-163/MS";"Crescente";"Colisão lateral no mesmo sentido";1;0;0;1;0;0;0;0;0;0;4;1;0;0;0
"10/01/2025";"09:32:26";"159";"Sem vítima";"618,214";"BR-163/MS";"Crescente";"Queda de moto";0;0;0;1;0;0;0;0;0;0;1;0;0;0;0
"10/01/2025";"14:28:12";"240";"Sem vítima";"206,575";"BR-163/MS";"Decrescente";"Tombamento";0;0;0;0;0;2;0;0;0;0;1;0;0;0;0
"10/01/2025";"20:34:36";"348";"Com vítima";"680,360";"BR-163/MS";"Crescente";"Colisão transversal";0;0;0;1;0;3;0;0;0;0;1;1;0;0;0
"11/01/2025";"00:33:09";"12";"Com vítima";"837,308";"BR-163/MS";"Decrescente";"Queda de moto";0;0;0;1;0;0;0;0;0;0;0;0;1;0;0
"11/01/2025";"02:27:54";"16";"Sem vítima";"730,305";"BR-163/MS";"Decrescente";"Choque";0;0;0;0;0;0;0;0;0;1;1;0;0;0;0
"11/01/2025";"09:32:39";"73";"Com vítima";"795,459";"BR-163/MS";"Crescente";"Acidentes de outra natureza";1;0;0;0;0;0;0;0;0;0;0;2;2;0;0
"11/01/2025";"18:11:49";"168";"Sem vítima";"191,203";"BR-163/MS";"Decrescente";"Acidentes de outra natureza";0;0;1;0;0;0;0;0;0;0;1;0;0;0;0
"11/01/2025";"20:39:30";"198";"Sem vítima";"139,620";"BR-163/MS";"Crescente";"Atropelamento de animal";1;0;0;0;0;0;0;0;0;0;1;0;0;0;0
"11/01/2025";"20:49:08";"199";"Sem vítima";"226,919";"BR-163/MS";"Crescente";"Engavetamento";0;0;0;0;0;0;0;0;0;2;6;0;0;0;0
"12/01/2025";"05:28:26";"44";"Com vítima";"461,484";"BR-163/MS";"Decrescente";"Colisão transversal";0;0;1;1;0;0;0;0;0;0;1;0;0;1;0
"12/01/2025";"08:19:51";"76";"Com vítima";"483,157";"BR-163/MS";"Crescente";"Colisão transversal";1;0;0;0;0;2;0;0;0;0;1;1;0;0;0
"12/01/2025";"12:19:39";"114";"Sem vítima";"484,392";"BR-163/MS";"Decrescente";"Colisão lateral no mesmo sentido";1;0;1;0;0;0;0;0;0;0;2;0;0;0;0
"12/01/2025";"18:35:00";"179";"Com vítima";"370,431";"BR-163/MS";"Crescente";"Acidentes de outra natureza";1;0;0;0;0;0;0;0;0;0;0;0;2;0;0
"13/01/2025";"13:34:12";"179";"Com vítima";"582,376";"BR-163/MS";"Crescente";"Acidentes de outra natureza";1;0;0;0;0;0;0;0;0;0;0;1;0;0;0
"13/01/2025";"18:23:55";"236";"Sem vítima";"64,617";"BR-163/MS";"Decrescente";"Acidentes de outra natureza";0;0;1;0;0;0;0;0;0;0;1;0;0;0;0
"13/01/2025";"18:33:56";"239";"Sem vítima";"13,823";"BR-163/MS";"Crescente";"Acidentes de outra natureza";1;0;0;0;0;0;0;0;0;0;2;0;0;0;0
"13/01/2025";"19:06:41";"243";"Sem vítima";"266,861";"BR-163/MS";"Crescente";"Acidentes de outra natureza";0;0;0;0;0;0;0;0;0;1;4;0;0;0;0
"13/01/2025";"22:09:40";"263";"Com vítima";"257,508";"BR-163/MS";"Decrescente";"Colisão lateral no mesmo sentido";0;0;0;1;0;0;0;0;0;1;1;1;0;0;0
"14/01/2025";"08:13:24";"102";"Sem vítima";"595,000";"BR-163/MS";"Crescente";"Acidentes de outra natureza";1;0;0;0;0;0;0;0;0;0;1;0;0;0;0
"14/01/2025";"13:50:21";"206";"Sem vítima";"278,754";"BR-163/MS";"Decrescente";"Acidentes de outra natureza";0;0;0;0;0;0;0;0;0;1;1;0;0;0;0
"14/01/2025";"16:49:09";"254";"Sem vítima";"745,000";"BR-163/MS";"Crescente";"Colisão traseira";0;0;0;0;0;0;0;0;0;1;1;0;0;0;0
"14/01/2025";"16:54:14";"256";"Sem vítima";"264,000";"BR-163/MS";"Crescente";"Acidentes de outra natureza";0;0;0;0;0;1;0;0;0;1;2;0;0;0;0
"14/01/2025";"18:55:37";"308";"Com vítima";"681,311";"BR-163/MS";"Crescente";"Colisão transversal";1;0;0;0;0;0;0;0;0;1;5;1;0;0;0
"15/01/2025";"07:57:55";"82";"Com vítima";"316,649";"BR-163/MS";"Crescente";"Tombamento";0;0;0;0;0;2;0;0;0;0;0;0;0;0;0
"15/01/2025";"10:00:04";"132";"Sem vítima";"656,500";"BR-163/MS";"Decrescente";"Engavetamento";2;0;1;0;0;1;0;0;0;0;5;0;0;0;0
"15/01/2025";"13:24:11";"176";"Com vítima";"529,950";"BR-163/MS";"Crescente";"Tombamento";0;0;1;0;0;1;0;0;0;0;0;1;0;0;0
"15/01/2025";"16:39:09";"226";"Sem vítima";"90,600";"BR-163/MS";"Decrescente";"Acidentes de outra natureza";1;0;0;0;0;0;0;0;0;0;4;0;0;0;0
"15/01/2025";"19:29:25";"264";"Com vítima";"456,000";"BR-163/MS";"Decrescente";"Colisão lateral no mesmo sentido";1;0;0;0;0;0;0;0;0;1;0;8;0;0;0
"15/01/2025";"20:17:11";"268";"Sem vítima";"517,000";"BR-163/MS";"Decrescente";"Atropelamento de animal";1;0;0;0;0;0;0;0;0;0;2;0;0;0;0
"16/01/2025";"10:12:48";"152";"Sem vítima";"206,000";"BR-163/MS";"Crescente";"Tombamento";0;0;1;0;0;1;0;0;0;0;1;0;0;0;0
"16/01/2025";"15:39:35";"213";"Com vítima";"610,412";"BR-163/MS";"Decrescente";"Queda de moto";0;0;0;1;0;0;0;0;0;0;0;0;1;0;0
"16/01/2025";"15:43:53";"216";"Sem vítima";"581,000";"BR-163/MS";"Crescente";"Acidentes de outra natureza";1;0;0;0;0;0;0;0;0;0;3;0;0;0;0
"16/01/2025";"17:29:53";"233";"Com vítima";"473,000";"BR-163/MS";"Crescente";"Queda de moto";0;0;1;1;0;0;0;0;0;0;0;1;0;0;0
"16/01/2025";"17:55:26";"238";"Com vítima";"31,431";"BR-163/MS";"Crescente";"Colisão transversal";0;0;0;0;0;5;0;0;0;0;1;0;0;0;1
"16/01/2025";"21:56:01";"278";"Sem vítima";"404,103";"BR-163/MS";"Crescente";"Atropelamento de animal";0;0;1;0;0;0;0;0;0;0;1;0;0;0;0
"17/01/2025";"01:55:54";"24";"Com vítima";"21,556";"BR-163/MS";"Decrescente";"Queda de moto";0;0;0;1;0;0;0;0;0;0;0;1;0;0;0
"17/01/2025";"07:20:55";"88";"Com vítima";"179,995";"BR-163/MS";"Crescente";"Capotamento";0;0;0;0;0;0;0;0;0;1;0;1;0;0;0
"17/01/2025";"13:43:47";"190";"Com vítima";"186,861";"BR-163/MS";"Decrescente";"Tombamento";0;0;0;0;0;2;0;0;0;0;0;1;0;0;0
"17/01/2025";"16:14:37";"217";"Com vítima";"470,788";"BR-163/MS";"Crescente";"Colisão transversal";2;0;0;0;0;0;0;0;0;0;3;1;0;0;0
"17/01/2025";"20:18:55";"261";"Sem vítima";"665,859";"BR-163/MS";"Crescente";"Atropelamento de animal";1;0;0;0;0;0;0;0;0;0;5;0;0;0;0
"18/01/2025";"04:52:48";"34";"Com vítima";"348,295";"BR-163/MS";"Decrescente";"Choque";1;0;0;0;0;0;0;0;0;0;3;1;0;0;0
"18/01/2025";"08:48:42";"96";"Com vítima";"289,500";"BR-163/MS";"Decrescente";"Colisão frontal";0;0;0;1;0;1;0;0;0;0;0;1;0;0;0
"18/01/2025";"19:12:46";"274";"Sem vítima";"779,177";"BR-163/MS";"Crescente";"Atropelamento de animal";0;0;1;0;0;0;0;0;0;0;2;0;0;0;0
"18/01/2025";"22:55:27";"297";"Sem vítima";"407,577";"BR-163/MS";"Crescente";"Atropelamento de animal";1;0;0;0;0;0;0;0;0;0;1;0;0;0;0
"19/01/2025";"01:40:10";"16";"Sem vítima";"41,706";"BR-163/MS";"Crescente";"Acidentes de outra natureza";1;0;0;0;0;0;0;0;0;0;1;0;0;0;0
"19/01/2025";"16:26:30";"168";"Sem vítima";"812,600";"BR-163/MS";"Decrescente";"Colisão traseira";1;0;0;0;0;1;0;0;0;0;3;0;0;0;0
"19/01/2025";"18:31:49";"191";"Sem vítima";"372,375";"BR-163/MS";"Decrescente";"Capotamento";1;0;0;0;0;0;0;0;0;0;2;0;0;0;0
"19/01/2025";"23:59:41";"212";"Sem vítima";"424,000";"BR-163/MS";"Decrescente";"Atropelamento de animal";1;0;0;0;0;0;0;0;0;0;3;0;0;0;0
"20/01/2025";"04:58:57";"23";"Com vítima";"567,577";"BR-163/MS";"Decrescente";"Tombamento";0;0;1;0;0;1;0;0;0;0;0;1;0;0;0
"20/01/2025";"11:18:00";"150";"Sem vítima";"206,000";"BR-163/MS";"Crescente";"Colisão transversal";0;0;1;0;0;2;0;0;0;0;2;0;0;0;0
"20/01/2025";"13:59:46";"192";"Sem vítima";"117,746";"BR-163/MS";"Decrescente";"Acidentes de outra natureza";0;0;0;0;0;0;0;0;0;1;2;0;0;0;0
"20/01/2025";"14:07:13";"199";"Sem vítima";"117,000";"BR-163/MS";"Decrescente";"Acidentes de outra natureza";0;0;0;0;0;0;0;0;0;1;1;0;0;0;0
"20/01/2025";"19:26:01";"258";"Sem vítima";"436,202";"BR-163/MS";"Crescente";"Atropelamento de animal";0;0;0;0;0;0;0;0;0;1;1;0;0;0;0
"21/01/2025";"19:45:00";"270";"Com vítima";"591,203";"BR-163/MS";"Decrescente";"Atropelamento de pedestre";1;0;0;0;0;0;0;0;0;0;0;2;0;0;0
"21/01/2025";"23:00:42";"287";"Com vítima";"21,262";"BR-163/MS";"Decrescente";"Colisão transversal";1;0;0;1;0;0;0;0;0;0;0;2;0;0;0