data;horario;n_da_ocorrencia;tipo_de_ocorrencia;km;trecho;sentido;tipo_de_acidente;automovel;bicicleta;caminhao;moto;onibus;outros;tracao_animal;transporte_de_cargas_especiais;trator_maquinas;utilitarios;ilesos;levemente_feridos;moderadamente_feridos;gravemente_feridos;mortos
"22/01/2025";"05:32:28";"35";"Sem vítima";"799,967";"BR-163/MS";"Decrescente";"Tombamento";0;0;0;0;0;3;0;0;0;0;1;0;0;0;0
"22/01/2025";"13:59:18";"186";"Com vítima";"752,000";"BR-163/MS";"Crescente";"Colisão lateral no mesmo sentido";0;0;1;0;0;0;0;0;0;1;1;1;0;0;0
"22/01/2025";"20:12:47";"253";"Sem vítima";"486,730";"BR-163/MS";"Crescente";"Colisão traseira";2;0;0;0;0;0;0;0;0;0;2;0;0;0;0
"23/01/2025";"02:55:47";"29";"Sem vítima";"626,145";"BR-163/MS";"Decrescente";"Acidentes de outra natureza";1;0;0;0;0;0;0;0;0;0;1;0;0;0;0
"23/01/2025";"12:43:01";"188";"Com vítima";"615,353";"BR-163/MS";"Crescente";"Colisão transversal";0;0;0;1;0;1;0;0;0;1;0;1;0;0;0
"23/01/2025";"12:48:55";"190";"Com vítima";"10,950";"BR-163/MS";"Decrescente";"Acidentes de outra natureza";0;0;0;0;0;0;0;0;0;1;0;1;0;0;0
"23/01/2025";"17:41:08";"246";"Com vítima";"364,367";"BR-163/MS";"Decrescente";"Colisão traseira";0;0;1;0;0;3;0;0;0;0;1;1;0;0;0
"23/01/2025";"20:11:18";"275";"Sem vítima";"600,456";"BR-163/MS";"Crescente";"Atropelamento de animal";1;0;0;0;0;0;0;0;0;0;3;0;0;0;0
"24/01/2025";"01:11:28";"21";"Sem vítima";"8,902";"BR-163/MS";"Decrescente";"Choque";0;0;0;0;0;0;0;0;0;1;6;0;0;0;0
"24/01/2025";"05:55:23";"46";"Sem vítima";"423,907";"BR-163/MS";"Crescente";"Atropelamento de animal";1;0;0;0;0;0;0;0;0;0;3;0;0;0;0
"24/01/2025";"09:44:31";"140";"Com vítima";"455,726";"BR-163/MS";"Decrescente";"Queda de moto";0;0;0;1;0;0;0;0;0;0;0;1;0;0;0
"24/01/2025";"10:01:41";"148";"Sem vítima";"342,000";"BR-163/MS";"Decrescente";"Colisão traseira";1;0;0;0;0;0;0;0;0;1;7;0;0;0;0
"24/01/2025";"11:40:12";"181";"Sem vítima";"533,813";"BR-163/MS";"Decrescente";"Colisão traseira";2;0;1;0;0;0;0;0;0;0;5;0;0;0;0
"24/01/2025";"23:21:42";"319";"Sem vítima";"227,000";"BR-163/MS";"Decrescente";"Atropelamento de animal";1;0;0;0;0;0;0;0;0;0;2;0;0;0;0
"25/01/2025";"05:38:14";"40";"Com vítima";"793,472";"BR-163/MS";"Decrescente";"Queda de moto";0;0;0;1;0;0;0;0;0;0;0;0;1;0;0
"25/01/2025";"11:14:24";"124";"Sem vítima";"75,598";"BR-163/MS";"Crescente";"Choque";0;0;0;0;0;0;0;0;0;1;3;0;0;0;0
"25/01/2025";"14:44:48";"167";"Com vítima";"673,660";"BR-163/MS";"Crescente";"Tombamento";0;0;1;0;0;0;0;0;0;0;1;0;0;0;0
"25/01/2025";"14:49:51";"168";"Sem vítima";"675,500";"BR-163/MS";"Crescente";"Colisão lateral no mesmo sentido";0;0;1;0;0;0;0;0;0;0;2;0;0;0;0
"25/01/2025";"15:54:10";"181";"Sem vítima";"696,179";"BR-163/MS";"Decrescente";"Tombamento";0;0;0;0;0;2;0;0;0;0;3;0;0;0;0
"25/01/2025";"16:27:12";"184";"Sem vítima";"28,200";"BR-163/MS";"Decrescente";"Choque";1;0;0;0;0;1;0;0;0;0;1;0;0;0;0
"26/01/2025";"06:18:01";"54";"Com vítima";"843,285";"BR-163/MS";"Decrescente";"Tombamento";0;0;1;0;0;1;0;0;0;0;0;1;0;0;0
"26/01/2025";"13:45:48";"138";"Sem vítima";"662,141";"BR-163/MS";"Decrescente";"Tombamento";0;0;0;0;0;2;0;0;0;0;1;0;0;0;0
"26/01/2025";"17:16:49";"170";"Sem vítima";"485,858";"BR-163/MS";"Decrescente";"Tombamento";0;0;0;0;0;0;0;0;0;0;1;0;0;0;0
"26/01/2025";"20:30:48";"209";"Com vítima";"500,516";"BR-163/MS";"Decrescente";"Colisão traseira";1;0;0;1;0;0;0;0;0;0;4;0;1;0;0
"26/01/2025";"20:45:16";"210";"Sem vítima";"493,522";"BR-163/MS";"Decrescente";"Atropelamento de animal";0;0;0;0;0;0;0;0;0;1;2;0;0;0;0
"27/01/2025";"03:04:05";"26";"Sem vítima";"349,302";"BR-163/MS";"Crescente";"Acidentes de outra natureza";0;0;0;0;0;0;0;0;0;1;3;0;0;0;0
"27/01/2025";"05:02:24";"36";"Sem vítima";"567,000";"BR-163/MS";"Crescente";"Acidentes de outra natureza";0;0;0;0;0;0;0;0;0;1;1;0;0;0;0
"27/01/2025";"17:17:16";"221";"Com vítima";"730,000";"BR-163/MS";"Crescente";"Colisão lateral no mesmo sentido";0;0;0;2;0;0;0;0;0;0;1;1;0;0;0
"27/01/2025";"18:34:15";"230";"Com vítima";"484,373";"BR-163/MS";"Crescente";"Colisão transversal";1;0;1;1;0;0;0;0;0;0;2;0;0;0;1
"28/01/2025";"07:10:07";"56";"Sem vítima";"39,843";"BR-163/MS";"Decrescente";"Colisão traseira";0;0;1;0;0;1;0;0;0;1;3;0;0;0;0
"28/01/2025";"07:11:10";"57";"Com vítima";"469,288";"BR-163/MS";"Crescente";"Queda de moto";0;0;0;1;0;0;0;0;0;0;0;1;0;0;0
"28/01/2025";"08:16:11";"96";"Com vítima";"487,436";"BR-163/MS";"Crescente";"Colisão transversal";1;0;1;0;0;0;0;0;0;1;2;2;0;0;0
"28/01/2025";"11:39:58";"166";"Sem vítima";"490,727";"BR-163/MS";"Decrescente";"Colisão traseira";2;0;0;0;0;0;0;0;0;0;3;0;0;0;0
"28/01/2025";"16:48:44";"223";"Sem vítima";"466,454";"BR-163/MS";"Decrescente";"Colisão traseira";0;0;1;0;0;0;0;0;0;1;1;0;0;0;0
"29/01/2025";"10:52:06";"148";"Sem vítima";"192,000";"BR-163/MS";"Crescente";"Engavetamento";4;0;0;0;0;0;0;0;0;0;8;0;0;0;0
"29/01/2025";"18:09:13";"256";"Sem vítima";"260,776";"BR-163/MS";"Crescente";"Colisão lateral no mesmo sentido";1;0;0;0;0;1;0;0;0;0;2;0;0;0;0
"30/01/2025";"05:43:04";"65";"Sem vítima";"755,737";"BR-163/MS";"Crescente";"Acidentes de outra natureza";1;0;0;0;0;0;0;0;0;1;4;0;0;0;0
"30/01/2025";"12:41:53";"178";"Com vítima";"839,829";"BR-163/MS";"Crescente";"Tombamento";0;0;1;0;0;2;0;0;0;0;0;0;1;0;0
"30/01/2025";"14:14:29";"198";"Sem vítima";"189,914";"BR-163/MS";"Crescente";"Colisão traseira";0;0;1;0;0;0;0;0;0;1;2;0;0;0;0
"30/01/2025";"16:52:54";"230";"Sem vítima";"380,340";"BR-163/MS";"Crescente";"Capotamento";1;0;0;0;0;0;0;0;0;0;2;0;0;0;0
"30/01/2025";"17:27:48";"234";"Sem vítima";"253,200";"BR-163/MS";"Decrescente";"Tombamento";0;0;1;0;0;0;0;0;0;0;1;0;0;0;0
"30/01/2025";"18:03:50";"242";"Sem vítima";"588,556";"BR-163/MS";"Crescente";"Colisão transversal";0;0;0;0;0;2;0;0;0;1;3;0;0;0;0
"30/01/2025";"19:32:20";"257";"Sem vítima";"6,500";"BR-163/MS";"Decrescente";"Colisão lateral no mesmo sentido";1;0;0;0;0;0;0;0;0;0;2;0;0;0;0
"31/01/2025";"06:27:37";"45";"Com vítima";"223,970";"BR-163/MS";"Decrescente";"Queda de moto";0;0;0;1;0;0;0;0;0;0;0;0;0;1;0
"31/01/2025";"09:08:59";"108";"Com vítima";"206,212";"BR-163/MS";"Decrescente";"Colisão traseira";1;0;1;0;0;0;0;0;0;0;2;1;0;0;0
"31/01/2025";"22:05:53";"277";"Com vítima";"486,764";"BR-163/MS";"Decrescente";"Atropelamento de animal";0;0;0;1;0;0;0;0;0;0;0;1;0;0;0
"01/02/2025";"03:12:11";"33";"Sem vítima";"270,295";"BR-163/MS";"Decrescente";"Acidentes de outra natureza";0;0;1;0;0;0;0;0;0;0;1;0;0;0;0
"01/02/2025";"03:21:31";"36";"Sem vítima";"715,581";"BR-163/MS";"Crescente";"Acidentes de outra natureza";1;0;0;0;0;0;0;0;0;0;1;0;0;0;0
"01/02/2025";"19:31:32";"265";"Com vítima";"495,165";"BR-163/MS";"Decrescente";"Queda de moto";0;0;0;1;0;0;0;0;0;0;0;0;1;0;0
"01/02/2025";"19:32:18";"266";"Com vítima";"611,226";"BR-163/MS";"Decrescente";"Colisão traseira";1;0;0;0;0;1;0;0;0;0;1;1;0;0;0
"02/02/2025";"01:56:08";"23";"Com vítima";"519,480";"BR-163/MS";"Crescente";"Acidentes de outra natureza";1;0;0;0;0;0;0;0;0;0;0;2;0;0;0
"02/02/2025";"15:29:18";"154";"Sem vítima";"395,500";"BR-163/MS";"Crescente";"Acidentes de outra natureza";0;0;1;0;0;0;0;0;0;0;1;0;0;0;0
"02/02/2025";"18:54:08";"197";"Sem vítima";"270,522";"BR-163/MS";"Decrescente";"Colisão traseira";1;0;0;1;0;0;0;0;0;0;4;0;0;0;0
"03/02/2025";"09:33:49";"136";"Sem vítima";"270,000";"BR-163/MS";"Decrescente";"Colisão traseira";1;1;0;0;0;0;0;0;0;0;0;0;0;0;0
"03/02/2025";"10:59:24";"156";"Com vítima";"682,183";"BR-163/MS";"Decrescente";"Atropelamento de pedestre";0;0;0;1;0;0;0;0;0;0;0;2;0;1;0
"03/02/2025";"19:58:43";"298";"Sem vítima";"495,401";"BR-163/MS";"Decrescente";"Choque";1;0;0;0;0;0;0;0;0;0;1;0;0;0;0
"03/02/2025";"21:29:02";"315";"Sem vítima";"301,405";"BR-163/MS";"Decrescente";"Acidentes de outra natureza";0;0;0;0;0;0;0;0;0;1;1;0;0;0;0
"04/02/2025";"04:45:20";"38";"Com vítima";"736,280";"BR-163/MS";"Decrescente";"Tombamento";0;0;1;0;0;1;0;0;0;0;0;1;0;0;0
"04/02/2025";"06:27:45";"73";"Sem vítima";"603,343";"BR-163/MS";"Crescente";"Colisão traseira";0;0;1;0;0;0;0;0;0;1;3;0;0;0;0
"04/02/2025";"12:59:05";"191";"Sem vítima";"639,195";"BR-163/MS";"Crescente";"Acidentes de outra natureza";1;0;0;0;0;0;0;0;0;0;4;0;0;0;0
"04/02/2025";"19:45:44";"295";"Com vítima";"341,107";"BR-163/MS";"Crescente";"Colisão transversal";0;1;0;1;0;0;0;0;0;0;0;1;0;0;0
"04/02/2025";"20:47:49";"303";"Sem vítima";"381,587";"BR-163/MS";"Decrescente";"Atropelamento de animal";0;0;0;0;0;0;0;0;0;1;2;0;0;0;0
"05/02/2025";"11:48:43";"167";"Com vítima";"550,212";"BR-163/MS";"Crescente";"Capotamento";0;0;1;0;0;0;0;0;0;1;1;1;0;1;0
"06/02/2025";"07:46:58";"105";"Sem vítima";"270,875";"BR-163/MS";"Decrescente";"Colisão traseira";1;0;0;0;0;0;0;0;0;1;2;0;0;0;0
"06/02/2025";"09:24:41";"145";"Sem vítima";"564,607";"BR-163/MS";"Crescente";"Colisão traseira";0;0;1;0;0;2;0;0;0;0;2;0;0;0;0
"06/02/2025";"10:11:32";"161";"Sem vítima";"615,475";"BR-163/MS";"Crescente";"Colisão transversal";1;0;0;0;0;0;0;0;0;1;2;0;0;0;0
"06/02/2025";"14:58:18";"227";"Sem vítima";"250,882";"BR-163/MS";"Decrescente";"Acidentes de outra natureza";0;0;1;0;0;1;0;0;0;0;1;0;0;0;0
"06/02/2025";"15:05:05";"228";"Com vítima";"74,225";"BR-163/MS";"Decrescente";"Colisão lateral no mesmo sentido";1;0;1;0;0;1;0;0;0;0;1;1;0;0;0
"06/02/2025";"18:01:40";"264";"Com vítima";"281,315";"BR-163/MS";"Decrescente";"Queda de moto";0;0;0;1;0;0;0;0;0;0;0;1;0;0;0
"06/02/2025";"19:33:40";"290";"Sem vítima";"775,363";"BR-163/MS";"Decrescente";"Choque";1;0;0;0;0;0;0;0;0;0;1;0;0;0;0
"07/02/2025";"01:11:03";"17";"Sem vítima";"719,818";"BR-163/MS";"Crescente";"Atropelamento de animal";0;0;1;0;0;0;0;0;0;0;0;0;0;0;0
"07/02/2025";"07:19:13";"92";"Com vítima";"482,586";"BR-163/MS";"Decrescente";"Colisão traseira";0;0;0;1;0;0;0;0;0;1;1;1;0;0;0
"07/02/2025";"18:42:45";"276";"Com vítima";"307,500";"BR-163/MS";"Decrescente";"Capotamento";1;0;0;0;0;0;0;0;0;0;0;2;0;0;0
"07/02/2025";"22:26:44";"303";"Sem vítima";"610,477";"BR-163/MS";"Crescente";"Atropelamento de animal";1;0;0;0;0;0;0;0;0;0;4;0;0;0;0
"08/02/2025";"15:31:58";"147";"Sem vítima";"609,611";"BR-163/MS";"Crescente";"Acidentes de outra natureza";0;0;1;0;0;1;0;0;0;0;1;0;0;0;0
"08/02/2025";"18:28:57";"182";"Com vítima";"13,831";"BR-163/MS";"Decrescente";"Acidentes de outra natureza";1;0;0;0;0;0;0;0;0;0;0;0;1;0;0
"08/02/2025";"18:50:06";"190";"Sem vítima";"260,000";"BR-163/MS";"Decrescente";"Atropelamento de animal";0;0;1;0;0;0;0;0;0;0;1;0;0;0;0
"09/02/2025";"06:23:28";"37";"Sem vítima";"257,508";"BR-163/MS";"Decrescente";"Choque";1;0;0;0;0;0;0;0;0;0;1;0;0;0;0
"09/02/2025";"15:42:32";"147";"Com vítima";"40,485";"BR-163/MS";"Decrescente";"Choque";0;0;0;1;0;0;0;0;0;0;0;1;0;1;0
"09/02/2025";"18:46:21";"189";"Com vítima";"483,187";"BR-163/MS";"Decrescente";"Tombamento";0;0;0;0;0;0;0;0;0;0;0;1;0;0;0
"10/02/2025";"15:40:01";"206";"Sem vítima";"253,851";"BR-163/MS";"Crescente";"Tombamento";0;0;1;0;0;2;0;0;0;0;1;0;0;0;0
"10/02/2025";"16:39:04";"221";"Sem vítima";"776,789";"BR-163/MS";"Crescente";"Choque";1;0;0;0;0;0;0;0;0;0;1;0;0;0;0
"11/02/2025";"11:47:39";"196";"Sem vítima";"18,000";"BR-163/MS";"Crescente";"Colisão lateral no mesmo sentido";0;0;1;0;0;0;0;0;0;1;2;0;0;0;0
"11/02/2025";"12:44:08";"204";"Com vítima";"575,000";"BR-163/MS";"Decrescente";"Colisão lateral no mesmo sentido";0;0;0;0;0;0;0;0;0;2;1;1;0;0;0
"11/02/2025";"17:27:23";"270";"Com vítima";"275,683";"BR-163/MS";"Decrescente";"Queda de moto";0;0;0;1;0;0;0;0;0;0;0;1;0;0;0
"11/02/2025";"19:49:34";"294";"Com vítima";"256,859";"BR-163/MS";"Decrescente";"Queda de moto";0;0;0;1;0;0;0;0;0;0;0;1;0;0;0
"11/02/2025";"21:55:29";"310";"Com vítima";"43,620";"BR-163/MS";"Crescente";"Choque";0;0;0;0;0;0;0;0;0;1;3;1;0;0;0
"12/02/2025";"05:25:19";"39";"Sem vítima";"667,000";"BR-163/MS";"Crescente";"Atropelamento de animal";1;0;0;0;0;0;0;0;0;0;1;0;0;0;0
"12/02/2025";"07:08:47";"69";"Com vítima";"476,000";"BR-163/MS";"Decrescente";"Queda de moto";0;0;0;1;0;0;0;0;0;0;0;2;0;0;0
"12/02/2025";"08:34:22";"125";"Sem vítima";"318,000";"BR-163/MS";"Decrescente";"Colisão transversal";1;0;1;0;0;0;0;0;0;0;2;0;0;0;0
"12/02/2025";"15:42:13";"245";"Com vítima";"546,851";"BR-163/MS";"Crescente";"Colisão frontal";0;0;1;0;0;2;0;0;0;1;0;2;0;1;1
"12/02/2025";"20:38:31";"300";"Sem vítima";"241,000";"BR-163/MS";"Decrescente";"Acidentes de outra natureza";0;0;1;0;0;0;0;0;0;0;1;0;0;0;0
"12/02/2025";"21:14:08";"307";"Sem vítima";"379,000";"BR-163/MS";"Crescente";"Atropelamento de animal";0;0;1;0;0;0;0;0;0;0;1;0;0;0;0
"13/02/2025";"14:59:53";"213";"Com vítima";"53,677";"BR-163/MS";"Crescente";"Capotamento";1;0;0;0;0;0;0;0;0;0;0;1;0;0;0
"13/02/2025";"15:47:59";"224";"Com vítima";"728,260";"BR-163/MS";"Crescente";"Colisão traseira";0;0;0;0;0;0;0;0;0;2;2;14;0;0;0
"13/02/2025";"19:51:53";"278";"Sem vítima";"343,247";"BR-163/MS";"Crescente";"Atropelamento de animal";1;0;0;0;0;0;0;0;0;0;3;0;0;0;0
"13/02/2025";"20:01:19";"281";"Sem vítima";"486,705";"BR-163/MS";"Crescente";"Colisão traseira";2;0;0;0;0;0;0;0;0;1;5;0;0;0;0
"13/02/2025";"20:27:14";"285";"Sem vítima";"539,187";"BR-163/MS";"Decrescente";"Acidentes de outra natureza";0;0;0;0;0;0;0;0;0;1;2;0;0;0;0
"14/02/2025";"05:23:14";"33";"Com vítima";"691,164";"BR-163/MS";"Decrescente";"Tombamento";0;0;0;0;0;3;0;0;0;0;0;1;0;0;0
"14/02/2025";"09:20:17";"112";"Sem vítima";"491,452";"BR-163/MS";"Decrescente";"Colisão traseira";2;0;0;0;0;0;0;0;0;0;5;0;0;0;0
"14/02/2025";"09:57:06";"123";"Sem vítima";"743,162";"BR-163/MS";"Crescente";"Tombamento";0;0;0;0;0;1;0;0;0;1;3;0;0;0;0
"15/02/2025";"07:50:13";"68";"Sem vítima";"1,500";"BR-163/MS";"Crescente";"Colisão traseira";1;0;0;0;0;0;0;0;0;2;3;0;0;0;0
"15/02/2025";"13:04:41";"147";"Sem vítima";"13,900";"BR-163/MS";"Decrescente";"Acidentes de outra natureza";1;0;0;0;0;0;0;0;0;0;1;0;0;0;0
"15/02/2025";"13:47:15";"156";"Sem vítima";"658,000";"BR-163/MS";"Crescente";"Acidentes de outra natureza";0;0;0;0;0;0;0;0;0;1;3;0;0;0;0
"15/02/2025";"14:26:44";"169";"Com vítima";"267,314";"BR-163/MS";"Decrescente";"Queda de moto";0;0;0;1;0;0;0;0;0;0;0;1;0;0;0
"15/02/2025";"17:09:41";"202";"Com vítima";"75,848";"BR-163/MS";"Decrescente";"Acidentes de outra natureza";0;0;0;0;0;0;0;0;1;0;0;0;2;0;0
"15/02/2025";"18:02:10";"216";"Com vítima";"482,000";"BR-163/MS";"Crescente";"Colisão transversal";1;0;0;1;0;0;0;0;0;0;2;0;1;0;0
"15/02/2025";"19:30:18";"230";"Com vítima";"386,435";"BR-163/MS";"Crescente";"Choque";1;0;0;0;0;0;0;0;0;0;2;1;0;0;0
"16/02/2025";"04:30:22";"27";"Sem vítima";"659,000";"BR-163/MS";"Crescente";"Atropelamento de animal";0;0;0;0;0;0;0;0;0;1;1;0;0;0;0
"16/02/2025";"05:47:08";"36";"Sem vítima";"192,272";"BR-163/MS";"Crescente";"Tombamento";0;0;1;0;0;2;0;0;0;0;1;0;0;0;0
"16/02/2025";"08:47:27";"88";"Sem vítima";"132,381";"BR-163/MS";"Decrescente";"Queda de moto";0;0;0;1;0;0;0;0;0;0;1;0;0;0;0
"16/02/2025";"14:47:11";"161";"Com vítima";"283,581";"BR-163/MS";"Decrescente";"Choque";0;0;0;1;0;1;0;0;0;0;0;0;2;0;0
"16/02/2025";"16:56:05";"182";"Sem vítima";"674,000";"BR-163/MS";"Decrescente";"Acidentes de outra natureza";1;0;0;0;0;0;0;0;0;0;1;0;0;0;0
"16/02/2025";"17:41:57";"193";"Sem vítima";"188,707";"BR-163/MS";"Decrescente";"Colisão traseira";0;0;0;0;0;1;0;0;0;2;3;0;0;0;0
"17/02/2025";"09:02:26";"111";"Com vítima";"485,630";"BR-163/MS";"Crescente";"Colisão traseira";0;0;1;0;0;0;0;0;0;2;5;1;0;0;0
"17/02/2025";"13:14:17";"176";"Sem vítima";"221,650";"BR-163/MS";"Decrescente";"Colisão traseira";0;0;2;0;0;1;0;0;0;0;2;0;0;0;0
"17/02/2025";"18:26:49";"237";"Com vítima";"487,000";"BR-163/MS";"Decrescente";"Colisão transversal";1;0;0;0;0;0;0;0;0;1;0;5;1;0;0
"17/02/2025";"20:02:56";"259";"Sem vítima";"516,000";"BR-163/MS";"Crescente";"Atropelamento de animal";1;0;0;0;0;0;0;0;0;0;2;0;0;0;0
"18/02/2025";"13:18:59";"211";"Com vítima";"607,169";"BR-163/MS";"Crescente";"Capotamento";0;0;0;0;0;0;0;0;0;1;0;3;0;0;0
"19/02/2025";"04:59:23";"22";"Com vítima";"614,361";"BR-163/MS";"Decrescente";"Colisão transversal";2;0;0;0;0;0;0;0;0;0;2;1;0;0;0
"19/02/2025";"06:09:51";"30";"Com vítima";"354,460";"BR-163/MS";"Decrescente";"Capotamento";1;0;0;0;0;0;0;0;0;0;0;1;0;0;0
"19/02/2025";"19:38:18";"248";"Sem vítima";"709,500";"BR-163/MS";"Decrescente";"Choque";1;0;0;0;0;0;0;0;0;0;2;0;0;0;0
"19/02/2025";"20:18:46";"253";"Com vítima";"420,321";"BR-163/MS";"Decrescente";"Colisão transversal";1;0;0;1;0;0;0;0;0;0;1;1;0;0;0
"19/02/2025";"21:50:31";"262";"Sem vítima";"530,717";"BR-163/MS";"Crescente";"Tombamento";0;0;0;0;0;0;0;0;0;0;1;0;0;0;0
"20/02/2025";"05:49:02";"42";"Com vítima";"690,697";"BR-163/MS";"Decrescente";"Colisão lateral no mesmo sentido";0;0;0;0;0;2;0;0;0;1;1;6;1;0;1
"20/02/2025";"06:41:23";"53";"Sem vítima";"604,000";"BR-163/MS";"Crescente";"Colisão traseira";0;0;0;0;0;1;0;0;0;0;0;0;0;0;0
"20/02/2025";"07:23:40";"72";"Sem vítima";"486,738";"BR-163/MS";"Decrescente";"Colisão lateral no mesmo sentido";1;0;0;0;0;0;0;0;0;1;3;0;0;0;0
"20/02/2025";"07:56:57";"93";"Sem vítima";"475,500";"BR-163/MS";"Decrescente";"Colisão traseira";1;0;0;0;0;0;0;0;0;1;2;0;0;0;0
"20/02/2025";"17:51:30";"237";"Sem vítima";"699,520";"BR-163/MS";"Crescente";"Colisão traseira";0;0;0;0;0;1;0;0;0;1;1;0;0;0;0
"21/02/2025";"01:09:22";"19";"Sem vítima";"299,626";"BR-163/MS";"Crescente";"Atropelamento de animal";0;0;1;0;0;0;0;0;0;0;1;0;0;0;0
"21/02/2025";"06:47:41";"91";"Sem vítima";"164,129";"BR-163/MS";"Crescente";"Tombamento";0;0;0;0;0;1;0;0;0;0;1;0;0;0;0
"21/02/2025";"11:31:01";"188";"Sem vítima";"507,152";"BR-163/MS";"Decrescente";"Colisão lateral no mesmo sentido";1;0;1;0;0;0;0;0;0;0;4;0;0;0;0
"21/02/2025";"14:05:12";"219";"Sem vítima";"462,930";"BR-163/MS";"Crescente";"Engavetamento";2;0;1;0;0;0;0;0;0;0;4;0;0;0;0
"21/02/2025";"21:02:46";"308";"Com vítima";"533,000";"BR-163/MS";"Decrescente";"Colisão traseira";0;0;0;2;0;0;0;0;0;0;1;1;0;0;0
"21/02/2025";"22:43:21";"321";"Sem vítima";"382,358";"BR-163/MS";"Decrescente";"Atropelamento de animal";0;0;0;0;0;0;0;0;0;1;3;0;0;0;0
"22/02/2025";"11:31:34";"124";"Com vítima";"100,228";"BR-163/MS";"Decrescente";"Colisão traseira";1;0;0;1;0;0;0;0;0;0;4;0;0;1;0
"22/02/2025";"15:13:57";"165";"Sem vítima";"823,979";"BR-163/MS";"Decrescente";"Acidentes de outra natureza";0;0;1;0;0;0;0;0;0;0;1;0;0;0;0
"22/02/2025";"19:20:39";"214";"Com vítima";"690,500";"BR-163/MS";"Crescente";"Colisão traseira";0;0;0;1;0;0;0;0;0;1;1;1;0;1;0
"22/02/2025";"19:33:29";"216";"Sem vítima";"419,939";"BR-163/MS";"Crescente";"Atropelamento de animal";1;0;0;0;0;0;0;0;0;0;3;0;0;0;0
"22/02/2025";"23:42:40";"252";"Com vítima";"261,274";"BR-163/MS";"Crescente";"Colisão transversal";1;1;0;1;0;0;0;0;0;0;0;0;1;0;0
"23/02/2025";"04:21:49";"27";"Sem vítima";"696,272";"BR-163/MS";"Crescente";"Atropelamento de animal";0;0;1;0;0;0;0;0;0;0;0;0;0;0;0
"23/02/2025";"04:44:57";"31";"Sem vítima";"622,579";"BR-163/MS";"Crescente";"Acidentes de outra natureza";1;0;0;0;0;0;0;0;0;0;2;0;0;0;0
"23/02/2025";"05:55:41";"42";"Com vítima";"174,376";"BR-163/MS";"Decrescente";"Queda de moto";0;0;0;1;0;0;0;0;0;0;0;1;0;0;0
"24/02/2025";"00:38:54";"10";"Sem vítima";"146,205";"BR-163/MS";"Decrescente";"Atropelamento de animal";0;0;0;0;0;0;0;0;0;1;1;0;0;0;0
"24/02/2025";"04:37:04";"36";"Com vítima";"39,562";"BR-163/MS";"Decrescente";"Colisão traseira";1;0;0;0;0;0;0;0;0;1;5;2;0;0;0
"24/02/2025";"05:28:52";"40";"Com vítima";"678,552";"BR-163/MS";"Crescente";"Choque";0;0;0;0;0;0;0;0;0;1;0;1;0;0;0
"24/02/2025";"05:52:48";"44";"Com vítima";"257,000";"BR-163/MS";"Decrescente";"Queda de moto";0;0;0;1;0;0;0;0;0;0;1;0;1;0;0
"24/02/2025";"18:33:29";"257";"Com vítima";"492,677";"BR-163/MS";"Crescente";"Colisão traseira";2;0;0;0;0;0;0;0;0;0;3;0;1;0;0
"24/02/2025";"19:13:16";"265";"Sem vítima";"373,459";"BR-163/MS";"Crescente";"Atropelamento de animal";0;0;0;1;0;0;0;0;0;0;1;0;0;0;0
"25/02/2025";"07:47:44";"83";"Sem vítima";"432,000";"BR-163/MS";"Crescente";"Choque";0;0;1;0;0;0;0;0;0;0;0;0;0;0;0
"25/02/2025";"11:49:11";"158";"Sem vítima";"703,000";"BR-163/MS";"Crescente";"Acidentes de outra natureza";0;0;1;0;0;0;0;0;0;0;1;0;0;0;0
"25/02/2025";"22:18:18";"311";"Sem vítima";"206,000";"BR-163/MS";"Crescente";"Acidentes de outra natureza";0;0;0;1;0;0;0;0;0;0;1;0;0;0;0
"25/02/2025";"22:31:48";"313";"Sem vítima";"365,000";"BR-163/MS";"Decrescente";"Acidentes de outra natureza";1;0;0;0;0;0;0;0;0;0;1;0;0;0;0
"26/02/2025";"06:50:51";"96";"Com vítima";"482,401";"BR-163/MS";"Decrescente";"Acidentes de outra natureza";1;0;0;0;0;0;0;0;0;0;0;0;1;0;0
"26/02/2025";"07:06:14";"121";"Sem vítima";"260,430";"BR-163/MS";"Crescente";"Atropelamento de animal";1;0;0;0;0;0;0;0;0;0;1;0;0;0;0
"26/02/2025";"08:39:36";"171";"Sem vítima";"156,899";"BR-163/MS";"Decrescente";"Acidentes de outra natureza";0;0;1;0;0;0;0;0;0;0;1;0;0;0;0
"26/02/2025";"12:50:41";"224";"Sem vítima";"86,000";"BR-163/MS";"Crescente";"Colisão lateral no mesmo sentido";1;0;1;0;0;0;0;0;0;0;4;0;0;0;0