data;horario;n_da_ocorrencia;tipo_de_ocorrencia;km;trecho;sentido;tipo_de_acidente;automovel;bicicleta;caminhao;moto;onibus;outros;tracao_animal;transporte_de_cargas_especiais;trator_maquinas;utilitarios;ilesos;levemente_feridos;moderadamente_feridos;gravemente_feridos;mortos
"26/02/2025";"19:02:25";"314";"Sem vítima";"730,000";"BR-163/MS";"Decrescente";"Colisão transversal";0;0;0;1;0;0;0;0;0;1;2;0;0;0;0
"27/02/2025";"10:53:41";"189";"Com vítima";"461,238";"BR-163/MS";"Crescente";"Colisão lateral no mesmo sentido";1;0;0;1;0;0;0;0;0;0;1;0;1;0;0
"27/02/2025";"18:08:25";"285";"Com vítima";"457,412";"BR-163/MS";"Decrescente";"Colisão transversal";1;0;0;1;0;0;0;0;0;0;0;1;0;0;0
"27/02/2025";"18:39:46";"300";"Com vítima";"80,450";"BR-163/MS";"Crescente";"Queda de moto";0;0;0;1;0;0;0;0;0;0;0;2;0;0;0
"27/02/2025";"21:45:02";"326";"Com vítima";"455,918";"BR-163/MS";"Decrescente";"Colisão transversal";0;0;1;0;0;0;0;0;0;1;1;0;1;1;0
"27/02/2025";"22:01:16";"331";"Sem vítima";"248,502";"BR-163/MS";"Decrescente";"Acidentes de outra natureza";0;0;0;0;0;0;0;0;0;1;1;0;0;0;0
"27/02/2025";"23:58:10";"343";"Sem vítima";"793,862";"BR-163/MS";"Decrescente";"Tombamento";0;0;1;0;0;0;0;0;0;0;1;0;0;0;0
"28/02/2025";"21:44:57";"367";"Sem vítima";"403,723";"BR-163/MS";"Crescente";"Atropelamento de animal";1;0;0;0;0;0;0;0;0;0;2;0;0;0;0
"28/02/2025";"22:32:32";"372";"Sem vítima";"187,783";"BR-163/MS";"Crescente";"Atropelamento de animal";0;0;0;0;0;0;0;0;0;1;2;0;0;0;0
"01/03/2025";"02:05:26";"27";"Sem vítima";"266,951";"BR-163/MS";"Decrescente";"Acidentes de outra natureza";1;0;0;0;0;0;0;0;0;0;1;0;0;0;0
"01/03/2025";"02:44:30";"30";"Sem vítima";"777,809";"BR-163/MS";"Decrescente";"Acidentes de outra natureza";1;0;0;0;0;0;0;0;0;0;1;0;0;0;0
"01/03/2025";"03:14:54";"33";"Sem vítima";"756,864";"BR-163/MS";"Decrescente";"Acidentes de outra natureza";1;0;0;0;0;0;0;0;0;0;3;0;0;0;0
"01/03/2025";"06:20:48";"59";"Sem vítima";"304,900";"BR-163/MS";"Crescente";"Acidentes de outra natureza";1;0;0;0;0;0;0;0;0;0;1;0;0;0;0
"01/03/2025";"12:18:55";"185";"Sem vítima";"30,918";"BR-163/MS";"Decrescente";"Tombamento";0;0;0;0;0;2;0;0;0;0;1;0;0;0;0
"01/03/2025";"17:08:14";"258";"Com vítima";"592,192";"BR-163/MS";"Crescente";"Acidentes de outra natureza";0;0;0;1;0;0;0;0;0;0;0;1;0;0;0
"02/03/2025";"05:42:12";"57";"Com vítima";"46,000";"BR-163/MS";"Crescente";"Acidentes de outra natureza";1;0;0;0;0;0;0;0;0;0;0;1;0;0;0
"02/03/2025";"08:06:57";"82";"Com vítima";"268,000";"BR-163/MS";"Crescente";"Queda de moto";0;0;0;1;0;0;0;0;0;0;0;1;0;0;0
"02/03/2025";"16:12:37";"176";"Sem vítima";"189,290";"BR-163/MS";"Crescente";"Acidentes de outra natureza";0;0;1;0;0;2;0;0;0;0;1;0;0;0;0
"02/03/2025";"17:07:18";"193";"Com vítima";"109,529";"BR-163/MS";"Crescente";"Capotamento";1;0;0;0;0;0;0;0;0;0;1;0;0;1;0
"02/03/2025";"20:02:14";"237";"Com vítima";"249,970";"BR-163/MS";"Crescente";"Colisão traseira";1;0;0;0;0;0;0;0;0;2;2;4;1;2;0
"03/03/2025";"08:03:10";"74";"Sem vítima";"253,000";"BR-163/MS";"Crescente";"Colisão lateral no mesmo sentido";1;0;1;0;0;0;0;0;0;0;2;0;0;0;0
"03/03/2025";"10:23:01";"140";"Sem vítima";"206,783";"BR-163/MS";"Crescente";"Tombamento";0;0;1;0;0;0;0;0;0;0;1;0;0;0;0
"03/03/2025";"11:19:45";"156";"Sem vítima";"205,668";"BR-163/MS";"Crescente";"Colisão transversal";0;0;0;0;0;0;0;0;0;2;3;0;0;0;0
"03/03/2025";"16:53:55";"219";"Sem vítima";"481,836";"BR-163/MS";"Crescente";"Tombamento";0;0;1;0;0;0;0;0;0;0;1;0;0;0;0
"03/03/2025";"18:57:24";"249";"Sem vítima";"389,000";"BR-163/MS";"Crescente";"Atropelamento de animal";0;0;0;0;0;0;0;0;0;0;1;0;0;0;0
"03/03/2025";"23:33:26";"292";"Com vítima";"734,882";"BR-163/MS";"Crescente";"Choque";1;0;0;0;0;0;0;0;0;0;1;1;0;0;0
"04/03/2025";"06:15:40";"38";"Sem vítima";"403,800";"BR-163/MS";"Crescente";"Colisão traseira";0;0;1;0;0;0;0;0;0;1;2;0;0;0;0
"04/03/2025";"12:35:20";"135";"Com vítima";"564,286";"BR-163/MS";"Decrescente";"Capotamento";0;0;0;0;0;0;0;0;0;1;1;1;0;0;0
"04/03/2025";"15:39:24";"169";"Com vítima";"673,195";"BR-163/MS";"Decrescente";"Engavetamento";2;0;0;0;0;0;0;0;0;1;4;1;0;0;0
"04/03/2025";"17:21:40";"200";"Com vítima";"280,262";"BR-163/MS";"Crescente";"Queda de moto";0;0;0;1;0;0;0;0;0;0;0;0;1;0;0
"04/03/2025";"19:52:39";"255";"Sem vítima";"225,445";"BR-163/MS";"Decrescente";"Atropelamento de animal";1;0;0;0;0;0;0;0;0;0;2;0;0;0;0
"05/03/2025";"10:42:05";"163";"Com vítima";"590,263";"BR-163/MS";"Crescente";"Capotamento";0;0;0;0;0;2;0;0;0;2;0;5;1;0;0
"05/03/2025";"17:00:49";"247";"Sem vítima";"512,340";"BR-163/MS";"Crescente";"Tombamento";0;0;0;0;0;2;0;0;0;0;1;0;0;0;0
"05/03/2025";"19:54:19";"292";"Sem vítima";"266,000";"BR-163/MS";"Decrescente";"Colisão traseira";2;0;0;0;0;0;0;0;0;0;2;0;0;0;0
"06/03/2025";"04:11:11";"20";"Sem vítima";"358,240";"BR-163/MS";"Crescente";"Tombamento";0;0;1;0;0;0;0;0;0;0;1;0;0;0;0
"06/03/2025";"05:50:39";"30";"Sem vítima";"267,000";"BR-163/MS";"Decrescente";"Acidentes de outra natureza";1;0;0;0;0;0;0;0;0;0;2;0;0;0;0
"06/03/2025";"07:20:05";"45";"Com vítima";"575,301";"BR-163/MS";"Decrescente";"Atropelamento de pedestre";0;0;0;0;0;1;0;0;0;0;0;1;0;0;0
"06/03/2025";"07:59:10";"68";"Sem vítima";"486,000";"BR-163/MS";"Crescente";"Colisão transversal";2;0;0;0;0;0;0;0;0;0;5;0;0;0;0
"06/03/2025";"14:59:17";"189";"Sem vítima";"778,000";"BR-163/MS";"Crescente";"Choque";0;0;0;0;0;0;0;0;0;0;2;0;0;0;0
"06/03/2025";"15:18:59";"194";"Sem vítima";"462,354";"BR-163/MS";"Crescente";"Colisão transversal";1;0;0;0;0;0;0;0;0;0;2;0;0;0;0
"06/03/2025";"16:49:10";"224";"Com vítima";"563,852";"BR-163/MS";"Crescente";"Choque";1;0;0;0;0;3;0;0;0;0;3;1;0;0;0
"07/03/2025";"01:11:32";"24";"Sem vítima";"151,356";"BR-163/MS";"Decrescente";"Atropelamento de animal";1;0;0;0;0;0;0;0;0;0;0;0;0;0;0
"07/03/2025";"05:47:27";"62";"Sem vítima";"574,601";"BR-163/MS";"Crescente";"Acidentes de outra natureza";0;0;1;0;0;0;0;0;0;0;1;0;0;0;0
"07/03/2025";"08:12:22";"110";"Sem vítima";"213,000";"BR-163/MS";"Crescente";"Colisão traseira";0;0;0;0;0;0;0;0;0;2;2;0;0;0;0
"07/03/2025";"17:14:15";"228";"Sem vítima";"350,500";"BR-163/MS";"Decrescente";"Choque";1;0;0;0;0;0;0;0;0;0;3;0;0;0;0
"07/03/2025";"17:23:09";"229";"Sem vítima";"350,820";"BR-163/MS";"Decrescente";"Choque";1;0;0;0;0;0;0;0;0;0;4;0;0;0;0
"07/03/2025";"18:54:38";"257";"Sem vítima";"255,135";"BR-163/MS";"Decrescente";"Acidentes de outra natureza";1;0;0;0;0;0;0;0;0;0;1;0;0;0;0
"07/03/2025";"21:54:00";"294";"Sem vítima";"503,959";"BR-163/MS";"Crescente";"Atropelamento de animal";0;0;0;0;0;0;0;0;0;1;2;0;0;0;0
"08/03/2025";"04:31:50";"42";"Com vítima";"680,925";"BR-163/MS";"Crescente";"Queda de moto";0;0;0;1;0;0;0;0;0;0;0;1;0;0;0
"08/03/2025";"06:24:35";"62";"Com vítima";"151,361";"BR-163/MS";"Decrescente";"Capotamento";0;0;1;0;0;0;0;0;0;0;0;1;1;0;0
"08/03/2025";"07:46:41";"76";"Sem vítima";"504,156";"BR-163/MS";"Decrescente";"Atropelamento de animal";0;0;0;0;0;0;0;0;0;1;1;0;0;0;0
"08/03/2025";"12:25:16";"146";"Com vítima";"663,501";"BR-163/MS";"Crescente";"Choque";0;0;0;1;0;0;0;0;0;0;1;1;0;0;0
"08/03/2025";"18:09:15";"219";"Sem vítima";"501,279";"BR-163/MS";"Crescente";"Tombamento";0;0;0;0;0;0;0;0;0;1;1;0;0;0;0
"08/03/2025";"18:55:58";"233";"Sem vítima";"341,500";"BR-163/MS";"Crescente";"Colisão traseira";2;0;0;0;0;0;0;0;0;0;3;0;0;0;0
"09/03/2025";"03:58:33";"46";"Com vítima";"490,246";"BR-163/MS";"Crescente";"Queda de moto";0;0;0;1;0;0;0;0;0;0;0;0;1;0;0
"09/03/2025";"10:17:45";"123";"Com vítima";"485,560";"BR-163/MS";"Crescente";"Colisão lateral no mesmo sentido";1;0;0;2;0;0;0;0;0;0;4;1;0;0;0
"09/03/2025";"11:02:56";"130";"Sem vítima";"519,450";"BR-163/MS";"Decrescente";"Acidentes de outra natureza";1;0;0;0;0;0;0;0;0;0;2;0;0;0;0
"09/03/2025";"14:16:47";"163";"Sem vítima";"299,656";"BR-163/MS";"Crescente";"Capotamento";1;0;0;0;0;0;0;0;0;0;2;0;0;0;0
"09/03/2025";"14:18:59";"164";"Com vítima";"575,377";"BR-163/MS";"Decrescente";"Colisão transversal";1;0;0;0;0;0;0;0;0;1;3;2;0;0;0
"09/03/2025";"15:45:07";"178";"Com vítima";"468,577";"BR-163/MS";"Decrescente";"Queda de moto";0;0;0;1;0;0;0;0;0;0;0;0;2;0;0
"10/03/2025";"06:59:36";"71";"Com vítima";"158,554";"BR-163/MS";"Crescente";"Choque";0;0;0;0;0;1;0;0;0;1;0;1;0;0;0
"10/03/2025";"11:14:57";"172";"Sem vítima";"529,235";"BR-163/MS";"Crescente";"Acidentes de outra natureza";0;0;1;0;0;0;0;0;0;0;1;0;0;0;0
"10/03/2025";"13:40:34";"200";"Com vítima";"518,355";"BR-163/MS";"Crescente";"Capotamento";0;0;0;0;0;0;0;0;0;1;0;1;0;0;0
"10/03/2025";"16:17:07";"225";"Com vítima";"603,929";"BR-163/MS";"Crescente";"Queda de moto";0;0;1;0;0;1;0;0;0;0;0;1;0;0;0
"10/03/2025";"23:33:09";"330";"Sem vítima";"457,102";"BR-163/MS";"Decrescente";"Atropelamento de animal";0;0;1;0;0;0;0;0;0;0;1;0;0;0;0
"11/03/2025";"06:36:50";"69";"Com vítima";"462,000";"BR-163/MS";"Decrescente";"Colisão lateral no mesmo sentido";1;0;0;0;0;0;0;0;0;1;1;1;4;0;0
"11/03/2025";"08:51:37";"133";"Com vítima";"14,761";"BR-163/MS";"Crescente";"Colisão transversal";0;0;0;0;0;4;0;0;0;0;1;1;0;0;0
"11/03/2025";"10:02:34";"158";"Sem vítima";"458,779";"BR-163/MS";"Crescente";"Colisão transversal";1;0;0;1;0;0;0;0;0;0;2;0;0;0;0
"11/03/2025";"11:52:54";"183";"Com vítima";"615,777";"BR-163/MS";"Crescente";"Queda de moto";0;0;0;1;0;0;0;0;0;0;0;1;0;0;0
"12/03/2025";"01:40:36";"23";"Com vítima";"477,952";"BR-163/MS";"Crescente";"Colisão transversal";1;0;0;1;0;0;0;0;0;0;1;1;1;0;0
"12/03/2025";"09:03:12";"123";"Com vítima";"681,219";"BR-163/MS";"Crescente";"Colisão transversal";1;0;0;1;0;0;0;0;0;0;2;1;0;0;0
"12/03/2025";"12:22:00";"165";"Sem vítima";"527,000";"BR-163/MS";"Decrescente";"Tombamento";0;0;1;0;0;1;0;0;0;0;1;0;0;0;0
"13/03/2025";"07:25:02";"95";"Sem vítima";"253,919";"BR-163/MS";"Crescente";"Capotamento";1;0;0;0;0;0;0;0;0;0;1;0;0;0;0
"13/03/2025";"08:26:14";"131";"Sem vítima";"485,547";"BR-163/MS";"Crescente";"Colisão traseira";1;0;0;0;0;2;0;0;0;0;2;0;0;0;0
"13/03/2025";"12:16:14";"184";"Com vítima";"20,552";"BR-163/MS";"Crescente";"Colisão transversal";1;0;0;0;0;0;0;0;0;1;0;2;0;0;0
"13/03/2025";"15:29:51";"220";"Com vítima";"79,622";"BR-163/MS";"Decrescente";"Atropelamento de animal";0;0;0;1;0;0;0;0;0;0;0;0;1;0;0
"13/03/2025";"18:57:48";"264";"Com vítima";"75,899";"BR-163/MS";"Decrescente";"Colisão transversal";1;0;0;0;0;0;0;0;0;0;1;1;0;0;0
"14/03/2025";"06:17:23";"56";"Sem vítima";"373,404";"BR-163/MS";"Crescente";"Acidentes de outra natureza";0;0;0;0;0;0;0;0;0;1;1;0;0;0;0
"14/03/2025";"11:24:42";"145";"Sem vítima";"218,370";"BR-163/MS";"Decrescente";"Colisão traseira";2;0;0;0;0;0;0;0;0;0;6;0;0;0;0
"14/03/2025";"12:46:59";"158";"Com vítima";"391,547";"BR-163/MS";"Decrescente";"Engavetamento";1;0;0;0;0;2;0;0;0;1;6;1;0;0;0
"14/03/2025";"12:50:06";"160";"Sem vítima";"269,500";"BR-163/MS";"Decrescente";"Colisão lateral no mesmo sentido";1;0;1;0;0;0;0;0;0;0;6;0;0;0;0
"14/03/2025";"16:19:28";"193";"Com vítima";"490,763";"BR-163/MS";"Decrescente";"Colisão traseira";0;0;0;2;0;0;0;0;0;1;1;1;0;0;0
"14/03/2025";"16:42:58";"197";"Sem vítima";"487,680";"BR-163/MS";"Crescente";"Colisão transversal";1;0;1;0;0;0;0;0;0;0;3;0;0;0;0
"15/03/2025";"08:59:26";"80";"Sem vítima";"64,000";"BR-163/MS";"Decrescente";"Choque";0;0;0;0;0;0;0;0;0;1;1;0;0;0;0
"15/03/2025";"12:11:02";"125";"Com vítima";"832,677";"BR-163/MS";"Crescente";"Colisão frontal";0;0;0;0;0;0;0;0;0;2;0;2;2;0;0
"15/03/2025";"16:41:40";"176";"Sem vítima";"265,000";"BR-163/MS";"Crescente";"Colisão traseira";1;0;0;0;0;0;0;0;0;1;2;0;0;0;0
"15/03/2025";"18:21:47";"200";"Com vítima";"531,706";"BR-163/MS";"Decrescente";"Tombamento";1;0;0;0;0;0;0;0;0;1;0;4;2;0;0
"16/03/2025";"18:04:03";"178";"Com vítima";"483,000";"BR-163/MS";"Crescente";"Queda de moto";0;0;0;1;0;0;0;0;0;0;0;0;2;0;0
"16/03/2025";"21:06:56";"208";"Com vítima";"496,000";"BR-163/MS";"Decrescente";"Atropelamento de pedestre";0;0;0;1;0;0;0;0;0;0;0;0;2;0;0
"17/03/2025";"07:28:53";"91";"Com vítima";"490,851";"BR-163/MS";"Decrescente";"Queda de moto";0;0;0;1;0;0;0;0;0;0;0;1;1;0;0
"17/03/2025";"15:41:37";"221";"Sem vítima";"486,000";"BR-163/MS";"Crescente";"Colisão traseira";0;0;1;0;0;1;0;0;0;0;1;0;0;0;0
"18/03/2025";"04:06:54";"19";"Sem vítima";"666,620";"BR-163/MS";"Crescente";"Atropelamento de animal";1;0;0;0;0;0;0;0;0;0;3;0;0;0;0
"18/03/2025";"10:27:53";"129";"Sem vítima";"610,394";"BR-163/MS";"Crescente";"Acidentes de outra natureza";1;0;0;0;0;0;0;0;0;0;1;0;0;0;0
"18/03/2025";"15:07:46";"173";"Com vítima";"841,202";"BR-163/MS";"Decrescente";"Tombamento";0;0;0;0;0;2;0;0;0;0;0;1;0;0;0
"18/03/2025";"16:08:57";"188";"Sem vítima";"485,352";"BR-163/MS";"Decrescente";"Choque";0;0;0;0;0;2;0;0;0;1;4;0;0;0;0
"18/03/2025";"17:55:22";"206";"Sem vítima";"484,341";"BR-163/MS";"Decrescente";"Colisão transversal";1;0;1;0;0;0;0;0;0;0;2;0;0;0;0
"18/03/2025";"18:49:47";"219";"Sem vítima";"578,268";"BR-163/MS";"Crescente";"Acidentes de outra natureza";0;0;1;0;0;1;0;0;0;0;1;0;0;0;0
"18/03/2025";"20:17:05";"233";"Sem vítima";"140,662";"BR-163/MS";"Crescente";"Tombamento";0;0;0;0;0;2;0;0;0;0;2;0;0;0;0
"19/03/2025";"07:01:27";"59";"Com vítima";"76,117";"BR-163/MS";"Decrescente";"Colisão lateral no mesmo sentido";1;0;0;0;0;2;0;0;0;0;1;1;0;0;0
"19/03/2025";"07:04:17";"63";"Com vítima";"475,772";"BR-163/MS";"Crescente";"Colisão transversal";0;0;0;2;0;0;0;0;0;0;0;2;1;0;0
"19/03/2025";"07:59:23";"86";"Com vítima";"483,159";"BR-163/MS";"Crescente";"Colisão transversal";1;0;0;1;0;0;0;0;0;0;2;1;0;0;0
"19/03/2025";"09:49:52";"115";"Com vítima";"478,584";"BR-163/MS";"Crescente";"Choque";1;0;1;0;0;0;0;0;0;0;1;1;0;0;0
"19/03/2025";"15:23:33";"205";"Sem vítima";"126,797";"BR-163/MS";"Crescente";"Acidentes de outra natureza";1;0;0;0;0;0;0;0;0;0;3;0;0;0;0
"19/03/2025";"17:34:44";"228";"Sem vítima";"75,694";"BR-163/MS";"Decrescente";"Acidentes de outra natureza";1;0;0;0;0;0;0;0;0;0;3;0;0;0;0
"19/03/2025";"19:22:09";"258";"Com vítima";"484,387";"BR-163/MS";"Crescente";"Colisão traseira";0;0;0;1;0;0;0;0;0;0;2;1;0;0;0
"19/03/2025";"19:36:41";"260";"Com vítima";"522,679";"BR-163/MS";"Decrescente";"Colisão traseira";0;0;1;0;0;0;0;0;0;0;1;1;0;0;0
"20/03/2025";"08:08:49";"96";"Sem vítima";"191,938";"BR-163/MS";"Crescente";"Capotamento";1;0;0;0;0;0;0;0;0;0;1;0;0;0;0
"20/03/2025";"13:00:08";"154";"Com vítima";"618,627";"BR-163/MS";"Crescente";"Colisão transversal";0;0;0;1;0;0;0;0;0;1;1;0;1;0;0
"20/03/2025";"13:56:02";"161";"Sem vítima";"687,900";"BR-163/MS";"Decrescente";"Colisão traseira";0;0;0;0;0;0;0;0;0;2;4;0;0;0;0
"20/03/2025";"17:15:52";"207";"Sem vítima";"478,568";"BR-163/MS";"Crescente";"Colisão traseira";0;0;0;0;0;0;0;0;0;2;2;0;0;0;0
"20/03/2025";"19:56:57";"241";"Sem vítima";"306,313";"BR-163/MS";"Decrescente";"Atropelamento de animal";0;0;0;0;0;0;0;0;0;1;3;0;0;0;0
"20/03/2025";"20:30:17";"250";"Sem vítima";"560,000";"BR-163/MS";"Crescente";"Atropelamento de animal";1;0;0;0;0;0;0;0;0;0;1;0;0;0;0
"21/03/2025";"14:45:12";"216";"Sem vítima";"741,893";"BR-163/MS";"Crescente";"Colisão lateral no mesmo sentido";1;0;1;0;0;0;0;0;0;0;3;0;0;0;0
"21/03/2025";"14:45:25";"217";"Com vítima";"575,317";"BR-163/MS";"Decrescente";"Colisão frontal";0;0;1;0;0;2;0;0;0;1;0;6;0;0;0
"21/03/2025";"15:22:17";"226";"Sem vítima";"530,620";"BR-163/MS";"Decrescente";"Tombamento";0;0;1;0;0;1;0;0;0;0;1;0;0;0;0
"21/03/2025";"17:34:12";"256";"Com vítima";"428,175";"BR-163/MS";"Decrescente";"Queda de moto";0;0;0;1;0;0;0;0;0;0;0;1;1;0;0
"22/03/2025";"10:57:00";"105";"Sem vítima";"480,179";"BR-163/MS";"Crescente";"Colisão transversal";1;0;0;0;0;0;0;0;0;1;2;0;0;0;0
"22/03/2025";"14:24:55";"141";"Sem vítima";"553,334";"BR-163/MS";"Decrescente";"Tombamento";0;0;1;0;0;1;0;0;0;0;1;0;0;0;0
"22/03/2025";"21:08:15";"210";"Sem vítima";"357,826";"BR-163/MS";"Decrescente";"Atropelamento de animal";1;0;0;0;0;0;0;0;0;0;2;0;0;0;0
"23/03/2025";"04:56:41";"26";"Sem vítima";"513,866";"BR-163/MS";"Crescente";"Atropelamento de animal";0;0;0;0;0;0;0;0;0;1;1;0;0;0;0
"23/03/2025";"06:13:22";"38";"Sem vítima";"277,215";"BR-163/MS";"Crescente";"Capotamento";1;0;0;0;0;0;0;0;0;0;1;0;0;0;0
"24/03/2025";"09:13:25";"80";"Sem vítima";"544,572";"BR-163/MS";"Decrescente";"Colisão traseira";2;0;0;0;0;0;0;0;0;0;2;0;0;0;0
"24/03/2025";"13:47:03";"179";"Sem vítima";"582,364";"BR-163/MS";"Decrescente";"Choque";0;0;0;0;0;0;0;0;0;1;1;0;0;0;0
"24/03/2025";"17:36:14";"245";"Com vítima";"24,208";"BR-163/MS";"Crescente";"Tombamento";1;0;0;0;0;0;0;0;0;0;2;2;0;0;0
"24/03/2025";"20:22:50";"283";"Sem vítima";"34,443";"BR-163/MS";"Crescente";"Acidentes de outra natureza";1;0;0;0;0;0;0;0;0;0;1;0;0;0;0
"25/03/2025";"06:02:30";"35";"Com vítima";"481,868";"BR-163/MS";"Decrescente";"Colisão traseira";0;0;0;0;0;0;0;0;0;1;1;1;0;0;0
"25/03/2025";"07:07:36";"54";"Com vítima";"264,907";"BR-163/MS";"Decrescente";"Colisão lateral no mesmo sentido";1;0;0;1;0;0;0;0;0;0;1;0;1;0;0
"25/03/2025";"17:21:10";"207";"Sem vítima";"548,000";"BR-163/MS";"Crescente";"Colisão lateral no mesmo sentido";1;0;1;0;0;0;0;0;0;0;1;0;0;0;0
"26/03/2025";"01:53:35";"20";"Sem vítima";"519,368";"BR-163/MS";"Crescente";"Tombamento";0;0;0;0;0;1;0;0;0;0;3;0;0;0;0
"26/03/2025";"04:40:32";"34";"Sem vítima";"700,500";"BR-163/MS";"Crescente";"Atropelamento de animal";0;0;0;0;0;0;0;0;0;1;4;0;0;0;0
"26/03/2025";"11:06:42";"146";"Com vítima";"475,790";"BR-163/MS";"Decrescente";"Colisão transversal";1;0;0;1;0;0;0;0;0;0;0;0;1;0;0
"26/03/2025";"11:22:30";"148";"Com vítima";"486,502";"BR-163/MS";"Decrescente";"Colisão transversal";2;0;0;0;0;0;0;0;0;0;1;1;0;0;0
"26/03/2025";"13:57:09";"177";"Sem vítima";"604,000";"BR-163/MS";"Decrescente";"Colisão traseira";0;0;1;0;0;0;0;0;0;1;4;0;0;0;0
"26/03/2025";"15:28:03";"192";"Com vítima";"2,789";"BR-163/MS";"Crescente";"Colisão traseira";1;0;0;0;0;0;0;0;0;2;2;1;0;0;0
"26/03/2025";"17:53:52";"211";"Com vítima";"483,260";"BR-163/MS";"Crescente";"Atropelamento de animal";0;0;0;1;0;0;0;0;0;0;1;1;0;0;0
"27/03/2025";"01:05:10";"18";"Sem vítima";"254,348";"BR-163/MS";"Crescente";"Atropelamento de animal";0;0;1;0;0;0;0;0;0;0;1;0;0;0;0
"27/03/2025";"05:37:04";"48";"Sem vítima";"342,501";"BR-163/MS";"Decrescente";"Atropelamento de animal";1;0;0;0;0;0;0;0;0;0;2;0;0;0;0
"27/03/2025";"10:49:46";"167";"Sem vítima";"487,805";"BR-163/MS";"Decrescente";"Colisão transversal";1;0;2;0;0;1;0;0;0;0;3;0;0;0;0
"27/03/2025";"11:35:03";"175";"Sem vítima";"844,169";"BR-163/MS";"Crescente";"Acidentes de outra natureza";0;0;1;0;0;1;0;0;0;0;1;0;0;0;0
"27/03/2025";"12:45:17";"189";"Sem vítima";"486,363";"BR-163/MS";"Crescente";"Colisão transversal";0;0;0;0;0;0;0;0;0;1;3;0;0;0;0
"27/03/2025";"15:21:06";"224";"Sem vítima";"230,617";"BR-163/MS";"Crescente";"Choque";0;0;0;0;0;0;0;0;0;1;2;0;0;0;0
"28/03/2025";"18:02:48";"233";"Sem vítima";"614,909";"BR-163/MS";"Crescente";"Acidentes de outra natureza";0;0;1;0;0;0;0;0;0;0;1;0;0;0;0
"28/03/2025";"19:23:54";"267";"Com vítima";"119,834";"BR-163/MS";"Crescente";"Acidentes de outra natureza";1;0;0;0;0;0;0;0;0;0;1;1;0;0;0
"28/03/2025";"19:39:32";"271";"Sem vítima";"802,492";"BR-163/MS";"Crescente";"Capotamento";0;0;0;0;0;0;0;0;0;1;1;0;0;0;0
"29/03/2025";"01:06:38";"16";"Sem vítima";"126,747";"BR-163/MS";"Decrescente";"Atropelamento de animal";0;0;0;0;1;0;0;0;0;0;21;0;0;0;0
"29/03/2025";"07:54:02";"91";"Com vítima";"682,183";"BR-163/MS";"Crescente";"Colisão frontal";2;0;0;0;0;0;0;0;0;0;1;1;0;0;0
"29/03/2025";"10:48:57";"152";"Com vítima";"479,528";"BR-163/MS";"Decrescente";"Queda de moto";0;0;0;1;0;0;0;0;0;0;1;1;0;0;0
"29/03/2025";"11:17:57";"160";"Sem vítima";"263,000";"BR-163/MS";"Decrescente";"Colisão traseira";1;0;0;0;0;0;0;0;0;1;4;0;0;0;0
"30/03/2025";"10:37:55";"90";"Com vítima";"486,527";"BR-163/MS";"Decrescente";"Colisão transversal";1;0;0;0;0;0;0;0;0;1;2;2;0;0;0
"30/03/2025";"18:10:54";"159";"Sem vítima";"465,265";"BR-163/MS";"Decrescente";"Choque";1;0;0;0;0;1;0;0;0;0;1;0;0;0;0
"30/03/2025";"18:43:32";"169";"Sem vítima";"258,566";"BR-163/MS";"Crescente";"Colisão transversal";0;0;0;1;0;0;0;0;0;0;1;0;0;0;0
"31/03/2025";"05:50:16";"32";"Sem vítima";"175,000";"BR-163/MS";"Crescente";"Atropelamento de animal";1;0;0;0;0;0;0;0;0;0;1;0;0;0;0
"31/03/2025";"16:15:44";"169";"Com vítima";"477,725";"BR-163/MS";"Decrescente";"Colisão transversal";1;0;0;1;0;0;0;0;0;0;1;2;0;0;0
"31/03/2025";"17:17:12";"179";"Sem vítima";"535,000";"BR-163/MS";"Crescente";"Atropelamento de animal";1;0;0;0;0;0;0;0;0;0;3;0;0;0;0
"01/04/2025";"14:58:55";"169";"Sem vítima";"662,412";"BR-163/MS";"Decrescente";"Colisão traseira";0;0;2;0;0;0;0;0;0;0;2;0;0;0;0
"01/04/2025";"15:51:39";"183";"Sem vítima";"366,488";"BR-163/MS";"Decrescente";"Engavetamento";1;0;0;0;0;0;0;0;0;2;7;0;0;0;0
"01/04/2025";"17:28:19";"205";"Com vítima";"265,937";"BR-163/MS";"Decrescente";"Colisão traseira";1;0;0;1;0;0;0;0;0;0;2;0;1;0;0
"01/04/2025";"17:36:01";"206";"Com vítima";"486,708";"BR-163/MS";"Decrescente";"Colisão transversal";1;0;0;1;0;0;0;0;0;0;1;0;1;0;0