data;horario;n_da_ocorrencia;tipo_de_ocorrencia;km;trecho;sentido;tipo_de_acidente;automovel;bicicleta;caminhao;moto;onibus;outros;tracao_animal;transporte_de_cargas_especiais;trator_maquinas;utilitarios;ilesos;levemente_feridos;moderadamente_feridos;gravemente_feridos;mortos
"02/04/2025";"11:16:30";"120";"Com vítima";"569,967";"BR-163/MS";"Decrescente";"Colisão lateral no mesmo sentido";1;0;1;0;0;1;0;0;0;0;2;0;1;0;0
"02/04/2025";"20:01:07";"225";"Sem vítima";"144,671";"BR-163/MS";"Decrescente";"Colisão traseira";0;0;0;0;0;0;0;0;0;2;4;0;0;0;0
"02/04/2025";"23:06:38";"238";"Com vítima";"265,865";"BR-163/MS";"Decrescente";"Colisão traseira";1;0;0;1;0;0;0;0;0;0;1;1;0;0;0
"03/04/2025";"00:35:01";"12";"Sem vítima";"301,507";"BR-163/MS";"Decrescente";"Acidentes de outra natureza";0;0;1;0;0;0;0;0;0;0;1;0;0;0;0
"03/04/2025";"06:56:05";"66";"Sem vítima";"650,442";"BR-163/MS";"Crescente";"Atropelamento de animal";1;0;0;0;0;0;0;0;0;0;1;0;0;0;0
"03/04/2025";"13:36:48";"183";"Sem vítima";"603,409";"BR-163/MS";"Decrescente";"Colisão traseira";2;0;0;0;0;0;0;0;0;0;5;0;0;0;0
"03/04/2025";"18:04:03";"231";"Com vítima";"491,267";"BR-163/MS";"Crescente";"Colisão transversal";1;0;0;1;0;0;0;0;0;0;2;1;0;0;0
"03/04/2025";"19:10:44";"249";"Sem vítima";"151,000";"BR-163/MS";"Crescente";"Acidentes de outra natureza";0;0;0;0;0;0;0;0;0;1;1;0;0;0;0
"03/04/2025";"20:18:12";"263";"Com vítima";"309,000";"BR-163/MS";"Decrescente";"Queda de moto";0;0;0;1;0;0;0;0;0;0;0;2;0;0;0
"04/04/2025";"00:37:42";"13";"Sem vítima";"53,699";"BR-163/MS";"Decrescente";"Atropelamento de animal";0;0;0;0;0;0;0;0;0;1;0;0;0;0;0
"04/04/2025";"02:17:09";"17";"Sem vítima";"139,800";"BR-163/MS";"Decrescente";"Colisão traseira";0;0;1;0;0;0;0;0;0;0;2;0;0;0;0
"04/04/2025";"07:28:01";"56";"Com vítima";"532,395";"BR-163/MS";"Crescente";"Colisão transversal";0;0;0;1;0;0;0;0;0;1;1;0;1;0;0
"04/04/2025";"09:22:12";"92";"Com vítima";"165,500";"BR-163/MS";"Crescente";"Capotamento";1;0;0;0;0;0;0;0;0;0;0;1;0;0;0
"04/04/2025";"20:43:56";"213";"Sem vítima";"452,000";"BR-163/MS";"Decrescente";"Atropelamento de animal";0;0;0;0;0;0;0;0;0;1;2;0;0;0;0
"05/04/2025";"01:36:29";"19";"Sem vítima";"359,712";"BR-163/MS";"Decrescente";"Atropelamento de animal";1;0;0;0;0;0;0;0;0;0;3;0;0;0;0
"05/04/2025";"09:43:42";"107";"Sem vítima";"485,230";"BR-163/MS";"Decrescente";"Colisão traseira";2;0;0;0;0;0;0;0;0;0;2;0;0;0;0
"05/04/2025";"15:46:41";"176";"Com vítima";"558,116";"BR-163/MS";"Decrescente";"Colisão transversal";0;0;0;1;0;0;0;0;0;1;3;1;0;0;0
"05/04/2025";"19:26:14";"226";"Sem vítima";"490,760";"BR-163/MS";"Crescente";"Acidentes de outra natureza";1;0;0;0;0;0;0;0;0;1;2;0;0;0;0
"05/04/2025";"20:37:00";"234";"Sem vítima";"301,500";"BR-163/MS";"Crescente";"Atropelamento de animal";1;0;0;0;0;0;0;0;0;0;0;0;0;0;0
"05/04/2025";"22:12:41";"246";"Sem vítima";"813,255";"BR-163/MS";"Crescente";"Acidentes de outra natureza";1;0;0;0;0;0;0;0;0;0;2;0;0;0;0
"06/04/2025";"00:05:38";"10";"Sem vítima";"308,725";"BR-163/MS";"Crescente";"Atropelamento de animal";1;0;0;0;0;0;0;0;0;0;2;0;0;0;0
"06/04/2025";"03:05:01";"28";"Sem vítima";"477,000";"BR-163/MS";"Crescente";"Colisão frontal";1;0;0;0;0;0;0;0;0;0;2;0;0;0;0
"06/04/2025";"14:41:16";"148";"Sem vítima";"184,427";"BR-163/MS";"Decrescente";"Colisão traseira";0;0;0;0;0;0;0;0;0;2;8;0;0;0;0
"06/04/2025";"18:03:34";"182";"Com vítima";"769,667";"BR-163/MS";"Decrescente";"Acidentes de outra natureza";1;0;0;0;0;1;0;0;0;0;1;3;0;0;0
"06/04/2025";"18:45:24";"196";"Sem vítima";"423,959";"BR-163/MS";"Crescente";"Atropelamento de animal";1;0;0;0;0;0;0;0;0;0;5;0;0;0;0
"06/04/2025";"18:49:30";"197";"Com vítima";"706,924";"BR-163/MS";"Crescente";"Atropelamento de animal";1;0;1;0;0;1;0;0;0;0;2;1;0;0;0
"07/04/2025";"01:24:09";"18";"Com vítima";"680,711";"BR-163/MS";"Crescente";"Queda de moto";0;0;0;1;0;0;0;0;0;0;0;0;0;1;0
"07/04/2025";"08:34:02";"101";"Sem vítima";"478,208";"BR-163/MS";"Crescente";"Colisão lateral no mesmo sentido";1;0;0;0;0;0;0;0;0;1;2;0;0;0;0
"07/04/2025";"18:35:09";"220";"Com vítima";"253,862";"BR-163/MS";"Decrescente";"Colisão traseira";0;0;1;0;0;0;0;0;0;1;1;1;0;0;0
"07/04/2025";"18:36:13";"222";"Sem vítima";"540,659";"BR-163/MS";"Crescente";"Choque";1;0;0;0;0;0;0;0;0;0;3;0;0;0;0
"07/04/2025";"18:42:31";"223";"Sem vítima";"540,659";"BR-163/MS";"Crescente";"Choque";1;0;0;0;0;0;0;0;0;0;1;0;0;0;0
"07/04/2025";"19:06:34";"229";"Sem vítima";"717,325";"BR-163/MS";"Crescente";"Atropelamento de animal";0;0;1;0;0;0;0;0;0;0;1;0;0;0;0
"08/04/2025";"01:21:05";"14";"Sem vítima";"463,159";"BR-163/MS";"Crescente";"Acidentes de outra natureza";1;0;0;0;0;0;0;0;0;0;1;0;0;0;0
"08/04/2025";"05:22:55";"28";"Com vítima";"564,775";"BR-163/MS";"Crescente";"Colisão traseira";0;0;1;0;0;1;0;0;0;1;0;1;1;0;1
"08/04/2025";"07:44:09";"67";"Com vítima";"555,517";"BR-163/MS";"Crescente";"Tombamento";0;0;1;0;0;1;0;0;0;0;0;0;0;1;0
"08/04/2025";"16:18:02";"176";"Sem vítima";"696,530";"BR-163/MS";"Decrescente";"Acidentes de outra natureza";1;0;0;0;0;0;0;0;0;0;1;0;0;0;0
"09/04/2025";"17:58:04";"190";"Sem vítima";"189,283";"BR-163/MS";"Crescente";"Colisão traseira";0;0;1;0;0;0;0;0;0;1;3;0;0;0;0
"10/04/2025";"00:54:18";"12";"Com vítima";"589,890";"BR-163/MS";"Crescente";"Capotamento";0;0;0;0;0;0;0;0;0;1;0;2;0;0;0
"10/04/2025";"05:23:21";"23";"Com vítima";"575,345";"BR-163/MS";"Crescente";"Colisão traseira";1;0;1;0;0;0;0;0;0;0;2;1;0;0;0
"10/04/2025";"14:20:41";"177";"Sem vítima";"466,483";"BR-163/MS";"Crescente";"Colisão traseira";0;0;1;0;0;0;0;0;0;0;1;0;0;0;0
"10/04/2025";"16:23:03";"197";"Com vítima";"475,788";"BR-163/MS";"Decrescente";"Colisão transversal";1;0;1;0;0;0;0;0;0;0;2;2;0;0;0
"11/04/2025";"05:46:33";"35";"Com vítima";"270,336";"BR-163/MS";"Crescente";"Colisão traseira";1;0;1;0;0;1;0;0;0;0;2;2;0;0;0
"11/04/2025";"15:49:40";"199";"Com vítima";"39,608";"BR-163/MS";"Decrescente";"Colisão transversal";1;0;0;1;0;0;0;0;0;0;3;2;0;0;0
"12/04/2025";"02:30:16";"25";"Sem vítima";"164,221";"BR-163/MS";"Crescente";"Acidentes de outra natureza";0;0;1;0;0;2;0;0;0;0;1;0;0;0;0
"12/04/2025";"04:27:46";"30";"Sem vítima";"440,786";"BR-163/MS";"Decrescente";"Choque";1;0;0;0;0;0;0;0;0;0;1;0;0;0;0
"12/04/2025";"09:18:21";"95";"Sem vítima";"278,000";"BR-163/MS";"Decrescente";"Acidentes de outra natureza";0;0;0;1;0;0;0;0;0;0;0;0;0;0;0
"12/04/2025";"16:40:07";"185";"Com vítima";"211,552";"BR-163/MS";"Crescente";"Colisão frontal";1;0;0;0;0;3;0;0;0;0;1;0;0;0;1
"12/04/2025";"19:16:38";"219";"Com vítima";"444,404";"BR-163/MS";"Decrescente";"Capotamento";0;0;0;0;0;0;0;0;0;1;0;1;0;0;0
"13/04/2025";"00:08:25";"1";"Com vítima";"231,452";"BR-163/MS";"Decrescente";"Choque";1;0;0;0;0;0;0;0;0;0;0;0;1;0;0
"13/04/2025";"11:25:07";"103";"Com vítima";"730,362";"BR-163/MS";"Crescente";"Queda de moto";1;0;0;1;0;0;0;0;0;0;0;2;0;0;0
"13/04/2025";"16:04:15";"143";"Com vítima";"481,263";"BR-163/MS";"Crescente";"Queda de moto";0;0;0;1;0;0;0;0;0;0;0;2;0;0;0
"14/04/2025";"02:19:46";"10";"Sem vítima";"375,913";"BR-163/MS";"Decrescente";"Tombamento";0;0;1;0;0;1;0;0;0;0;1;0;0;0;0
"14/04/2025";"06:33:12";"41";"Sem vítima";"364,214";"BR-163/MS";"Crescente";"Acidentes de outra natureza";0;0;1;0;0;3;0;0;0;0;1;0;0;0;0
"14/04/2025";"14:56:08";"160";"Sem vítima";"843,309";"BR-163/MS";"Decrescente";"Tombamento";1;0;0;0;0;0;0;0;0;0;4;0;0;0;0
"14/04/2025";"18:10:06";"188";"Com vítima";"834,730";"BR-163/MS";"Crescente";"Atropelamento de animal";0;0;0;1;0;0;0;0;0;0;0;0;0;1;0
"14/04/2025";"18:59:00";"203";"Com vítima";"834,730";"BR-163/MS";"Crescente";"Acidentes de outra natureza";0;0;0;0;0;0;0;0;0;1;0;1;0;0;0
"15/04/2025";"04:17:01";"16";"Com vítima";"120,623";"BR-163/MS";"Decrescente";"Colisão transversal";1;0;0;0;0;2;0;0;0;0;0;0;0;2;0
"15/04/2025";"08:07:27";"87";"Sem vítima";"599,552";"BR-163/MS";"Crescente";"Colisão lateral no mesmo sentido";1;0;0;0;0;2;0;0;0;0;2;0;0;0;0
"15/04/2025";"08:28:26";"103";"Sem vítima";"484,134";"BR-163/MS";"Crescente";"Colisão transversal";0;0;2;0;0;1;0;0;0;0;2;0;0;0;0
"15/04/2025";"13:20:23";"151";"Sem vítima";"615,742";"BR-163/MS";"Decrescente";"Colisão transversal";1;0;0;1;0;0;0;0;0;0;2;0;0;0;0
"15/04/2025";"18:06:58";"201";"Sem vítima";"220,117";"BR-163/MS";"Crescente";"Acidentes de outra natureza";0;0;1;0;0;1;0;0;0;0;1;0;0;0;0
"15/04/2025";"18:46:15";"208";"Sem vítima";"766,610";"BR-163/MS";"Decrescente";"Atropelamento de animal";1;0;0;0;0;0;0;0;0;0;1;0;0;0;0
"15/04/2025";"19:07:25";"213";"Com vítima";"486,748";"BR-163/MS";"Crescente";"Colisão transversal";1;0;0;1;0;0;0;0;0;0;1;0;0;0;1
"15/04/2025";"21:03:35";"223";"Sem vítima";"796,400";"BR-163/MS";"Decrescente";"Choque";1;0;0;0;0;0;0;0;0;0;3;0;0;0;0
"15/04/2025";"23:59:37";"237";"Com vítima";"165,501";"BR-163/MS";"Crescente";"Capotamento";0;0;1;0;0;0;0;0;0;0;0;0;0;0;1
"16/04/2025";"07:34:34";"75";"Sem vítima";"348,177";"BR-163/MS";"Decrescente";"Tombamento";0;0;0;1;0;0;0;0;0;0;1;0;0;0;0
"16/04/2025";"10:59:26";"142";"Com vítima";"124,390";"BR-163/MS";"Decrescente";"Queda de moto";0;0;0;1;0;0;0;0;0;0;0;1;0;0;0
"16/04/2025";"12:02:00";"150";"Com vítima";"495,791";"BR-163/MS";"Decrescente";"Acidentes de outra natureza";0;0;0;1;0;0;0;0;0;0;0;0;2;0;0
"16/04/2025";"18:12:27";"237";"Sem vítima";"542,725";"BR-163/MS";"Crescente";"Acidentes de outra natureza";1;0;0;0;0;0;0;0;0;0;1;0;0;0;0
"16/04/2025";"19:00:45";"248";"Sem vítima";"398,900";"BR-163/MS";"Crescente";"Choque";1;0;0;0;0;0;0;0;0;0;3;0;0;0;0
"16/04/2025";"19:54:29";"261";"Com vítima";"246,300";"BR-163/MS";"Crescente";"Choque";0;0;0;0;1;0;0;0;0;0;0;25;0;0;0
"17/04/2025";"00:41:42";"10";"Sem vítima";"834,326";"BR-163/MS";"Crescente";"Atropelamento de animal";0;0;0;0;0;0;0;0;0;1;4;0;0;0;0
"17/04/2025";"04:00:24";"30";"Sem vítima";"381,779";"BR-163/MS";"Decrescente";"Acidentes de outra natureza";0;0;1;0;0;0;0;0;0;0;1;0;0;0;0
"17/04/2025";"07:40:51";"76";"Sem vítima";"316,647";"BR-163/MS";"Decrescente";"Acidentes de outra natureza";1;0;0;0;0;0;0;0;0;0;4;0;0;0;0
"17/04/2025";"12:54:12";"163";"Sem vítima";"408,367";"BR-163/MS";"Decrescente";"Choque";0;0;1;0;0;0;0;0;0;1;4;0;0;0;0
"17/04/2025";"15:10:27";"203";"Sem vítima";"365,500";"BR-163/MS";"Crescente";"Choque";2;0;0;0;0;0;0;0;0;0;3;0;0;0;0
"17/04/2025";"15:48:55";"237";"Com vítima";"226,215";"BR-163/MS";"Decrescente";"Tombamento";1;0;0;0;0;0;0;0;0;0;0;1;0;0;0
"17/04/2025";"18:23:09";"277";"Sem vítima";"486,452";"BR-163/MS";"Decrescente";"Colisão transversal";1;0;0;0;0;0;0;0;0;1;2;0;0;0;0
"17/04/2025";"18:54:56";"284";"Sem vítima";"835,455";"BR-163/MS";"Crescente";"Atropelamento de animal";1;0;0;0;0;0;0;0;0;0;3;0;0;0;0
"17/04/2025";"19:04:49";"287";"Com vítima";"81,578";"BR-163/MS";"Decrescente";"Queda de moto";0;0;0;1;0;0;0;0;0;0;0;1;0;0;0
"17/04/2025";"21:46:32";"311";"Com vítima";"486,152";"BR-163/MS";"Crescente";"Colisão transversal";1;0;0;1;0;0;0;0;0;0;1;0;1;0;0
"18/04/2025";"01:13:28";"13";"Com vítima";"667,000";"BR-163/MS";"Crescente";"Queda de moto";0;0;0;1;0;0;0;0;0;0;0;0;1;0;0
"18/04/2025";"01:26:04";"14";"Com vítima";"202,782";"BR-163/MS";"Decrescente";"Colisão traseira";2;0;0;0;0;0;0;0;0;0;2;4;0;0;0
"18/04/2025";"09:12:19";"101";"Sem vítima";"261,762";"BR-163/MS";"Crescente";"Colisão transversal";1;0;0;1;0;0;0;0;0;0;2;0;0;0;0
"18/04/2025";"10:35:13";"121";"Com vítima";"309,800";"BR-163/MS";"Decrescente";"Acidentes de outra natureza";1;0;0;0;0;0;0;0;0;0;0;3;1;0;0
"18/04/2025";"15:47:17";"187";"Sem vítima";"437,452";"BR-163/MS";"Crescente";"Acidentes de outra natureza";1;0;0;0;0;0;0;0;0;0;1;0;0;0;0
"18/04/2025";"18:49:13";"233";"Sem vítima";"383,966";"BR-163/MS";"Decrescente";"Acidentes de outra natureza";0;0;1;0;0;0;0;0;0;0;1;0;0;0;0
"19/04/2025";"01:38:52";"16";"Sem vítima";"373,541";"BR-163/MS";"Decrescente";"Atropelamento de animal";1;0;0;0;0;0;0;0;0;0;2;0;0;0;0
"19/04/2025";"11:34:51";"95";"Sem vítima";"394,315";"BR-163/MS";"Crescente";"Acidentes de outra natureza";1;0;0;0;0;0;0;0;0;0;1;0;0;0;0
"19/04/2025";"14:07:54";"120";"Sem vítima";"670,685";"BR-163/MS";"Crescente";"Capotamento";0;0;0;0;0;0;0;0;0;1;1;0;0;0;0
"19/04/2025";"19:43:19";"201";"Com vítima";"258,523";"BR-163/MS";"Crescente";"Queda de moto";0;0;0;1;0;0;0;0;0;0;0;1;0;0;0
"20/04/2025";"07:13:47";"50";"Com vítima";"117,376";"BR-163/MS";"Crescente";"Queda de moto";0;0;0;1;0;0;0;0;0;0;0;1;0;0;0
"20/04/2025";"07:41:17";"57";"Com vítima";"334,994";"BR-163/MS";"Decrescente";"Acidentes de outra natureza";0;0;1;0;0;0;0;0;0;0;1;1;0;0;0
"20/04/2025";"09:47:01";"85";"Com vítima";"523,480";"BR-163/MS";"Crescente";"Queda de moto";0;0;0;1;0;0;0;0;0;0;0;0;1;0;0
"20/04/2025";"17:28:07";"168";"Sem vítima";"823,875";"BR-163/MS";"Decrescente";"Tombamento";0;0;1;0;0;1;0;0;0;0;1;0;0;0;0
"20/04/2025";"18:21:41";"178";"Com vítima";"479,636";"BR-163/MS";"Decrescente";"Queda de moto";0;0;0;1;0;0;0;0;0;0;1;1;0;0;0
"20/04/2025";"19:10:34";"186";"Sem vítima";"768,701";"BR-163/MS";"Crescente";"Atropelamento de animal";1;0;0;0;0;0;0;0;0;0;4;0;0;0;0
"20/04/2025";"21:17:02";"203";"Sem vítima";"268,787";"BR-163/MS";"Crescente";"Atropelamento de animal";1;0;0;0;0;0;0;0;0;0;4;0;0;0;0
"21/04/2025";"05:44:03";"32";"Sem vítima";"692,967";"BR-163/MS";"Crescente";"Atropelamento de animal";0;0;0;0;0;0;0;0;0;1;3;0;0;0;0
"21/04/2025";"12:06:54";"143";"Sem vítima";"103,630";"BR-163/MS";"Crescente";"Tombamento";0;0;0;0;0;2;0;0;0;0;1;0;0;0;0
"21/04/2025";"15:58:17";"206";"Com vítima";"276,793";"BR-163/MS";"Crescente";"Capotamento";1;0;0;0;0;0;0;0;0;0;0;1;1;0;0
"22/04/2025";"14:08:08";"176";"Sem vítima";"752,438";"BR-163/MS";"Crescente";"Colisão lateral no mesmo sentido";1;0;0;0;0;0;0;0;0;0;2;0;0;0;0
"22/04/2025";"16:49:35";"214";"Com vítima";"556,127";"BR-163/MS";"Decrescente";"Capotamento";0;0;1;0;0;2;0;0;0;0;0;0;2;0;0
"22/04/2025";"19:50:22";"242";"Sem vítima";"258,831";"BR-163/MS";"Crescente";"Choque";1;0;0;0;0;0;0;0;0;1;2;0;0;0;0
"22/04/2025";"19:59:45";"243";"Sem vítima";"148,500";"BR-163/MS";"Crescente";"Colisão transversal";1;0;0;0;0;2;0;0;0;0;5;0;0;0;0
"23/04/2025";"12:04:03";"167";"Sem vítima";"265,905";"BR-163/MS";"Crescente";"Colisão traseira";2;0;0;0;0;0;0;0;0;0;2;0;0;0;0
"23/04/2025";"16:12:27";"218";"Sem vítima";"27,000";"BR-163/MS";"Crescente";"Choque";1;0;0;0;0;0;0;0;0;0;3;0;0;0;0
"23/04/2025";"19:10:58";"262";"Sem vítima";"352,510";"BR-163/MS";"Decrescente";"Atropelamento de animal";1;0;0;0;0;0;0;0;0;0;1;0;0;0;0
"24/04/2025";"01:52:56";"30";"Com vítima";"484,470";"BR-163/MS";"Decrescente";"Queda de moto";0;0;0;1;0;0;0;0;0;0;0;1;0;0;0
"24/04/2025";"13:48:55";"171";"Com vítima";"330,500";"BR-163/MS";"Decrescente";"Capotamento";1;0;0;0;0;0;0;0;0;0;1;1;0;0;0
"24/04/2025";"20:36:38";"245";"Sem vítima";"418,653";"BR-163/MS";"Crescente";"Acidentes de outra natureza";1;0;0;0;0;0;0;0;0;0;1;0;0;0;0
"24/04/2025";"21:24:48";"253";"Sem vítima";"458,834";"BR-163/MS";"Crescente";"Acidentes de outra natureza";1;0;0;0;0;0;0;0;0;0;2;0;0;0;0
"24/04/2025";"22:59:51";"264";"Sem vítima";"343,661";"BR-163/MS";"Decrescente";"Atropelamento de animal";1;0;0;0;0;0;0;0;0;0;3;0;0;0;0
"25/04/2025";"16:00:09";"211";"Sem vítima";"305,394";"BR-163/MS";"Crescente";"Tombamento";0;0;1;0;0;0;0;0;0;0;1;0;0;0;0
"26/04/2025";"12:23:56";"136";"Sem vítima";"648,499";"BR-163/MS";"Crescente";"Acidentes de outra natureza";0;0;0;0;0;0;0;0;0;1;3;0;0;0;0
"26/04/2025";"15:56:30";"168";"Com vítima";"279,499";"BR-163/MS";"Crescente";"Acidentes de outra natureza";1;0;0;0;0;0;0;0;0;0;0;1;0;0;0
"27/04/2025";"01:52:53";"13";"Sem vítima";"529,363";"BR-163/MS";"Crescente";"Acidentes de outra natureza";1;0;0;0;0;0;0;0;0;0;3;0;0;0;0
"27/04/2025";"07:46:48";"55";"Sem vítima";"53,674";"BR-163/MS";"Crescente";"Acidentes de outra natureza";0;0;0;0;0;0;0;0;0;1;2;0;0;0;0
"27/04/2025";"13:18:21";"104";"Com vítima";"375,000";"BR-163/MS";"Crescente";"Acidentes de outra natureza";1;0;0;0;0;0;0;0;0;0;0;1;2;0;0
"27/04/2025";"16:34:02";"145";"Sem vítima";"466,318";"BR-163/MS";"Crescente";"Colisão traseira";1;0;0;0;0;0;0;0;0;1;3;0;0;0;0
"27/04/2025";"22:09:14";"193";"Sem vítima";"450,302";"BR-163/MS";"Crescente";"Atropelamento de animal";1;0;0;0;0;0;0;0;0;0;1;0;0;0;0
"27/04/2025";"23:14:36";"203";"Sem vítima";"248,000";"BR-163/MS";"Decrescente";"Acidentes de outra natureza";0;0;0;0;0;0;0;0;0;1;1;0;0;0;0
"28/04/2025";"01:07:34";"14";"Sem vítima";"188,321";"BR-163/MS";"Decrescente";"Atropelamento de animal";0;0;0;0;0;0;0;0;0;1;1;0;0;0;0
"28/04/2025";"06:35:20";"50";"Sem vítima";"128,000";"BR-163/MS";"Crescente";"Choque";0;0;1;0;0;0;0;0;0;1;2;0;0;0;0
"28/04/2025";"10:43:59";"143";"Sem vítima";"266,691";"BR-163/MS";"Crescente";"Colisão lateral no mesmo sentido";0;0;2;0;0;2;0;0;0;0;2;0;0;0;0
"28/04/2025";"18:27:58";"269";"Sem vítima";"496,000";"BR-163/MS";"Decrescente";"Acidentes de outra natureza";1;0;0;0;0;0;0;0;0;0;1;0;0;0;0
"28/04/2025";"21:32:45";"311";"Sem vítima";"609,789";"BR-163/MS";"Decrescente";"Acidentes de outra natureza";0;0;0;0;0;0;0;0;0;1;1;0;0;0;0
"29/04/2025";"03:47:33";"16";"Sem vítima";"832,000";"BR-163/MS";"Crescente";"Acidentes de outra natureza";0;0;0;0;0;0;0;0;0;1;2;0;0;0;0
"29/04/2025";"11:43:11";"169";"Com vítima";"40,614";"BR-163/MS";"Decrescente";"Colisão transversal";0;0;0;1;0;0;0;0;0;1;0;1;0;0;0
"29/04/2025";"17:38:16";"254";"Sem vítima";"255,510";"BR-163/MS";"Decrescente";"Colisão traseira";0;0;1;0;0;1;0;0;0;0;1;0;0;0;0
"30/04/2025";"03:16:05";"23";"Sem vítima";"538,824";"BR-163/MS";"Decrescente";"Atropelamento de animal";1;0;0;0;0;0;0;0;0;0;1;0;0;0;0
"30/04/2025";"05:48:56";"43";"Com vítima";"258,784";"BR-163/MS";"Crescente";"Acidentes de outra natureza";1;0;0;0;0;0;0;0;0;0;0;1;0;0;0
"30/04/2025";"09:50:07";"132";"Sem vítima";"66,176";"BR-163/MS";"Crescente";"Choque";1;0;0;0;0;0;0;0;0;0;2;0;0;0;0
"30/04/2025";"13:37:27";"187";"Com vítima";"683,255";"BR-163/MS";"Decrescente";"Colisão transversal";2;0;0;0;0;0;0;0;0;0;1;2;0;0;0
"30/04/2025";"15:19:51";"212";"Sem vítima";"175,608";"BR-163/MS";"Crescente";"Tombamento";0;0;0;0;0;0;0;0;0;0;1;0;0;0;0
"30/04/2025";"16:05:13";"225";"Sem vítima";"177,400";"BR-163/MS";"Crescente";"Colisão traseira";0;0;2;0;0;0;0;0;0;0;2;0;0;0;0
"30/04/2025";"17:28:44";"248";"Com vítima";"1,302";"BR-163/MS";"Crescente";"Queda de moto";0;0;0;1;0;0;0;0;0;0;1;1;0;0;0
"30/04/2025";"18:11:41";"254";"Com vítima";"486,587";"BR-163/MS";"Crescente";"Colisão transversal";0;0;0;1;0;1;0;0;0;0;0;0;1;1;0
"30/04/2025";"19:12:47";"272";"Com vítima";"208,276";"BR-163/MS";"Crescente";"Colisão frontal";1;0;0;0;0;1;0;0;0;2;4;1;0;0;0
"30/04/2025";"19:22:57";"274";"Com vítima";"84,373";"BR-163/MS";"Crescente";"Capotamento";1;0;0;0;0;0;0;0;0;0;1;0;0;1;0
"30/04/2025";"21:34:46";"293";"Sem vítima";"381,500";"BR-163/MS";"Decrescente";"Atropelamento de animal";1;0;0;0;0;0;0;0;0;0;2;0;0;0;0
"02/05/2025";"09:07:42";"72";"Sem vítima";"167,452";"BR-163/MS";"Crescente";"Colisão traseira";1;0;0;0;0;1;0;0;0;0;2;0;0;0;0
"02/05/2025";"14:24:19";"126";"Sem vítima";"23,452";"BR-163/MS";"Decrescente";"Colisão lateral no mesmo sentido";0;0;1;0;0;0;0;0;0;1;2;0;0;0;0
"02/05/2025";"14:35:31";"132";"Sem vítima";"523,402";"BR-163/MS";"Decrescente";"Colisão traseira";1;0;1;0;0;0;0;0;0;0;7;0;0;0;0
"02/05/2025";"18:07:23";"175";"Sem vítima";"478,456";"BR-163/MS";"Decrescente";"Engavetamento";1;0;0;0;0;0;0;0;0;0;1;0;0;0;0
"03/05/2025";"09:06:00";"129";"Sem vítima";"310,374";"BR-163/MS";"Decrescente";"Colisão lateral no mesmo sentido";0;0;2;0;0;0;0;0;0;0;4;0;0;0;0
"03/05/2025";"11:54:57";"163";"Com vítima";"88,793";"BR-163/MS";"Crescente";"Acidentes de outra natureza";1;0;0;0;0;0;0;0;0;0;0;1;0;0;0
"03/05/2025";"13:49:04";"183";"Com vítima";"555,700";"BR-163/MS";"Crescente";"Tombamento";0;0;1;0;0;0;0;0;0;0;0;1;0;0;0
"03/05/2025";"16:20:37";"211";"Sem vítima";"828,799";"BR-163/MS";"Decrescente";"Acidentes de outra natureza";1;0;0;0;0;0;0;0;0;0;4;0;0;0;0
"03/05/2025";"17:15:09";"216";"Sem vítima";"315,725";"BR-163/MS";"Crescente";"Colisão lateral no mesmo sentido";1;0;1;0;0;0;0;0;0;0;2;0;0;0;0
"04/05/2025";"01:58:05";"24";"Com vítima";"548,436";"BR-163/MS";"Crescente";"Queda de moto";0;0;0;1;0;0;0;0;0;0;0;2;0;0;0
"04/05/2025";"10:20:37";"95";"Com vítima";"625,500";"BR-163/MS";"Decrescente";"Queda de moto";0;0;0;1;0;0;0;0;0;0;0;0;1;0;0
"04/05/2025";"17:02:06";"202";"Com vítima";"12,363";"BR-163/MS";"Crescente";"Acidentes de outra natureza";1;0;0;0;0;0;0;0;0;0;1;1;0;0;0
"05/05/2025";"01:00:46";"16";"Sem vítima";"184,683";"BR-163/MS";"Crescente";"Atropelamento de animal";1;0;0;0;0;0;0;0;0;0;4;0;0;0;0
"05/05/2025";"07:04:27";"59";"Sem vítima";"34,432";"BR-163/MS";"Crescente";"Acidentes de outra natureza";1;0;0;0;0;0;0;0;0;0;1;0;0;0;0
"05/05/2025";"14:16:56";"180";"Sem vítima";"564,695";"BR-163/MS";"Crescente";"Colisão traseira";0;0;1;0;0;1;0;0;0;0;1;0;0;0;0
"05/05/2025";"19:33:01";"242";"Sem vítima";"761,230";"BR-163/MS";"Crescente";"Atropelamento de animal";0;0;0;0;0;0;0;0;0;1;1;0;0;0;0