data;horario;n_da_ocorrencia;tipo_de_ocorrencia;km;trecho;sentido;tipo_de_acidente;automovel;bicicleta;caminhao;moto;onibus;outros;tracao_animal;transporte_de_cargas_especiais;trator_maquinas;utilitarios;ilesos;levemente_feridos;moderadamente_feridos;gravemente_feridos;mortos
"05/05/2025";"20:14:45";"250";"Sem vítima";"302,747";"BR-163/MS";"Crescente";"Atropelamento de animal";0;0;0;0;0;0;0;0;0;1;1;0;0;0;0
"05/05/2025";"22:48:44";"272";"Sem vítima";"744,208";"BR-163/MS";"Crescente";"Tombamento";0;0;1;0;0;0;0;0;0;0;3;0;0;0;0
"05/05/2025";"23:49:08";"276";"Sem vítima";"832,687";"BR-163/MS";"Crescente";"Atropelamento de animal";0;0;0;0;0;0;0;0;0;1;1;0;0;0;0
"07/05/2025";"13:58:32";"152";"Sem vítima";"6,166";"BR-163/MS";"Crescente";"Colisão lateral no mesmo sentido";1;0;0;0;0;0;0;0;0;1;2;0;0;0;0
"07/05/2025";"17:14:35";"195";"Sem vítima";"55,000";"BR-163/MS";"Decrescente";"Colisão traseira";0;0;0;0;1;1;0;0;0;0;1;0;0;0;0
"07/05/2025";"17:30:11";"199";"Sem vítima";"265,101";"BR-163/MS";"Decrescente";"Colisão lateral no mesmo sentido";1;0;1;0;0;0;0;0;0;0;2;0;0;0;0
"07/05/2025";"18:38:31";"212";"Com vítima";"97,000";"BR-163/MS";"Crescente";"Queda de moto";0;0;0;1;0;0;0;0;0;0;1;1;0;0;0
"07/05/2025";"19:48:08";"222";"Sem vítima";"6,900";"BR-163/MS";"Crescente";"Capotamento";1;0;0;0;0;0;0;0;0;0;1;0;0;0;0
"08/05/2025";"00:32:42";"2";"Sem vítima";"758,669";"BR-163/MS";"Crescente";"Atropelamento de animal";1;0;0;0;0;0;0;0;0;0;1;0;0;0;0
"08/05/2025";"04:22:01";"15";"Sem vítima";"661,178";"BR-163/MS";"Crescente";"Acidentes de outra natureza";0;0;0;0;0;0;0;0;0;0;1;0;0;0;0
"08/05/2025";"09:14:29";"119";"Com vítima";"529,235";"BR-163/MS";"Crescente";"Queda de moto";0;0;0;1;0;0;0;0;0;0;0;0;1;0;0
"08/05/2025";"10:37:40";"147";"Com vítima";"475,797";"BR-163/MS";"Crescente";"Queda de moto";0;0;0;1;0;0;0;0;0;0;1;0;1;0;0
"08/05/2025";"12:50:35";"182";"Com vítima";"77,562";"BR-163/MS";"Crescente";"Colisão lateral no mesmo sentido";0;0;0;1;0;0;0;0;0;1;1;0;1;0;0
"08/05/2025";"19:47:36";"270";"Com vítima";"13,889";"BR-163/MS";"Decrescente";"Colisão frontal";1;0;1;0;0;1;0;0;0;0;1;2;0;2;0
"08/05/2025";"20:49:48";"279";"Sem vítima";"338,410";"BR-163/MS";"Decrescente";"Atropelamento de animal";1;0;0;0;0;0;0;0;0;0;2;0;0;0;0
"08/05/2025";"21:13:05";"282";"Sem vítima";"306,427";"BR-163/MS";"Crescente";"Atropelamento de animal";0;0;0;0;0;1;0;0;0;2;3;0;0;0;0
"09/05/2025";"02:58:11";"14";"Sem vítima";"568,760";"BR-163/MS";"Decrescente";"Atropelamento de animal";0;0;0;0;0;1;0;0;0;0;0;0;0;0;0
"09/05/2025";"08:37:40";"97";"Sem vítima";"1,992";"BR-163/MS";"Crescente";"Colisão lateral no mesmo sentido";1;0;1;0;0;1;0;0;0;0;2;0;0;0;0
"09/05/2025";"10:36:34";"125";"Com vítima";"270,608";"BR-163/MS";"Crescente";"Queda de moto";0;0;0;1;0;0;0;0;0;1;1;0;1;0;0
"09/05/2025";"15:15:18";"189";"Sem vítima";"11,560";"BR-163/MS";"Crescente";"Choque";1;0;0;0;0;0;0;0;0;0;2;0;0;0;0
"09/05/2025";"18:38:27";"243";"Sem vítima";"266,882";"BR-163/MS";"Decrescente";"Acidentes de outra natureza";1;0;0;0;0;0;0;0;0;0;1;0;0;0;0
"09/05/2025";"18:59:47";"246";"Sem vítima";"621,000";"BR-163/MS";"Decrescente";"Colisão traseira";2;0;0;0;0;0;0;0;0;0;4;0;0;0;0
"09/05/2025";"19:04:29";"247";"Sem vítima";"740,145";"BR-163/MS";"Decrescente";"Atropelamento de animal";0;0;0;0;0;1;0;0;0;1;1;0;0;0;0
"09/05/2025";"19:06:37";"249";"Sem vítima";"740,918";"BR-163/MS";"Crescente";"Atropelamento de animal";1;0;0;0;0;0;0;0;0;0;1;0;0;0;0
"10/05/2025";"06:19:01";"28";"Sem vítima";"12,000";"BR-163/MS";"Decrescente";"Choque";1;0;0;0;0;0;0;0;0;0;1;0;0;0;0
"10/05/2025";"09:09:59";"83";"Com vítima";"547,429";"BR-163/MS";"Decrescente";"Colisão lateral no mesmo sentido";1;0;0;0;0;0;0;0;0;1;2;2;0;0;0
"10/05/2025";"23:35:06";"217";"Com vítima";"518,720";"BR-163/MS";"Decrescente";"Queda de moto";0;0;0;1;0;0;0;0;0;0;0;2;0;0;0
"11/05/2025";"04:18:19";"18";"Com vítima";"291,725";"BR-163/MS";"Decrescente";"Atropelamento de animal";1;0;0;0;0;0;0;0;0;0;1;0;0;0;1
"11/05/2025";"15:18:47";"96";"Sem vítima";"124,000";"BR-163/MS";"Crescente";"Colisão lateral no mesmo sentido";0;0;1;0;0;0;0;0;0;1;2;0;0;0;0
"11/05/2025";"18:34:46";"123";"Sem vítima";"485,694";"BR-163/MS";"Crescente";"Engavetamento";3;0;0;0;0;0;0;0;0;0;5;0;0;0;0
"11/05/2025";"23:27:47";"160";"Com vítima";"493,927";"BR-163/MS";"Crescente";"Queda de moto";0;0;0;1;0;0;0;0;0;0;0;1;0;0;0
"12/05/2025";"21:27:28";"292";"Com vítima";"613,473";"BR-163/MS";"Crescente";"Atropelamento de animal";1;0;0;1;0;0;0;0;0;0;1;1;0;0;0
"12/05/2025";"21:35:34";"293";"Com vítima";"209,000";"BR-163/MS";"Crescente";"Colisão transversal";2;0;0;0;0;0;0;0;0;0;1;1;0;0;0
"13/05/2025";"04:28:15";"32";"Sem vítima";"692,625";"BR-163/MS";"Decrescente";"Atropelamento de animal";0;0;0;0;0;1;0;0;0;0;0;0;0;0;0
"13/05/2025";"06:36:09";"64";"Sem vítima";"18,268";"BR-163/MS";"Decrescente";"Choque";0;0;0;0;0;2;0;0;0;1;1;0;0;0;0
"13/05/2025";"09:01:23";"122";"Sem vítima";"327,433";"BR-163/MS";"Crescente";"Choque";1;0;0;0;0;0;0;0;0;0;3;0;0;0;0
"13/05/2025";"09:38:03";"127";"Sem vítima";"485,598";"BR-163/MS";"Crescente";"Choque";1;0;0;0;0;0;0;0;0;1;2;0;0;0;0
"13/05/2025";"13:02:17";"178";"Sem vítima";"462,505";"BR-163/MS";"Decrescente";"Tombamento";0;0;0;0;0;2;0;0;0;0;1;0;0;0;0
"13/05/2025";"18:10:12";"230";"Sem vítima";"478,860";"BR-163/MS";"Crescente";"Colisão traseira";0;0;1;0;1;0;0;0;0;0;2;0;0;0;0
"13/05/2025";"18:19:26";"234";"Sem vítima";"758,615";"BR-163/MS";"Crescente";"Atropelamento de animal";0;0;0;0;0;0;0;0;0;0;1;0;0;0;0
"14/05/2025";"01:02:08";"5";"Sem vítima";"330,960";"BR-163/MS";"Crescente";"Atropelamento de animal";1;0;0;0;0;0;0;0;0;0;1;0;0;0;0
"14/05/2025";"06:45:17";"43";"Com vítima";"256,421";"BR-163/MS";"Crescente";"Queda de moto";0;0;0;1;0;0;0;0;0;0;0;0;1;0;0
"14/05/2025";"07:30:38";"66";"Sem vítima";"0,150";"BR-163/MS";"Crescente";"Choque";0;0;0;0;0;0;0;0;0;1;3;0;0;0;0
"14/05/2025";"17:11:55";"296";"Sem vítima";"57,456";"BR-163/MS";"Crescente";"Colisão traseira";1;0;0;0;0;1;0;0;0;0;2;0;0;0;0
"14/05/2025";"22:15:14";"323";"Com vítima";"421,477";"BR-163/MS";"Decrescente";"Colisão traseira";0;0;0;2;0;0;0;0;0;0;1;1;0;0;0
"15/05/2025";"07:35:18";"54";"Com vítima";"490,665";"BR-163/MS";"Crescente";"Colisão lateral no mesmo sentido";1;0;0;1;0;0;0;0;0;0;1;1;0;0;0
"15/05/2025";"08:44:57";"73";"Com vítima";"150,850";"BR-163/MS";"Crescente";"Tombamento";0;0;1;0;0;0;0;0;0;0;1;1;0;0;0
"15/05/2025";"12:50:37";"135";"Sem vítima";"146,800";"BR-163/MS";"Crescente";"Colisão traseira";0;0;0;0;0;1;0;0;0;1;1;0;0;0;0
"15/05/2025";"15:24:31";"169";"Sem vítima";"470,790";"BR-163/MS";"Crescente";"Colisão traseira";0;0;2;0;0;0;0;0;0;0;2;0;0;0;0
"15/05/2025";"15:36:57";"170";"Com vítima";"485,278";"BR-163/MS";"Crescente";"Colisão traseira";1;0;1;1;0;0;0;0;0;0;3;0;0;0;1
"15/05/2025";"22:09:22";"220";"Sem vítima";"660,000";"BR-163/MS";"Decrescente";"Atropelamento de animal";1;0;0;0;0;0;0;0;0;0;1;0;0;0;0
"16/05/2025";"08:41:56";"95";"Sem vítima";"392,831";"BR-163/MS";"Decrescente";"Colisão lateral no mesmo sentido";1;0;2;0;0;0;0;0;0;0;6;0;0;0;0
"16/05/2025";"12:11:21";"140";"Sem vítima";"391,000";"BR-163/MS";"Decrescente";"Colisão traseira";0;0;2;0;0;0;0;0;0;0;2;0;0;0;0
"16/05/2025";"15:27:07";"179";"Sem vítima";"615,325";"BR-163/MS";"Crescente";"Colisão transversal";0;0;0;0;0;1;0;0;0;1;1;0;0;0;0
"16/05/2025";"22:11:52";"238";"Sem vítima";"264,000";"BR-163/MS";"Crescente";"Queda de moto";0;0;0;1;0;0;0;0;0;0;1;0;0;0;0
"17/05/2025";"19:49:50";"290";"Sem vítima";"614,784";"BR-163/MS";"Crescente";"Colisão transversal";1;0;1;0;0;0;0;0;0;0;4;0;0;0;0
"18/05/2025";"06:53:13";"43";"Sem vítima";"253,837";"BR-163/MS";"Crescente";"Queda de moto";0;0;0;1;0;0;0;0;0;0;0;0;0;0;0
"18/05/2025";"21:37:32";"266";"Com vítima";"484,343";"BR-163/MS";"Crescente";"Tombamento";0;0;0;1;0;0;0;0;0;0;0;1;0;0;0
"19/05/2025";"02:40:18";"16";"Sem vítima";"614,761";"BR-163/MS";"Crescente";"Acidentes de outra natureza";1;0;0;0;0;0;0;0;0;0;2;0;0;0;0
"19/05/2025";"10:26:42";"179";"Sem vítima";"527,340";"BR-163/MS";"Crescente";"Acidentes de outra natureza";1;0;0;0;0;0;0;0;0;0;1;0;0;0;0
"19/05/2025";"15:42:40";"239";"Com vítima";"261,500";"BR-163/MS";"Decrescente";"Colisão traseira";1;0;0;1;0;0;0;0;0;0;1;1;0;0;0
"19/05/2025";"17:54:58";"259";"Sem vítima";"477,461";"BR-163/MS";"Crescente";"Engavetamento";2;0;0;0;0;0;0;0;0;1;8;0;0;0;0
"20/05/2025";"07:33:56";"44";"Com vítima";"478,000";"BR-163/MS";"Crescente";"Engavetamento";2;0;0;1;0;0;0;0;0;0;2;1;0;0;0
"20/05/2025";"11:27:30";"110";"Sem vítima";"490,000";"BR-163/MS";"Crescente";"Acidentes de outra natureza";1;0;0;0;0;0;0;0;0;0;1;0;0;0;0
"20/05/2025";"18:47:13";"200";"Com vítima";"244,128";"BR-163/MS";"Decrescente";"Capotamento";1;0;0;0;0;0;0;0;0;0;0;1;0;0;0
"21/05/2025";"07:15:33";"69";"Com vítima";"471,000";"BR-163/MS";"Crescente";"Colisão traseira";0;0;0;1;0;0;0;0;0;0;0;1;0;0;0
"21/05/2025";"17:31:57";"196";"Com vítima";"609,679";"BR-163/MS";"Crescente";"Acidentes de outra natureza";0;0;1;0;0;0;0;0;0;0;0;0;0;0;1
"22/05/2025";"02:23:49";"9";"Sem vítima";"526,597";"BR-163/MS";"Crescente";"Tombamento";0;0;1;0;0;1;0;0;0;0;1;0;0;0;0
"22/05/2025";"07:49:53";"60";"Sem vítima";"69,450";"BR-163/MS";"Crescente";"Acidentes de outra natureza";0;0;0;0;0;1;0;0;0;1;1;0;0;0;0
"22/05/2025";"18:50:40";"188";"Sem vítima";"746,221";"BR-163/MS";"Decrescente";"Atropelamento de animal";1;0;0;0;0;0;0;0;0;0;1;0;0;0;0
"23/05/2025";"05:31:31";"39";"Com vítima";"258,233";"BR-163/MS";"Crescente";"Capotamento";1;0;0;0;0;0;0;0;0;0;0;0;1;0;0
"23/05/2025";"13:55:40";"144";"Com vítima";"93,287";"BR-163/MS";"Crescente";"Tombamento";0;0;1;0;0;0;0;0;0;0;0;1;0;0;0
"23/05/2025";"18:00:07";"192";"Com vítima";"721,472";"BR-163/MS";"Crescente";"Queda de moto";0;0;0;1;0;0;0;0;0;0;1;1;0;0;0
"23/05/2025";"19:06:31";"208";"Sem vítima";"490,577";"BR-163/MS";"Crescente";"Colisão traseira";2;0;0;0;0;0;0;0;0;0;5;0;0;0;0
"23/05/2025";"19:29:13";"211";"Sem vítima";"25,392";"BR-163/MS";"Decrescente";"Colisão transversal";0;0;1;0;0;1;0;0;0;1;2;0;0;0;0
"24/05/2025";"07:35:39";"63";"Sem vítima";"711,770";"BR-163/MS";"Decrescente";"Tombamento";0;0;1;0;0;1;0;0;0;0;1;0;0;0;0
"24/05/2025";"08:10:15";"73";"Com vítima";"681,405";"BR-163/MS";"Decrescente";"Queda de moto";0;0;0;1;0;0;0;0;0;0;0;1;0;0;0
"24/05/2025";"11:19:49";"114";"Com vítima";"495,000";"BR-163/MS";"Crescente";"Tombamento";0;0;0;0;0;2;0;0;0;0;0;1;0;0;0
"24/05/2025";"12:05:01";"122";"Com vítima";"681,000";"BR-163/MS";"Crescente";"Colisão transversal";1;0;0;1;0;0;0;0;0;0;3;2;0;0;0
"24/05/2025";"14:01:56";"139";"Sem vítima";"141,000";"BR-163/MS";"Crescente";"Acidentes de outra natureza";0;0;0;0;0;0;0;0;0;1;1;0;0;0;0
"24/05/2025";"18:41:11";"206";"Sem vítima";"308,597";"BR-163/MS";"Decrescente";"Choque";1;0;0;0;0;0;0;0;0;0;0;0;0;0;0
"24/05/2025";"18:42:19";"207";"Sem vítima";"222,491";"BR-163/MS";"Decrescente";"Choque";0;0;0;0;0;0;0;0;0;1;4;0;0;0;0
"25/05/2025";"02:53:16";"20";"Com vítima";"475,842";"BR-163/MS";"Crescente";"Queda de moto";0;0;0;1;0;0;0;0;0;0;0;1;1;0;0
"25/05/2025";"05:39:22";"30";"Sem vítima";"9,518";"BR-163/MS";"Crescente";"Choque";1;0;0;0;0;0;0;0;0;0;1;0;0;0;0
"25/05/2025";"06:13:06";"33";"Sem vítima";"123,227";"BR-163/MS";"Decrescente";"Acidentes de outra natureza";1;0;0;0;0;0;0;0;0;0;2;0;0;0;0
"25/05/2025";"08:38:32";"65";"Sem vítima";"309,800";"BR-163/MS";"Crescente";"Acidentes de outra natureza";1;0;0;0;0;0;0;0;0;0;1;0;0;0;0
"25/05/2025";"18:07:18";"157";"Com vítima";"392,903";"BR-163/MS";"Decrescente";"Capotamento";0;0;0;0;0;0;0;0;0;2;2;1;0;0;0
"25/05/2025";"19:09:09";"169";"Sem vítima";"113,000";"BR-163/MS";"Decrescente";"Acidentes de outra natureza";3;0;0;0;0;0;0;0;0;0;3;0;0;0;0
"26/05/2025";"02:07:27";"12";"Sem vítima";"433,500";"BR-163/MS";"Crescente";"Atropelamento de animal";0;0;0;0;0;0;0;0;0;1;1;0;0;0;0
"26/05/2025";"08:06:41";"72";"Com vítima";"78,000";"BR-163/MS";"Crescente";"Colisão transversal";0;0;0;1;0;0;0;0;0;1;1;1;0;0;0
"26/05/2025";"11:58:37";"130";"Sem vítima";"485,795";"BR-163/MS";"Decrescente";"Colisão traseira";0;0;0;0;0;0;0;0;0;2;2;0;0;0;0
"26/05/2025";"15:59:10";"178";"Com vítima";"604,266";"BR-163/MS";"Crescente";"Colisão frontal";0;0;0;1;0;0;0;0;0;1;0;0;2;0;0
"26/05/2025";"17:59:33";"191";"Sem vítima";"255,791";"BR-163/MS";"Crescente";"Choque";1;0;0;0;0;0;0;0;0;0;1;0;0;0;0
"27/05/2025";"11:16:41";"110";"Com vítima";"492,572";"BR-163/MS";"Crescente";"Capotamento";1;0;0;0;0;0;0;0;0;0;0;1;1;0;0
"27/05/2025";"12:47:05";"123";"Sem vítima";"481,680";"BR-163/MS";"Crescente";"Colisão lateral no mesmo sentido";0;0;0;0;0;1;0;0;0;1;6;0;0;0;0
"27/05/2025";"13:14:16";"129";"Com vítima";"485,451";"BR-163/MS";"Decrescente";"Colisão traseira";0;0;0;1;0;0;0;0;0;1;1;1;0;0;0
"27/05/2025";"14:08:16";"139";"Sem vítima";"323,877";"BR-163/MS";"Crescente";"Colisão traseira";1;0;0;0;0;0;0;0;0;1;5;0;0;0;0
"27/05/2025";"14:40:47";"142";"Com vítima";"264,900";"BR-163/MS";"Decrescente";"Colisão traseira";1;0;0;1;0;0;0;0;0;0;1;1;0;0;0
"27/05/2025";"16:16:11";"164";"Sem vítima";"483,501";"BR-163/MS";"Crescente";"Choque";1;0;1;0;0;0;0;0;0;0;2;0;0;0;0
"27/05/2025";"18:42:23";"185";"Com vítima";"255,485";"BR-163/MS";"Decrescente";"Colisão traseira";0;0;0;1;0;0;0;0;0;1;1;0;0;0;1
"27/05/2025";"19:28:21";"196";"Com vítima";"109,147";"BR-163/MS";"Decrescente";"Colisão traseira";1;0;0;0;0;0;0;0;0;0;0;1;0;0;0
"29/05/2025";"03:01:48";"13";"Sem vítima";"587,277";"BR-163/MS";"Decrescente";"Atropelamento de animal";0;0;0;0;0;0;0;0;0;1;1;0;0;0;0
"29/05/2025";"06:35:49";"39";"Com vítima";"475,767";"BR-163/MS";"Decrescente";"Queda de moto";0;0;0;2;0;0;0;0;0;0;1;1;0;0;0
"29/05/2025";"11:06:39";"117";"Sem vítima";"461,551";"BR-163/MS";"Crescente";"Colisão transversal";1;0;1;0;0;0;0;0;0;0;2;0;0;0;0
"29/05/2025";"16:16:02";"177";"Sem vítima";"657,841";"BR-163/MS";"Decrescente";"Colisão traseira";0;0;2;0;0;0;0;0;0;0;3;0;0;0;0
"30/05/2025";"00:40:27";"6";"Sem vítima";"485,477";"BR-163/MS";"Crescente";"Choque";0;0;0;0;0;0;0;0;0;1;1;0;0;0;0
"30/05/2025";"04:35:04";"24";"Sem vítima";"360,177";"BR-163/MS";"Decrescente";"Acidentes de outra natureza";1;0;0;0;0;0;0;0;0;0;3;0;0;0;0
"30/05/2025";"05:18:33";"25";"Sem vítima";"527,897";"BR-163/MS";"Decrescente";"Colisão transversal";1;0;1;0;0;1;0;0;0;0;2;0;0;0;0
"30/05/2025";"12:30:08";"175";"Sem vítima";"491,383";"BR-163/MS";"Decrescente";"Colisão traseira";1;0;0;0;0;0;0;0;0;1;3;0;0;0;0
"30/05/2025";"17:03:21";"224";"Com vítima";"586,000";"BR-163/MS";"Decrescente";"Acidentes de outra natureza";0;0;0;0;0;0;0;0;0;1;0;1;0;0;0
"30/05/2025";"18:20:08";"238";"Sem vítima";"475,763";"BR-163/MS";"Crescente";"Engavetamento";0;0;0;0;0;0;0;0;0;3;5;0;0;0;0
"30/05/2025";"20:07:30";"267";"Sem vítima";"149,880";"BR-163/MS";"Crescente";"Acidentes de outra natureza";0;0;1;0;0;1;0;0;0;0;1;0;0;0;0
"31/05/2025";"01:33:26";"9";"Sem vítima";"501,990";"BR-163/MS";"Decrescente";"Tombamento";0;0;1;0;0;0;0;0;0;0;1;0;0;0;0
"31/05/2025";"04:43:04";"15";"Sem vítima";"13,888";"BR-163/MS";"Crescente";"Capotamento";1;0;0;0;0;0;0;0;0;0;0;0;0;0;0
"31/05/2025";"07:02:45";"31";"Sem vítima";"518,500";"BR-163/MS";"Crescente";"Capotamento";1;0;0;0;0;0;0;0;0;0;1;0;0;0;0
"31/05/2025";"16:45:03";"146";"Sem vítima";"13,830";"BR-163/MS";"Crescente";"Choque";1;0;0;0;0;0;0;0;0;0;2;0;0;0;0
"01/06/2025";"01:24:22";"3";"Sem vítima";"347,587";"BR-163/MS";"Decrescente";"Acidentes de outra natureza";1;0;0;0;0;0;0;0;0;0;2;0;0;0;0
"01/06/2025";"02:47:26";"10";"Com vítima";"689,591";"BR-163/MS";"Decrescente";"Tombamento";0;0;1;0;0;1;0;0;0;0;1;1;0;0;0
"01/06/2025";"09:04:19";"47";"Sem vítima";"520,136";"BR-163/MS";"Crescente";"Colisão traseira";2;0;0;0;0;0;0;0;0;0;2;0;0;0;0
"01/06/2025";"14:28:38";"92";"Com vítima";"533,791";"BR-163/MS";"Decrescente";"Colisão traseira";1;0;1;0;0;0;0;0;0;0;2;3;0;0;0
"01/06/2025";"18:46:21";"122";"Sem vítima";"364,409";"BR-163/MS";"Decrescente";"Choque";1;0;0;0;0;0;0;0;0;0;6;0;0;0;0
"01/06/2025";"19:52:24";"133";"Sem vítima";"346,923";"BR-163/MS";"Crescente";"Acidentes de outra natureza";1;0;0;0;0;0;0;0;0;0;1;0;0;0;0
"02/06/2025";"02:17:45";"4";"Sem vítima";"25,802";"BR-163/MS";"Crescente";"Acidentes de outra natureza";0;0;0;0;0;0;0;0;0;1;2;0;0;0;0
"02/06/2025";"05:21:13";"20";"Com vítima";"113,636";"BR-163/MS";"Crescente";"Queda de moto";0;0;0;1;0;0;0;0;0;0;0;0;1;0;0
"02/06/2025";"07:07:32";"50";"Com vítima";"484,404";"BR-163/MS";"Decrescente";"Colisão transversal";0;0;0;2;0;0;0;0;0;0;0;2;0;0;0
"02/06/2025";"09:47:13";"115";"Sem vítima";"427,885";"BR-163/MS";"Crescente";"Acidentes de outra natureza";0;0;1;0;0;0;0;0;0;0;1;0;0;0;0
"02/06/2025";"18:03:50";"207";"Com vítima";"465,962";"BR-163/MS";"Crescente";"Choque";0;0;0;0;0;0;0;0;0;1;0;1;0;0;0
"02/06/2025";"20:05:49";"222";"Sem vítima";"669,300";"BR-163/MS";"Crescente";"Tombamento";0;0;0;0;0;0;0;0;0;0;1;0;0;0;0
"02/06/2025";"20:08:42";"223";"Com vítima";"200,321";"BR-163/MS";"Crescente";"Colisão frontal";0;0;0;0;0;0;0;0;0;1;1;1;0;0;0
"02/06/2025";"21:03:05";"229";"Sem vítima";"392,762";"BR-163/MS";"Decrescente";"Atropelamento de animal";1;0;0;0;0;0;0;0;0;0;1;0;0;0;0
"03/06/2025";"02:17:32";"9";"Sem vítima";"264,438";"BR-163/MS";"Decrescente";"Acidentes de outra natureza";0;0;1;0;0;0;0;0;0;0;1;0;0;0;0
"03/06/2025";"10:04:39";"123";"Com vítima";"421,000";"BR-163/MS";"Crescente";"Colisão transversal";0;0;0;1;0;0;0;0;0;0;1;1;0;0;0
"04/06/2025";"02:11:47";"8";"Sem vítima";"508,000";"BR-163/MS";"Crescente";"Atropelamento de animal";0;0;0;0;0;0;0;0;0;1;4;0;0;0;0
"04/06/2025";"08:32:35";"90";"Com vítima";"486,300";"BR-163/MS";"Crescente";"Colisão transversal";0;0;0;2;0;0;0;0;0;0;1;1;0;0;0
"04/06/2025";"17:50:41";"222";"Com vítima";"324,745";"BR-163/MS";"Decrescente";"Colisão frontal";0;0;0;0;0;0;0;0;0;2;1;1;0;0;0
"04/06/2025";"18:27:50";"229";"Sem vítima";"590,886";"BR-163/MS";"Crescente";"Colisão lateral no mesmo sentido";0;0;2;0;0;0;0;0;0;0;3;0;0;0;0
"04/06/2025";"20:56:27";"255";"Sem vítima";"698,000";"BR-163/MS";"Crescente";"Atropelamento de animal";0;0;0;0;0;0;0;0;0;1;4;0;0;0;0
"04/06/2025";"22:57:49";"268";"Com vítima";"266,852";"BR-163/MS";"Crescente";"Queda de moto";0;0;0;1;0;0;0;0;0;0;0;1;0;0;0
"05/06/2025";"06:46:12";"35";"Com vítima";"490,319";"BR-163/MS";"Crescente";"Colisão transversal";1;0;0;1;0;0;0;0;0;0;0;2;0;0;0
"05/06/2025";"10:44:40";"117";"Com vítima";"478,760";"BR-163/MS";"Decrescente";"Engavetamento";1;0;0;0;0;2;0;0;0;2;3;2;1;0;0
"05/06/2025";"13:36:46";"146";"Com vítima";"18,633";"BR-163/MS";"Decrescente";"Colisão traseira";0;0;1;1;0;0;0;0;0;0;2;1;0;0;0
"05/06/2025";"16:26:47";"181";"Sem vítima";"654,392";"BR-163/MS";"Crescente";"Colisão traseira";0;0;0;0;0;0;0;0;0;2;4;0;0;0;0
"05/06/2025";"17:58:55";"197";"Com vítima";"413,695";"BR-163/MS";"Decrescente";"Atropelamento de animal";0;0;0;1;0;0;0;0;0;0;0;1;0;0;0
"06/06/2025";"00:48:16";"5";"Sem vítima";"455,732";"BR-163/MS";"Decrescente";"Atropelamento de animal";1;0;0;0;0;0;0;0;0;0;3;0;0;0;0
"06/06/2025";"09:15:35";"105";"Sem vítima";"266,691";"BR-163/MS";"Decrescente";"Colisão traseira";1;0;0;0;0;0;0;0;0;1;2;0;0;0;0
"06/06/2025";"13:45:49";"163";"Com vítima";"587,859";"BR-163/MS";"Crescente";"Colisão traseira";0;0;1;0;0;2;0;0;0;0;1;0;0;0;1
"06/06/2025";"16:42:40";"207";"Sem vítima";"662,252";"BR-163/MS";"Decrescente";"Tombamento";0;0;0;0;0;2;0;0;0;0;1;0;0;0;0
"06/06/2025";"16:45:45";"208";"Com vítima";"473,267";"BR-163/MS";"Crescente";"Choque";0;0;0;1;0;0;0;0;0;0;0;1;1;0;0
"06/06/2025";"18:03:56";"217";"Sem vítima";"149,200";"BR-163/MS";"Decrescente";"Tombamento";0;0;0;0;0;2;0;0;0;0;1;0;0;0;0
"06/06/2025";"18:25:06";"220";"Sem vítima";"481,787";"BR-163/MS";"Decrescente";"Colisão lateral no mesmo sentido";0;0;1;0;0;0;0;0;0;1;5;0;0;0;0
"07/06/2025";"00:23:06";"5";"Com vítima";"615,941";"BR-163/MS";"Crescente";"Queda de moto";0;0;0;1;0;0;0;0;0;0;0;1;0;0;0
"07/06/2025";"02:59:56";"14";"Com vítima";"700,789";"BR-163/MS";"Decrescente";"Tombamento";0;0;0;1;0;0;0;0;0;0;0;1;0;0;0
"07/06/2025";"04:12:37";"23";"Sem vítima";"670,100";"BR-163/MS";"Crescente";"Atropelamento de animal";1;0;0;0;0;0;0;0;0;0;4;0;0;0;0
"07/06/2025";"07:21:11";"58";"Sem vítima";"157,000";"BR-163/MS";"Crescente";"Acidentes de outra natureza";0;0;1;0;0;0;0;0;0;0;1;0;0;0;0
"07/06/2025";"08:30:12";"68";"Com vítima";"124,000";"BR-163/MS";"Crescente";"Acidentes de outra natureza";1;0;0;0;0;0;0;0;0;0;0;1;0;0;0
"07/06/2025";"16:19:42";"186";"Com vítima";"23,000";"BR-163/MS";"Crescente";"Queda de moto";0;0;0;1;0;0;0;0;0;0;0;1;0;0;0
"07/06/2025";"17:11:21";"193";"Com vítima";"614,774";"BR-163/MS";"Crescente";"Colisão lateral no mesmo sentido";1;0;0;0;0;1;0;0;0;0;1;1;1;0;0
"08/06/2025";"00:46:18";"5";"Com vítima";"660,299";"BR-163/MS";"Decrescente";"Capotamento";0;0;0;0;0;0;0;0;0;1;0;1;0;0;0
"08/06/2025";"08:38:30";"63";"Sem vítima";"117,336";"BR-163/MS";"Decrescente";"Capotamento";0;0;0;0;0;0;0;0;0;1;3;0;0;0;0