data;horario;n_da_ocorrencia;tipo_de_ocorrencia;km;trecho;sentido;tipo_de_acidente;automovel;bicicleta;caminhao;moto;onibus;outros;tracao_animal;transporte_de_cargas_especiais;trator_maquinas;utilitarios;ilesos;levemente_feridos;moderadamente_feridos;gravemente_feridos;mortos
"08/06/2025";"17:58:11";"150";"Sem vítima";"320,000";"BR-163/MS";"Crescente";"Atropelamento de animal";0;0;0;0;0;0;0;0;0;1;1;0;0;0;0
"08/06/2025";"21:23:53";"165";"Com vítima";"282,192";"BR-163/MS";"Crescente";"Queda de moto";0;0;0;1;0;0;0;0;0;0;0;0;1;0;0
"09/06/2025";"02:27:33";"15";"Sem vítima";"579,171";"BR-163/MS";"Crescente";"Acidentes de outra natureza";0;0;1;0;0;0;0;0;0;0;1;0;0;0;0
"09/06/2025";"14:22:39";"185";"Com vítima";"475,000";"BR-163/MS";"Crescente";"Queda de moto";0;0;0;1;0;0;0;0;0;0;0;0;1;0;0
"09/06/2025";"20:29:25";"242";"Sem vítima";"303,918";"BR-163/MS";"Decrescente";"Capotamento";0;0;0;1;0;1;0;0;0;1;2;0;0;0;0
"09/06/2025";"21:18:17";"246";"Sem vítima";"227,993";"BR-163/MS";"Crescente";"Choque";0;0;1;0;0;1;0;0;0;0;1;0;0;0;0
"09/06/2025";"22:52:07";"254";"Com vítima";"479,105";"BR-163/MS";"Decrescente";"Colisão traseira";1;0;1;0;0;0;0;0;0;0;2;1;0;0;0
"10/06/2025";"11:09:22";"113";"Sem vítima";"610,900";"BR-163/MS";"Crescente";"Colisão transversal";1;0;0;0;0;0;0;0;0;1;3;0;0;0;0
"10/06/2025";"16:46:56";"171";"Sem vítima";"5,500";"BR-163/MS";"Decrescente";"Colisão traseira";0;0;1;0;0;0;0;0;0;1;1;0;0;0;0
"10/06/2025";"17:25:41";"178";"Com vítima";"483,113";"BR-163/MS";"Decrescente";"Colisão transversal";0;1;0;1;0;0;0;0;0;0;0;1;0;0;0
"10/06/2025";"18:19:56";"191";"Sem vítima";"378,429";"BR-163/MS";"Crescente";"Atropelamento de animal";1;0;0;0;0;0;0;0;0;0;1;0;0;0;0
"10/06/2025";"19:23:22";"199";"Sem vítima";"448,860";"BR-163/MS";"Decrescente";"Atropelamento de animal";1;0;0;0;0;0;0;0;0;0;2;0;0;0;0
"11/06/2025";"06:41:26";"35";"Sem vítima";"40,468";"BR-163/MS";"Decrescente";"Choque";1;0;0;0;0;0;0;0;0;0;1;0;0;0;0
"11/06/2025";"08:53:19";"92";"Sem vítima";"7,610";"BR-163/MS";"Crescente";"Choque";0;0;0;0;0;0;0;0;0;1;6;0;0;0;0
"11/06/2025";"11:20:18";"131";"Com vítima";"76,331";"BR-163/MS";"Decrescente";"Atropelamento de pedestre";0;0;0;1;0;0;0;0;0;0;0;2;0;0;0
"12/06/2025";"07:27:26";"61";"Sem vítima";"647,000";"BR-163/MS";"Decrescente";"Colisão traseira";0;0;0;0;0;1;0;0;0;1;2;0;0;0;0
"12/06/2025";"09:49:41";"111";"Sem vítima";"466,000";"BR-163/MS";"Decrescente";"Colisão lateral no mesmo sentido";0;0;2;0;0;0;0;0;0;0;2;0;0;0;0
"12/06/2025";"10:01:48";"115";"Sem vítima";"78,000";"BR-163/MS";"Crescente";"Colisão transversal";0;0;0;2;0;0;0;0;0;0;2;0;0;0;0
"12/06/2025";"18:31:49";"216";"Sem vítima";"740,868";"BR-163/MS";"Crescente";"Atropelamento de animal";1;0;0;0;0;0;0;0;0;0;1;0;0;0;0
"12/06/2025";"22:07:13";"253";"Com vítima";"256,500";"BR-163/MS";"Decrescente";"Queda de moto";0;0;0;1;0;0;0;0;0;0;0;1;0;0;0
"13/06/2025";"18:52:04";"196";"Sem vítima";"541,000";"BR-163/MS";"Crescente";"Atropelamento de animal";0;0;1;0;0;0;0;0;0;0;1;0;0;0;0
"13/06/2025";"18:57:07";"198";"Sem vítima";"378,435";"BR-163/MS";"Decrescente";"Atropelamento de animal";0;0;1;0;0;0;0;0;0;0;2;0;0;0;0
"14/06/2025";"01:43:27";"14";"Sem vítima";"499,902";"BR-163/MS";"Decrescente";"Acidentes de outra natureza";1;0;0;0;0;0;0;0;0;0;2;0;0;0;0
"14/06/2025";"06:30:19";"46";"Com vítima";"483,163";"BR-163/MS";"Decrescente";"Queda de moto";0;0;0;1;0;0;0;0;0;0;0;2;0;0;0
"14/06/2025";"10:57:04";"114";"Sem vítima";"732,347";"BR-163/MS";"Crescente";"Colisão traseira";0;0;1;0;0;3;0;0;0;0;2;0;0;0;0
"14/06/2025";"20:09:51";"201";"Com vítima";"644,355";"BR-163/MS";"Crescente";"Choque";1;0;0;0;0;0;0;0;0;0;0;0;0;1;0
"14/06/2025";"20:55:35";"205";"Com vítima";"469,771";"BR-163/MS";"Decrescente";"Tombamento";0;0;0;0;0;0;0;0;0;0;0;1;0;0;0
"15/06/2025";"09:51:08";"84";"Sem vítima";"456,501";"BR-163/MS";"Decrescente";"Colisão traseira";1;0;0;0;0;0;0;0;0;0;1;0;0;0;0
"15/06/2025";"15:57:25";"135";"Com vítima";"522,744";"BR-163/MS";"Crescente";"Colisão transversal";0;0;1;0;0;0;0;0;0;1;1;0;0;1;0
"15/06/2025";"19:08:15";"166";"Sem vítima";"478,663";"BR-163/MS";"Crescente";"Atropelamento de animal";1;0;0;0;0;0;0;0;0;0;1;0;0;0;0
"16/06/2025";"06:34:59";"32";"Sem vítima";"244,277";"BR-163/MS";"Decrescente";"Acidentes de outra natureza";1;0;0;0;0;0;0;0;0;0;2;0;0;0;0
"16/06/2025";"06:52:06";"39";"Sem vítima";"741,828";"BR-163/MS";"Crescente";"Choque";0;0;1;0;0;0;0;0;0;0;1;0;0;0;0
"16/06/2025";"07:07:22";"46";"Sem vítima";"174,738";"BR-163/MS";"Crescente";"Acidentes de outra natureza";0;0;0;0;0;0;0;0;0;1;1;0;0;0;0
"16/06/2025";"08:06:54";"77";"Sem vítima";"470,790";"BR-163/MS";"Decrescente";"Choque";1;0;0;0;0;1;0;0;0;0;1;0;0;0;0
"16/06/2025";"08:13:16";"82";"Com vítima";"486,706";"BR-163/MS";"Crescente";"Choque";0;0;1;0;0;1;0;0;0;1;1;1;0;0;0
"16/06/2025";"08:42:45";"88";"Sem vítima";"355,286";"BR-163/MS";"Crescente";"Capotamento";0;0;0;0;0;3;0;0;0;0;1;0;0;0;0
"17/06/2025";"07:20:27";"62";"Sem vítima";"484,407";"BR-163/MS";"Crescente";"Colisão transversal";2;0;0;0;0;0;0;0;0;0;2;0;0;0;0
"17/06/2025";"07:41:22";"67";"Sem vítima";"269,500";"BR-163/MS";"Decrescente";"Colisão lateral no mesmo sentido";0;0;0;0;0;0;0;0;0;2;2;0;0;0;0
"18/06/2025";"08:01:51";"69";"Com vítima";"821,900";"BR-163/MS";"Crescente";"Colisão transversal";1;0;1;0;0;0;0;0;0;0;1;1;0;1;0
"18/06/2025";"11:12:23";"112";"Com vítima";"582,720";"BR-163/MS";"Crescente";"Capotamento";0;0;1;0;0;0;0;0;0;0;0;1;0;0;0
"18/06/2025";"18:07:48";"191";"Com vítima";"225,330";"BR-163/MS";"Crescente";"Colisão transversal";0;0;0;0;0;2;0;0;0;1;0;1;0;0;0
"19/06/2025";"18:42:14";"197";"Sem vítima";"3,380";"BR-163/MS";"Decrescente";"Engavetamento";2;0;0;0;0;0;0;0;0;1;3;0;0;0;0
"19/06/2025";"19:34:35";"207";"Sem vítima";"199,927";"BR-163/MS";"Crescente";"Atropelamento de animal";1;0;0;0;0;0;0;0;0;0;1;0;0;0;0
"19/06/2025";"20:07:29";"209";"Com vítima";"681,480";"BR-163/MS";"Crescente";"Queda de moto";0;0;0;1;0;0;0;0;0;0;1;1;0;0;0
"19/06/2025";"21:18:30";"219";"Com vítima";"253,672";"BR-163/MS";"Decrescente";"Tombamento";0;0;1;0;0;0;0;0;0;0;0;0;1;0;0
"20/06/2025";"09:16:02";"105";"Sem vítima";"621,456";"BR-163/MS";"Decrescente";"Colisão traseira";1;0;1;0;0;0;0;0;0;0;1;0;0;0;0
"20/06/2025";"17:09:55";"210";"Sem vítima";"36,340";"BR-163/MS";"Crescente";"Atropelamento de animal";1;0;0;0;0;0;0;0;0;0;1;0;0;0;0
"20/06/2025";"17:49:49";"217";"Com vítima";"238,644";"BR-163/MS";"Decrescente";"Acidentes de outra natureza";0;0;1;0;0;1;0;0;0;0;0;1;0;0;0
"20/06/2025";"20:49:50";"242";"Sem vítima";"328,187";"BR-163/MS";"Crescente";"Atropelamento de animal";0;0;0;0;0;0;0;0;0;1;2;0;0;0;0
"20/06/2025";"20:51:25";"243";"Com vítima";"567,543";"BR-163/MS";"Crescente";"Colisão lateral no mesmo sentido";1;0;1;0;0;0;0;0;0;0;5;2;1;0;0
"21/06/2025";"09:13:11";"76";"Com vítima";"837,229";"BR-163/MS";"Crescente";"Colisão traseira";0;0;0;0;0;0;0;0;0;2;1;1;0;0;0
"21/06/2025";"17:38:49";"178";"Sem vítima";"25,800";"BR-163/MS";"Crescente";"Acidentes de outra natureza";0;0;0;0;0;0;0;0;0;1;2;0;0;0;0
"21/06/2025";"18:19:55";"181";"Com vítima";"485,700";"BR-163/MS";"Decrescente";"Colisão transversal";1;0;0;0;0;0;0;0;0;1;1;1;0;0;0
"21/06/2025";"19:30:40";"192";"Sem vítima";"364,000";"BR-163/MS";"Crescente";"Acidentes de outra natureza";1;0;0;0;0;0;0;0;0;0;5;0;0;0;0
"22/06/2025";"00:21:49";"3";"Sem vítima";"277,936";"BR-163/MS";"Decrescente";"Acidentes de outra natureza";1;0;0;0;0;0;0;0;0;0;1;0;0;0;0
"22/06/2025";"01:00:09";"7";"Sem vítima";"297,566";"BR-163/MS";"Decrescente";"Atropelamento de animal";1;0;0;0;0;0;0;0;0;0;1;0;0;0;0
"22/06/2025";"21:02:28";"249";"Sem vítima";"154,500";"BR-163/MS";"Decrescente";"Atropelamento de animal";0;0;1;0;0;1;0;0;0;0;1;0;0;0;0
"23/06/2025";"05:53:10";"41";"Sem vítima";"327,359";"BR-163/MS";"Decrescente";"Engavetamento";1;0;0;0;0;1;0;0;0;2;4;0;0;0;0
"23/06/2025";"07:03:33";"57";"Sem vítima";"264,000";"BR-163/MS";"Crescente";"Colisão traseira";0;0;0;0;1;0;0;0;0;1;3;0;0;0;0
"23/06/2025";"08:19:47";"92";"Sem vítima";"682,362";"BR-163/MS";"Crescente";"Atropelamento de animal";1;0;0;0;0;0;0;0;0;0;1;0;0;0;0
"24/06/2025";"04:53:36";"27";"Com vítima";"492,567";"BR-163/MS";"Crescente";"Colisão transversal";0;0;0;0;0;2;0;0;0;1;1;0;2;3;0
"24/06/2025";"05:45:47";"34";"Com vítima";"768,976";"BR-163/MS";"Crescente";"Colisão traseira";0;0;0;0;0;2;0;0;0;1;1;1;0;0;0
"24/06/2025";"07:27:50";"68";"Sem vítima";"214,482";"BR-163/MS";"Crescente";"Atropelamento de animal";1;0;0;0;0;0;0;0;0;0;1;0;0;0;0
"24/06/2025";"07:58:25";"86";"Sem vítima";"50,213";"BR-163/MS";"Decrescente";"Colisão traseira";0;0;0;0;0;2;0;0;0;1;2;0;0;0;0
"24/06/2025";"12:54:54";"161";"Com vítima";"185,211";"BR-163/MS";"Decrescente";"Colisão traseira";1;0;0;0;0;0;0;0;0;1;2;2;0;0;0
"25/06/2025";"01:28:11";"1";"Sem vítima";"391,302";"BR-163/MS";"Crescente";"Acidentes de outra natureza";0;0;1;0;0;0;0;0;0;0;1;0;0;0;0
"25/06/2025";"05:53:34";"23";"Com vítima";"464,488";"BR-163/MS";"Crescente";"Engavetamento";1;1;0;1;0;0;0;0;0;0;1;0;1;0;0
"25/06/2025";"18:56:57";"223";"Sem vítima";"332,335";"BR-163/MS";"Crescente";"Acidentes de outra natureza";0;0;0;1;0;0;0;0;0;0;1;0;0;0;0
"25/06/2025";"19:40:32";"228";"Com vítima";"482,218";"BR-163/MS";"Crescente";"Queda de moto";0;0;0;1;0;0;0;0;0;0;0;1;0;0;0
"25/06/2025";"21:51:07";"242";"Sem vítima";"419,901";"BR-163/MS";"Crescente";"Atropelamento de animal";1;0;0;0;0;0;0;0;0;0;4;0;0;0;0
"25/06/2025";"23:33:03";"245";"Sem vítima";"365,400";"BR-163/MS";"Crescente";"Acidentes de outra natureza";0;0;0;0;0;0;0;0;0;1;1;0;0;0;0
"26/06/2025";"11:45:12";"156";"Sem vítima";"484,500";"BR-163/MS";"Crescente";"Colisão transversal";1;0;1;0;0;1;0;0;0;0;2;0;0;0;0
"26/06/2025";"18:27:44";"243";"Com vítima";"486,000";"BR-163/MS";"Crescente";"Colisão transversal";1;0;0;1;0;0;0;0;0;0;1;0;1;0;0
"27/06/2025";"00:02:18";"2";"Sem vítima";"263,264";"BR-163/MS";"Crescente";"Choque";1;0;0;0;0;0;0;0;0;0;1;0;0;0;0
"27/06/2025";"04:49:29";"16";"Com vítima";"17,742";"BR-163/MS";"Crescente";"Acidentes de outra natureza";0;0;0;1;0;0;0;0;0;0;0;1;0;0;0
"27/06/2025";"06:07:08";"29";"Com vítima";"474,730";"BR-163/MS";"Crescente";"Colisão transversal";0;0;1;0;0;0;0;0;0;1;3;1;0;0;0
"27/06/2025";"20:07:31";"245";"Sem vítima";"693,800";"BR-163/MS";"Crescente";"Atropelamento de animal";0;0;1;0;0;0;0;0;0;0;1;0;0;0;0
"27/06/2025";"21:31:09";"255";"Sem vítima";"675,421";"BR-163/MS";"Crescente";"Engavetamento";1;0;5;0;0;0;0;0;0;0;6;0;0;0;0
"28/06/2025";"16:15:30";"162";"Com vítima";"493,391";"BR-163/MS";"Decrescente";"Colisão transversal";0;0;1;1;0;1;0;0;0;0;1;0;0;0;1
"28/06/2025";"19:09:57";"186";"Sem vítima";"86,500";"BR-163/MS";"Crescente";"Capotamento";1;0;0;0;0;0;0;0;0;0;1;0;0;0;0
"29/06/2025";"08:57:52";"64";"Com vítima";"0,250";"BR-163/MS";"Decrescente";"Tombamento";0;0;1;0;0;1;0;0;0;0;0;1;0;0;0
"29/06/2025";"13:51:59";"122";"Sem vítima";"681,500";"BR-163/MS";"Crescente";"Colisão lateral no mesmo sentido";2;0;0;0;0;2;0;0;0;0;5;0;0;0;0
"29/06/2025";"14:33:00";"130";"Com vítima";"477,934";"BR-163/MS";"Crescente";"Colisão lateral no mesmo sentido";2;0;0;0;0;0;0;0;0;0;1;1;0;0;0
"29/06/2025";"17:34:12";"155";"Com vítima";"265,125";"BR-163/MS";"Decrescente";"Queda de moto";0;0;0;1;0;0;0;0;0;0;0;1;0;0;0
"29/06/2025";"18:59:31";"164";"Sem vítima";"158,220";"BR-163/MS";"Crescente";"Colisão traseira";1;0;0;0;0;1;0;0;0;1;5;0;0;0;0
"30/06/2025";"04:20:08";"15";"Sem vítima";"381,538";"BR-163/MS";"Crescente";"Atropelamento de animal";1;0;0;0;0;0;0;0;0;0;5;0;0;0;0
"30/06/2025";"07:31:35";"58";"Com vítima";"662,357";"BR-163/MS";"Crescente";"Tombamento";0;0;1;0;0;1;0;0;0;0;0;1;0;0;0
"01/07/2025";"02:03:35";"8";"Com vítima";"78,971";"BR-163/MS";"Crescente";"Atropelamento de pedestre";0;0;0;0;0;0;0;0;0;0;0;0;0;0;1
"01/07/2025";"05:46:23";"29";"Com vítima";"335,705";"BR-163/MS";"Crescente";"Tombamento";0;0;1;0;0;0;0;0;0;0;0;1;0;0;0
"01/07/2025";"06:50:30";"41";"Sem vítima";"105,994";"BR-163/MS";"Decrescente";"Acidentes de outra natureza";0;0;0;0;0;0;0;0;0;1;4;0;0;0;0
"01/07/2025";"13:21:35";"150";"Com vítima";"323,940";"BR-163/MS";"Decrescente";"Tombamento";0;0;1;0;0;0;0;0;0;0;0;1;0;0;0
"01/07/2025";"18:59:25";"206";"Com vítima";"549,000";"BR-163/MS";"Crescente";"Colisão frontal";2;0;0;0;0;0;0;0;0;0;0;1;1;0;0
"01/07/2025";"20:22:12";"221";"Sem vítima";"331,431";"BR-163/MS";"Crescente";"Atropelamento de animal";0;0;1;0;0;1;0;0;0;0;2;0;0;0;0
"02/07/2025";"07:31:38";"64";"Com vítima";"595,987";"BR-163/MS";"Crescente";"Capotamento";1;0;0;0;0;0;0;0;0;0;2;1;0;0;0
"02/07/2025";"14:16:08";"183";"Sem vítima";"146,906";"BR-163/MS";"Crescente";"Colisão traseira";0;0;1;0;0;3;0;0;0;0;2;0;0;0;0
"02/07/2025";"17:03:59";"216";"Sem vítima";"406,729";"BR-163/MS";"Crescente";"Acidentes de outra natureza";1;0;0;0;0;0;0;0;0;0;1;0;0;0;0
"02/07/2025";"17:45:19";"222";"Sem vítima";"416,500";"BR-163/MS";"Crescente";"Colisão transversal";1;0;0;0;0;0;0;0;0;1;3;0;0;0;0
"02/07/2025";"17:48:02";"223";"Com vítima";"462,579";"BR-163/MS";"Crescente";"Colisão transversal";0;0;1;1;0;0;0;0;0;0;1;0;0;1;0
"03/07/2025";"07:48:49";"65";"Sem vítima";"485,243";"BR-163/MS";"Decrescente";"Colisão transversal";1;0;1;0;0;0;0;0;0;0;2;0;0;0;0
"03/07/2025";"12:51:28";"184";"Com vítima";"468,500";"BR-163/MS";"Crescente";"Capotamento";2;0;0;0;0;0;0;0;0;0;1;0;1;0;0
"03/07/2025";"14:02:57";"205";"Sem vítima";"256,000";"BR-163/MS";"Crescente";"Colisão traseira";2;0;0;0;0;0;0;0;0;0;3;0;0;0;0
"03/07/2025";"17:46:11";"238";"Com vítima";"205,140";"BR-163/MS";"Crescente";"Colisão frontal";0;0;2;0;0;2;0;0;0;0;2;0;1;0;0
"03/07/2025";"21:35:53";"271";"Com vítima";"258,421";"BR-163/MS";"Crescente";"Queda de moto";0;0;0;1;0;0;0;0;0;0;0;1;0;0;0
"04/07/2025";"02:31:12";"10";"Sem vítima";"741,346";"BR-163/MS";"Crescente";"Atropelamento de animal";0;0;0;0;0;0;0;0;0;1;3;0;0;0;0
"04/07/2025";"06:08:38";"36";"Com vítima";"473,450";"BR-163/MS";"Decrescente";"Colisão lateral no mesmo sentido";1;0;0;1;0;0;0;0;0;0;2;0;1;0;0
"04/07/2025";"09:23:42";"102";"Sem vítima";"412,860";"BR-163/MS";"Crescente";"Colisão lateral no mesmo sentido";1;0;0;0;0;0;0;0;0;1;2;0;0;0;0
"04/07/2025";"11:30:38";"132";"Sem vítima";"313,323";"BR-163/MS";"Decrescente";"Colisão traseira";1;0;0;0;0;0;0;0;0;1;3;0;0;0;0
"04/07/2025";"12:21:03";"140";"Com vítima";"316,754";"BR-163/MS";"Decrescente";"Queda de moto";0;0;0;1;0;0;0;0;0;0;0;1;0;0;0
"04/07/2025";"17:07:05";"198";"Com vítima";"260,500";"BR-163/MS";"Crescente";"Colisão traseira";1;0;0;1;0;0;0;0;0;0;1;2;0;0;0
"04/07/2025";"17:47:06";"206";"Sem vítima";"260,000";"BR-163/MS";"Crescente";"Engavetamento";2;0;0;0;0;0;0;0;0;1;4;0;0;0;0
"04/07/2025";"22:14:50";"240";"Sem vítima";"488,809";"BR-163/MS";"Crescente";"Choque";0;0;0;0;0;0;0;0;0;1;1;0;0;0;0
"05/07/2025";"01:53:46";"10";"Com vítima";"290,000";"BR-163/MS";"Crescente";"Queda de moto";0;0;0;1;0;0;0;0;0;0;0;0;1;0;0
"05/07/2025";"02:56:18";"14";"Sem vítima";"276,413";"BR-163/MS";"Decrescente";"Acidentes de outra natureza";0;0;0;0;0;0;0;0;0;1;1;0;0;0;0
"05/07/2025";"08:34:14";"65";"Sem vítima";"630,586";"BR-163/MS";"Decrescente";"Choque";0;0;0;0;0;0;0;0;0;1;2;0;0;0;0
"05/07/2025";"09:33:03";"81";"Com vítima";"681,430";"BR-163/MS";"Crescente";"Colisão lateral no mesmo sentido";0;0;0;1;0;1;0;0;0;0;0;1;0;0;0
"05/07/2025";"14:03:34";"136";"Sem vítima";"553,327";"BR-163/MS";"Crescente";"Colisão traseira";1;0;0;0;0;1;0;0;0;0;1;0;0;0;0
"05/07/2025";"18:00:41";"175";"Sem vítima";"308,431";"BR-163/MS";"Decrescente";"Acidentes de outra natureza";0;0;0;0;0;0;0;0;0;1;2;0;0;0;0
"05/07/2025";"18:51:25";"186";"Sem vítima";"248,357";"BR-163/MS";"Decrescente";"Queda de moto";0;0;0;1;0;0;0;0;0;0;1;0;0;0;0
"06/07/2025";"05:55:26";"44";"Sem vítima";"214,930";"BR-163/MS";"Decrescente";"Atropelamento de animal";1;0;0;0;0;0;0;0;0;0;4;0;0;0;0
"06/07/2025";"06:34:17";"47";"Sem vítima";"137,780";"BR-163/MS";"Crescente";"Capotamento";1;0;0;0;0;0;0;0;0;0;4;0;0;0;0
"06/07/2025";"10:43:07";"93";"Sem vítima";"748,446";"BR-163/MS";"Crescente";"Acidentes de outra natureza";1;0;0;0;0;0;0;0;0;0;2;0;0;0;0
"06/07/2025";"11:13:29";"99";"Sem vítima";"563,635";"BR-163/MS";"Decrescente";"Colisão lateral no mesmo sentido";0;0;1;0;0;3;0;0;0;0;2;0;0;0;0
"06/07/2025";"14:59:20";"148";"Com vítima";"743,875";"BR-163/MS";"Crescente";"Capotamento";1;0;0;0;0;0;0;0;0;0;2;1;0;0;0
"06/07/2025";"18:21:55";"195";"Com vítima";"210,675";"BR-163/MS";"Decrescente";"Capotamento";1;0;0;0;0;0;0;0;0;0;1;4;0;0;0
"06/07/2025";"22:27:23";"245";"Com vítima";"488,809";"BR-163/MS";"Decrescente";"Acidentes de outra natureza";0;0;0;1;0;0;0;0;0;0;0;1;0;0;0
"07/07/2025";"10:42:04";"153";"Sem vítima";"460,129";"BR-163/MS";"Crescente";"Acidentes de outra natureza";1;0;0;0;0;0;0;0;0;0;1;0;0;0;0
"07/07/2025";"16:09:39";"216";"Sem vítima";"629,152";"BR-163/MS";"Decrescente";"Colisão traseira";1;0;1;0;0;0;0;0;0;0;4;0;0;0;0
"08/07/2025";"06:17:37";"52";"Sem vítima";"93,354";"BR-163/MS";"Crescente";"Colisão traseira";0;0;0;0;0;0;0;0;0;1;2;0;0;0;0
"08/07/2025";"07:55:43";"89";"Sem vítima";"485,630";"BR-163/MS";"Crescente";"Colisão traseira";2;0;0;0;0;0;0;0;0;0;4;0;0;0;0
"08/07/2025";"09:38:32";"128";"Sem vítima";"564,749";"BR-163/MS";"Crescente";"Acidentes de outra natureza";0;0;1;0;0;0;0;0;0;0;1;0;0;0;0
"08/07/2025";"14:02:39";"193";"Sem vítima";"8,898";"BR-163/MS";"Crescente";"Choque";1;0;0;0;0;0;0;0;0;0;2;0;0;0;0
"08/07/2025";"18:08:17";"233";"Sem vítima";"258,326";"BR-163/MS";"Decrescente";"Acidentes de outra natureza";0;0;0;0;0;0;0;0;0;1;1;0;0;0;0
"09/07/2025";"03:52:37";"13";"Sem vítima";"608,227";"BR-163/MS";"Decrescente";"Atropelamento de animal";0;0;1;0;0;0;0;0;0;0;1;0;0;0;0
"09/07/2025";"13:43:50";"165";"Sem vítima";"552,500";"BR-163/MS";"Crescente";"Colisão traseira";0;0;1;0;0;1;0;0;0;1;2;0;0;0;0
"09/07/2025";"13:51:24";"168";"Sem vítima";"483,904";"BR-163/MS";"Decrescente";"Colisão traseira";1;0;0;0;0;0;0;0;0;1;1;0;0;0;0
"09/07/2025";"18:25:52";"229";"Com vítima";"839,210";"BR-163/MS";"Decrescente";"Colisão lateral no mesmo sentido";0;0;0;0;0;3;0;0;0;0;1;0;1;0;0
"09/07/2025";"19:48:18";"241";"Sem vítima";"384,337";"BR-163/MS";"Crescente";"Atropelamento de animal";1;0;0;0;0;0;0;0;0;0;3;0;0;0;0
"09/07/2025";"22:01:57";"259";"Com vítima";"258,916";"BR-163/MS";"Crescente";"Colisão traseira";1;0;1;0;0;2;0;0;0;0;1;1;0;0;0
"10/07/2025";"06:11:57";"35";"Com vítima";"730,358";"BR-163/MS";"Crescente";"Colisão transversal";1;0;0;1;0;0;0;0;0;0;1;1;0;0;0
"10/07/2025";"09:49:20";"120";"Sem vítima";"536,284";"BR-163/MS";"Decrescente";"Choque";1;0;0;0;0;0;0;0;0;0;2;0;0;0;0
"10/07/2025";"17:53:49";"228";"Com vítima";"486,000";"BR-163/MS";"Crescente";"Colisão traseira";0;0;1;1;0;0;0;0;0;0;1;0;1;0;0
"10/07/2025";"18:28:28";"234";"Sem vítima";"293,350";"BR-163/MS";"Crescente";"Colisão transversal";0;0;1;0;0;1;0;0;0;1;3;0;0;0;0
"10/07/2025";"21:25:32";"265";"Sem vítima";"758,000";"BR-163/MS";"Crescente";"Atropelamento de animal";0;0;0;0;0;0;0;0;0;1;3;0;0;0;0
"11/07/2025";"10:08:05";"141";"Sem vítima";"150,761";"BR-163/MS";"Decrescente";"Acidentes de outra natureza";0;0;1;0;0;0;0;0;0;0;2;0;0;0;0
"11/07/2025";"23:40:53";"299";"Sem vítima";"503,500";"BR-163/MS";"Crescente";"Atropelamento de animal";1;0;0;0;0;0;0;0;0;0;2;0;0;0;0
"12/07/2025";"03:56:11";"40";"Sem vítima";"490,635";"BR-163/MS";"Crescente";"Choque";1;0;0;0;0;0;0;0;0;0;1;0;0;0;0
"12/07/2025";"05:49:30";"62";"Sem vítima";"183,188";"BR-163/MS";"Crescente";"Acidentes de outra natureza";1;0;0;0;0;0;0;0;0;0;1;0;0;0;0
"12/07/2025";"09:04:55";"121";"Sem vítima";"499,889";"BR-163/MS";"Decrescente";"Colisão transversal";0;0;0;0;0;0;0;0;0;1;2;0;0;0;0
"12/07/2025";"21:26:55";"266";"Com vítima";"184,642";"BR-163/MS";"Crescente";"Queda de moto";0;0;0;1;0;0;0;0;0;0;0;1;0;0;0
"13/07/2025";"00:46:00";"6";"Sem vítima";"408,478";"BR-163/MS";"Decrescente";"Atropelamento de animal";1;0;0;0;0;0;0;0;0;0;4;0;0;0;0
"13/07/2025";"05:29:05";"32";"Sem vítima";"536,779";"BR-163/MS";"Crescente";"Atropelamento de animal";0;0;1;0;0;0;0;0;0;0;1;0;0;0;0
"13/07/2025";"11:07:08";"109";"Sem vítima";"535,780";"BR-163/MS";"Decrescente";"Choque";0;0;0;0;0;0;0;0;0;1;1;0;0;0;0
"13/07/2025";"16:28:22";"153";"Sem vítima";"500,200";"BR-163/MS";"Decrescente";"Colisão lateral no mesmo sentido";0;0;2;0;0;2;0;0;0;0;2;0;0;0;0
"13/07/2025";"17:03:18";"161";"Sem vítima";"575,335";"BR-163/MS";"Decrescente";"Colisão lateral no mesmo sentido";1;0;0;0;0;0;0;0;0;1;7;0;0;0;0
"13/07/2025";"17:53:28";"168";"Com vítima";"191,198";"BR-163/MS";"Decrescente";"Tombamento";0;0;0;1;0;0;0;0;0;0;0;1;0;0;0
"13/07/2025";"18:37:41";"179";"Sem vítima";"190,935";"BR-163/MS";"Crescente";"Choque";0;0;0;0;0;0;0;0;0;1;1;0;0;0;0
"14/07/2025";"00:04:25";"2";"Com vítima";"264,928";"BR-163/MS";"Crescente";"Choque";1;0;0;0;0;0;0;0;0;0;0;0;1;0;1