data;horario;n_da_ocorrencia;tipo_de_ocorrencia;km;trecho;sentido;tipo_de_acidente;automovel;bicicleta;caminhao;moto;onibus;outros;tracao_animal;transporte_de_cargas_especiais;trator_maquinas;utilitarios;ilesos;levemente_feridos;moderadamente_feridos;gravemente_feridos;mortos
"14/07/2025";"05:48:54";"30";"Com vítima";"400,238";"BR-163/MS";"Crescente";"Colisão frontal";0;0;1;0;0;1;0;0;0;1;0;0;1;1;1
"14/07/2025";"16:59:27";"186";"Sem vítima";"636,690";"BR-163/MS";"Crescente";"Tombamento";0;0;1;0;0;0;0;0;0;0;2;0;0;0;0
"14/07/2025";"17:22:03";"188";"Sem vítima";"481,680";"BR-163/MS";"Crescente";"Colisão traseira";2;0;0;0;0;0;0;0;0;0;2;0;0;0;0
"15/07/2025";"07:57:13";"88";"Com vítima";"6,500";"BR-163/MS";"Crescente";"Colisão traseira";0;0;0;0;0;0;0;0;0;2;3;1;0;0;0
"15/07/2025";"12:10:18";"144";"Sem vítima";"793,621";"BR-163/MS";"Decrescente";"Tombamento";0;0;0;0;0;0;0;0;0;1;1;0;0;0;0
"15/07/2025";"18:41:22";"233";"Sem vítima";"477,000";"BR-163/MS";"Crescente";"Tombamento";0;0;0;1;0;0;0;0;0;0;1;0;0;0;0
"15/07/2025";"18:54:55";"238";"Sem vítima";"817,675";"BR-163/MS";"Crescente";"Atropelamento de animal";1;0;0;0;0;0;0;0;0;0;1;0;0;0;0
"16/07/2025";"02:26:55";"18";"Sem vítima";"103,690";"BR-163/MS";"Crescente";"Choque";0;0;0;0;0;0;0;0;0;1;1;0;0;0;0
"16/07/2025";"05:17:21";"35";"Com vítima";"569,272";"BR-163/MS";"Crescente";"Atropelamento de animal";0;0;0;0;0;0;0;0;0;1;0;1;0;0;0
"16/07/2025";"06:12:32";"52";"Com vítima";"513,243";"BR-163/MS";"Decrescente";"Capotamento";0;0;0;0;0;0;0;0;0;1;2;2;0;0;0
"16/07/2025";"06:57:33";"73";"Sem vítima";"479,000";"BR-163/MS";"Crescente";"Colisão transversal";1;0;0;0;0;0;0;0;0;1;2;0;0;0;0
"16/07/2025";"14:14:58";"175";"Com vítima";"676,783";"BR-163/MS";"Decrescente";"Tombamento";0;0;1;0;0;1;0;0;0;0;0;1;0;0;0
"16/07/2025";"20:11:17";"243";"Sem vítima";"437,747";"BR-163/MS";"Crescente";"Choque";1;0;0;0;0;0;0;0;0;0;0;0;0;0;0
"17/07/2025";"15:11:06";"237";"Sem vítima";"179,851";"BR-163/MS";"Crescente";"Colisão traseira";0;0;0;0;0;2;0;0;0;1;6;0;0;0;0
"17/07/2025";"17:59:32";"264";"Sem vítima";"479,000";"BR-163/MS";"Crescente";"Colisão frontal";0;0;0;1;0;0;0;0;0;0;5;0;0;0;0
"17/07/2025";"21:27:35";"305";"Sem vítima";"487,500";"BR-163/MS";"Decrescente";"Colisão lateral no mesmo sentido";1;0;1;0;0;0;0;0;0;0;3;0;0;0;0
"18/07/2025";"07:17:50";"65";"Sem vítima";"481,680";"BR-163/MS";"Decrescente";"Colisão traseira";0;0;2;0;0;0;0;0;0;0;3;0;0;0;0
"18/07/2025";"10:02:17";"128";"Sem vítima";"730,504";"BR-163/MS";"Decrescente";"Colisão lateral no mesmo sentido";0;0;1;0;0;1;0;0;0;1;5;0;0;0;0
"18/07/2025";"15:18:08";"184";"Sem vítima";"328,456";"BR-163/MS";"Crescente";"Tombamento";0;0;0;0;0;2;0;0;0;0;1;0;0;0;0
"18/07/2025";"16:52:53";"205";"Sem vítima";"485,456";"BR-163/MS";"Crescente";"Colisão traseira";1;0;1;0;0;0;0;0;0;0;2;0;0;0;0
"18/07/2025";"19:40:32";"235";"Sem vítima";"682,427";"BR-163/MS";"Decrescente";"Acidentes de outra natureza";0;0;1;0;0;0;0;0;0;0;1;0;0;0;0
"18/07/2025";"19:42:08";"236";"Sem vítima";"436,819";"BR-163/MS";"Crescente";"Acidentes de outra natureza";0;0;0;1;0;0;0;0;0;0;1;0;0;0;0
"19/07/2025";"08:05:51";"71";"Sem vítima";"5,700";"BR-163/MS";"Crescente";"Colisão traseira";2;0;0;0;0;0;0;0;0;0;3;0;0;0;0
"19/07/2025";"08:22:05";"78";"Sem vítima";"325,303";"BR-163/MS";"Crescente";"Colisão traseira";2;0;0;0;0;0;0;0;0;0;4;0;0;0;0
"19/07/2025";"14:20:35";"153";"Com vítima";"90,901";"BR-163/MS";"Crescente";"Choque";1;0;0;0;0;0;0;0;0;0;3;1;0;0;0
"19/07/2025";"17:43:50";"191";"Com vítima";"253,339";"BR-163/MS";"Crescente";"Queda de moto";0;0;0;1;0;0;0;0;0;0;0;1;0;0;0
"19/07/2025";"19:19:43";"214";"Com vítima";"420,310";"BR-163/MS";"Crescente";"Acidentes de outra natureza";0;0;0;1;0;0;0;0;0;0;1;1;0;0;0
"19/07/2025";"21:24:23";"237";"Sem vítima";"281,321";"BR-163/MS";"Decrescente";"Choque";0;0;0;1;0;0;0;0;0;0;2;0;0;0;0
"20/07/2025";"14:32:21";"120";"Sem vítima";"317,990";"BR-163/MS";"Decrescente";"Colisão lateral no mesmo sentido";1;0;0;0;0;2;0;0;0;0;2;0;0;0;0
"20/07/2025";"18:23:28";"153";"Com vítima";"370,468";"BR-163/MS";"Crescente";"Colisão traseira";1;0;0;1;0;0;0;0;0;0;3;0;0;1;0
"20/07/2025";"20:24:40";"182";"Sem vítima";"338,993";"BR-163/MS";"Crescente";"Atropelamento de animal";1;0;0;0;0;0;0;0;0;0;3;0;0;0;0
"20/07/2025";"22:22:42";"210";"Sem vítima";"253,780";"BR-163/MS";"Crescente";"Acidentes de outra natureza";0;0;0;1;0;0;0;0;0;0;1;0;0;0;0
"20/07/2025";"22:31:50";"212";"Com vítima";"483,456";"BR-163/MS";"Crescente";"Colisão traseira";1;0;0;1;0;0;0;0;0;0;0;0;0;1;0
"20/07/2025";"22:46:48";"213";"Sem vítima";"295,787";"BR-163/MS";"Decrescente";"Atropelamento de animal";1;0;0;0;0;0;0;0;0;0;1;0;0;0;0
"21/07/2025";"07:36:56";"85";"Com vítima";"39,721";"BR-163/MS";"Decrescente";"Colisão frontal";0;0;0;2;0;0;0;0;0;0;0;2;0;0;0
"21/07/2025";"15:25:22";"215";"Sem vítima";"561,000";"BR-163/MS";"Crescente";"Colisão traseira";0;0;2;0;0;0;0;0;0;0;1;0;0;0;0
"22/07/2025";"05:40:04";"20";"Sem vítima";"501,700";"BR-163/MS";"Decrescente";"Atropelamento de animal";1;0;0;0;0;0;0;0;0;0;1;0;0;0;0
"22/07/2025";"11:27:42";"149";"Sem vítima";"475,200";"BR-163/MS";"Crescente";"Colisão lateral no mesmo sentido";0;0;1;0;0;2;0;0;0;0;2;0;0;0;0
"22/07/2025";"15:01:58";"202";"Sem vítima";"470,152";"BR-163/MS";"Crescente";"Colisão transversal";1;0;0;0;0;0;0;0;0;1;4;0;0;0;0
"22/07/2025";"15:05:52";"204";"Sem vítima";"355,428";"BR-163/MS";"Crescente";"Colisão traseira";0;0;0;0;0;0;0;0;0;2;3;0;0;0;0
"22/07/2025";"16:33:42";"223";"Sem vítima";"267,334";"BR-163/MS";"Crescente";"Colisão traseira";0;0;1;0;0;0;0;0;0;1;2;0;0;0;0
"22/07/2025";"16:42:55";"224";"Sem vítima";"48,738";"BR-163/MS";"Crescente";"Acidentes de outra natureza";0;0;1;0;0;2;0;0;0;0;0;0;0;0;0
"22/07/2025";"21:21:42";"270";"Com vítima";"87,789";"BR-163/MS";"Crescente";"Choque";1;0;0;0;0;0;0;0;0;0;0;2;0;0;0
"23/07/2025";"10:31:23";"134";"Sem vítima";"490,456";"BR-163/MS";"Decrescente";"Colisão transversal";1;0;0;0;0;0;0;0;0;1;2;0;0;0;0
"23/07/2025";"11:22:43";"144";"Sem vítima";"208,000";"BR-163/MS";"Crescente";"Colisão lateral no mesmo sentido";1;0;1;0;0;0;0;0;0;0;1;0;0;0;0
"23/07/2025";"13:43:15";"176";"Sem vítima";"402,260";"BR-163/MS";"Crescente";"Colisão traseira";0;0;1;0;0;3;0;0;0;0;2;0;0;0;0
"23/07/2025";"19:47:34";"247";"Com vítima";"328,358";"BR-163/MS";"Crescente";"Colisão traseira";1;0;0;0;0;0;0;0;0;1;4;1;0;0;0
"24/07/2025";"05:39:39";"40";"Com vítima";"462,000";"BR-163/MS";"Crescente";"Queda de moto";0;0;0;1;0;0;0;0;0;0;0;1;0;0;0
"24/07/2025";"11:18:19";"162";"Sem vítima";"436,286";"BR-163/MS";"Decrescente";"Colisão traseira";0;0;0;0;0;0;0;0;0;2;4;0;0;0;0
"24/07/2025";"13:45:48";"181";"Com vítima";"480,900";"BR-163/MS";"Crescente";"Colisão transversal";0;0;0;1;0;0;0;0;0;1;3;0;0;2;0
"24/07/2025";"19:55:22";"259";"Sem vítima";"449,500";"BR-163/MS";"Decrescente";"Atropelamento de animal";1;0;0;0;0;0;0;0;0;0;2;0;0;0;0
"24/07/2025";"21:08:26";"268";"Sem vítima";"720,777";"BR-163/MS";"Crescente";"Atropelamento de animal";1;0;0;0;0;0;0;0;0;0;2;0;0;0;0
"25/07/2025";"11:45:35";"140";"Sem vítima";"364,900";"BR-163/MS";"Decrescente";"Colisão traseira";0;0;2;0;0;0;0;0;0;0;2;0;0;0;0
"25/07/2025";"17:37:34";"232";"Sem vítima";"562,694";"BR-163/MS";"Crescente";"Atropelamento de animal";1;0;0;0;0;0;0;0;0;0;1;0;0;0;0
"25/07/2025";"18:01:14";"240";"Sem vítima";"476,000";"BR-163/MS";"Crescente";"Colisão traseira";1;0;1;0;0;0;0;0;0;0;2;0;0;0;0
"25/07/2025";"18:11:41";"243";"Com vítima";"421,708";"BR-163/MS";"Decrescente";"Colisão traseira";0;0;1;1;0;0;0;0;0;0;2;1;0;0;0
"25/07/2025";"18:52:29";"251";"Sem vítima";"476,000";"BR-163/MS";"Crescente";"Colisão traseira";2;0;0;0;0;0;0;0;0;0;0;0;0;0;0
"25/07/2025";"19:04:16";"255";"Sem vítima";"633,000";"BR-163/MS";"Crescente";"Atropelamento de animal";1;0;0;0;0;0;0;0;0;0;5;0;0;0;0
"25/07/2025";"21:22:09";"270";"Sem vítima";"158,220";"BR-163/MS";"Decrescente";"Atropelamento de animal";0;0;0;0;0;0;0;0;0;1;2;0;0;0;0
"25/07/2025";"22:02:56";"273";"Sem vítima";"328,731";"BR-163/MS";"Crescente";"Choque";1;0;0;0;0;0;0;0;0;0;1;0;0;0;0
"26/07/2025";"00:28:16";"5";"Sem vítima";"667,695";"BR-163/MS";"Crescente";"Atropelamento de animal";0;0;0;0;0;0;0;0;0;1;5;0;0;0;0
"26/07/2025";"02:48:03";"14";"Com vítima";"492,402";"BR-163/MS";"Crescente";"Colisão transversal";0;0;0;1;0;0;0;0;0;1;3;0;0;1;1
"26/07/2025";"09:00:54";"96";"Com vítima";"672,846";"BR-163/MS";"Decrescente";"Colisão lateral no mesmo sentido";0;0;0;0;0;2;0;0;0;2;5;0;0;1;0
"26/07/2025";"13:47:46";"168";"Com vítima";"536,345";"BR-163/MS";"Crescente";"Engavetamento";2;0;0;0;0;2;0;0;0;1;6;3;0;2;0
"26/07/2025";"16:55:20";"198";"Sem vítima";"457,468";"BR-163/MS";"Crescente";"Atropelamento de animal";1;0;0;0;0;0;0;0;0;0;1;0;0;0;0
"26/07/2025";"16:55:57";"199";"Sem vítima";"818,939";"BR-163/MS";"Crescente";"Acidentes de outra natureza";1;0;0;0;0;2;0;0;0;0;3;0;0;0;0
"26/07/2025";"20:31:59";"242";"Sem vítima";"777,284";"BR-163/MS";"Decrescente";"Atropelamento de animal";1;0;0;0;0;0;0;0;0;0;3;0;0;0;0
"27/07/2025";"05:13:23";"36";"Com vítima";"273,714";"BR-163/MS";"Decrescente";"Capotamento";0;0;0;0;0;0;0;0;0;1;0;1;1;0;0
"27/07/2025";"16:17:07";"176";"Com vítima";"475,820";"BR-163/MS";"Decrescente";"Colisão transversal";0;0;1;1;0;0;0;0;0;0;1;1;0;0;1
"27/07/2025";"17:49:09";"207";"Sem vítima";"336,000";"BR-163/MS";"Crescente";"Atropelamento de animal";1;0;0;0;0;0;0;0;0;0;1;0;0;0;0
"27/07/2025";"17:55:50";"212";"Com vítima";"11,400";"BR-163/MS";"Crescente";"Colisão lateral no mesmo sentido";1;0;0;0;0;1;0;0;0;0;0;1;0;1;0
"27/07/2025";"18:25:31";"219";"Sem vítima";"92,459";"BR-163/MS";"Decrescente";"Acidentes de outra natureza";1;0;0;0;0;0;0;0;0;0;3;0;0;0;0
"28/07/2025";"07:05:49";"48";"Sem vítima";"212,878";"BR-163/MS";"Decrescente";"Tombamento";0;0;1;0;0;1;0;0;0;0;1;0;0;0;0
"28/07/2025";"11:42:55";"150";"Sem vítima";"545,500";"BR-163/MS";"Crescente";"Acidentes de outra natureza";0;0;0;0;0;0;0;0;0;1;2;0;0;0;0
"29/07/2025";"05:03:12";"31";"Sem vítima";"99,361";"BR-163/MS";"Crescente";"Acidentes de outra natureza";0;0;0;0;0;0;0;0;0;1;2;0;0;0;0
"29/07/2025";"10:16:34";"150";"Sem vítima";"91,751";"BR-163/MS";"Crescente";"Acidentes de outra natureza";0;0;1;0;0;0;0;0;0;0;2;0;0;0;0
"29/07/2025";"15:20:40";"209";"Com vítima";"209,694";"BR-163/MS";"Crescente";"Tombamento";0;0;1;0;0;0;0;0;0;0;0;1;0;0;0
"29/07/2025";"19:02:05";"248";"Com vítima";"448,533";"BR-163/MS";"Crescente";"Colisão transversal";0;0;0;1;0;0;0;0;0;1;1;1;0;0;0
"29/07/2025";"20:46:10";"274";"Com vítima";"361,700";"BR-163/MS";"Crescente";"Atropelamento de animal";1;0;0;0;0;0;0;0;0;0;1;2;0;0;0
"30/07/2025";"03:24:43";"26";"Sem vítima";"655,685";"BR-163/MS";"Crescente";"Choque";0;0;1;0;0;0;0;0;0;0;1;0;0;0;0
"30/07/2025";"10:51:41";"141";"Sem vítima";"475,000";"BR-163/MS";"Decrescente";"Colisão traseira";0;0;1;0;0;1;0;0;0;0;2;0;0;0;0
"30/07/2025";"15:08:24";"182";"Sem vítima";"239,000";"BR-163/MS";"Crescente";"Colisão transversal";1;0;0;0;0;0;0;0;0;1;2;0;0;0;0
"30/07/2025";"18:11:28";"221";"Sem vítima";"614,353";"BR-163/MS";"Decrescente";"Colisão transversal";2;0;0;0;0;0;0;0;0;0;2;0;0;0;0
"30/07/2025";"21:31:51";"248";"Sem vítima";"365,535";"BR-163/MS";"Decrescente";"Colisão traseira";1;0;0;0;0;0;0;0;0;1;5;0;0;0;0
"31/07/2025";"10:09:49";"130";"Sem vítima";"410,327";"BR-163/MS";"Decrescente";"Capotamento";0;0;0;0;0;0;0;0;0;1;1;0;0;0;0
"31/07/2025";"12:20:07";"148";"Com vítima";"456,611";"BR-163/MS";"Decrescente";"Colisão transversal";1;0;0;0;0;0;0;0;0;1;0;1;0;0;1
"31/07/2025";"12:32:40";"153";"Com vítima";"14,806";"BR-163/MS";"Decrescente";"Queda de moto";0;0;0;1;0;0;0;0;0;0;0;1;0;0;0
"31/07/2025";"18:09:58";"224";"Com vítima";"680,870";"BR-163/MS";"Crescente";"Colisão transversal";1;0;0;1;0;0;0;0;0;0;3;0;1;0;0
"31/07/2025";"23:41:21";"272";"Sem vítima";"235,588";"BR-163/MS";"Decrescente";"Atropelamento de animal";0;0;0;0;0;0;0;0;0;1;3;0;0;0;0
"01/08/2025";"00:30:03";"2";"Sem vítima";"95,370";"BR-163/MS";"Crescente";"Acidentes de outra natureza";0;0;1;0;0;1;0;0;0;0;1;0;0;0;0
"01/08/2025";"15:35:37";"223";"Sem vítima";"265,893";"BR-163/MS";"Decrescente";"Colisão lateral no mesmo sentido";0;0;1;0;0;0;0;0;0;0;2;0;0;0;0
"01/08/2025";"17:26:47";"243";"Sem vítima";"128,185";"BR-163/MS";"Decrescente";"Colisão traseira";1;0;0;0;0;0;0;0;0;1;2;0;0;0;0
"01/08/2025";"20:53:47";"280";"Com vítima";"491,407";"BR-163/MS";"Crescente";"Colisão transversal";1;0;0;1;0;0;0;0;0;0;1;1;0;0;0
"01/08/2025";"20:54:43";"281";"Sem vítima";"675,439";"BR-163/MS";"Crescente";"Atropelamento de animal";0;0;0;0;0;1;0;0;0;1;2;0;0;0;0
"03/08/2025";"06:39:29";"60";"Com vítima";"265,126";"BR-163/MS";"Decrescente";"Queda de moto";0;0;0;1;0;0;0;0;0;0;0;0;0;1;0
"03/08/2025";"07:35:12";"70";"Sem vítima";"11,437";"BR-163/MS";"Decrescente";"Atropelamento de animal";1;0;0;0;0;0;0;0;0;0;4;0;0;0;0
"03/08/2025";"09:26:03";"87";"Com vítima";"29,560";"BR-163/MS";"Decrescente";"Queda de moto";0;0;0;1;0;0;0;0;0;0;0;1;0;0;0
"03/08/2025";"11:12:20";"99";"Sem vítima";"328,775";"BR-163/MS";"Decrescente";"Colisão traseira";1;0;0;0;0;0;0;0;0;1;5;0;0;0;0
"04/08/2025";"04:46:34";"22";"Com vítima";"14,758";"BR-163/MS";"Decrescente";"Capotamento";0;0;0;0;0;0;0;0;0;1;0;1;0;0;0
"04/08/2025";"08:08:13";"76";"Sem vítima";"609,859";"BR-163/MS";"Crescente";"Acidentes de outra natureza";0;0;1;0;0;0;0;0;0;0;1;0;0;0;0
"04/08/2025";"09:03:28";"91";"Com vítima";"475,810";"BR-163/MS";"Crescente";"Colisão traseira";0;0;2;0;0;0;0;0;0;0;1;1;0;0;0
"04/08/2025";"15:28:00";"159";"Sem vítima";"491,500";"BR-163/MS";"Decrescente";"Colisão traseira";2;0;0;0;0;0;0;0;0;0;3;0;0;0;0
"04/08/2025";"16:35:24";"170";"Sem vítima";"262,504";"BR-163/MS";"Crescente";"Colisão lateral no mesmo sentido";0;0;1;1;0;1;0;0;0;0;2;0;0;0;0
"04/08/2025";"17:03:13";"175";"Com vítima";"256,421";"BR-163/MS";"Crescente";"Colisão traseira";1;0;0;0;0;0;0;0;0;0;1;1;0;0;0
"04/08/2025";"18:24:37";"185";"Sem vítima";"272,810";"BR-163/MS";"Decrescente";"Colisão traseira";2;0;0;0;0;0;0;0;0;0;3;0;0;0;0
"04/08/2025";"20:32:24";"212";"Com vítima";"812,441";"BR-163/MS";"Crescente";"Colisão frontal";1;0;1;0;0;0;0;0;0;0;1;1;1;0;0
"04/08/2025";"23:16:39";"225";"Sem vítima";"178,870";"BR-163/MS";"Crescente";"Acidentes de outra natureza";0;0;1;0;0;0;0;0;0;0;1;0;0;0;0
"05/08/2025";"06:06:53";"43";"Com vítima";"350,396";"BR-163/MS";"Decrescente";"Tombamento";0;0;2;0;0;2;0;0;0;0;0;2;0;0;0
"05/08/2025";"11:53:40";"154";"Sem vítima";"727,000";"BR-163/MS";"Crescente";"Colisão transversal";0;0;0;0;0;0;0;0;0;4;8;0;0;0;0
"05/08/2025";"14:21:42";"185";"Com vítima";"20,362";"BR-163/MS";"Decrescente";"Colisão lateral no mesmo sentido";0;0;0;4;0;0;0;0;0;0;0;2;0;0;0
"06/08/2025";"04:24:30";"20";"Sem vítima";"169,835";"BR-163/MS";"Crescente";"Acidentes de outra natureza";0;0;1;0;0;0;0;0;0;0;1;0;0;0;0
"06/08/2025";"04:43:59";"23";"Com vítima";"233,818";"BR-163/MS";"Decrescente";"Queda de moto";0;0;0;1;0;0;0;0;0;0;0;0;1;0;0
"06/08/2025";"05:03:29";"25";"Com vítima";"470,801";"BR-163/MS";"Crescente";"Colisão transversal";0;0;0;1;0;0;0;0;0;1;1;0;1;0;0
"06/08/2025";"05:27:04";"30";"Sem vítima";"179,781";"BR-163/MS";"Crescente";"Choque";0;0;0;0;0;2;0;0;0;0;0;0;0;0;0
"06/08/2025";"05:30:49";"31";"Sem vítima";"233,818";"BR-163/MS";"Decrescente";"Choque";0;0;0;0;0;2;0;0;0;0;0;0;0;0;0
"06/08/2025";"06:46:47";"57";"Com vítima";"492,494";"BR-163/MS";"Crescente";"Colisão transversal";2;0;0;0;0;0;0;0;0;0;0;1;1;0;0
"06/08/2025";"10:04:32";"125";"Sem vítima";"216,767";"BR-163/MS";"Decrescente";"Acidentes de outra natureza";0;0;0;0;0;1;0;0;0;0;0;0;0;0;0
"06/08/2025";"11:34:42";"144";"Com vítima";"256,853";"BR-163/MS";"Decrescente";"Queda de moto";0;0;0;1;0;1;0;0;0;0;0;1;0;0;0
"06/08/2025";"18:59:31";"212";"Com vítima";"485,630";"BR-163/MS";"Crescente";"Engavetamento";2;0;0;1;0;0;0;0;0;0;2;1;0;0;0
"07/08/2025";"05:18:33";"20";"Sem vítima";"267,857";"BR-163/MS";"Decrescente";"Choque";1;0;0;0;0;0;0;0;0;0;1;0;0;0;0
"07/08/2025";"12:16:50";"156";"Sem vítima";"475,209";"BR-163/MS";"Crescente";"Colisão traseira";0;0;0;0;0;0;0;0;1;1;1;0;0;0;0
"07/08/2025";"16:45:15";"205";"Com vítima";"365,590";"BR-163/MS";"Crescente";"Queda de moto";0;0;0;1;0;0;0;0;0;0;0;1;0;0;0
"07/08/2025";"18:59:06";"232";"Sem vítima";"819,916";"BR-163/MS";"Crescente";"Colisão transversal";1;0;0;0;0;0;0;0;0;0;0;0;0;0;0
"07/08/2025";"19:30:51";"237";"Com vítima";"147,111";"BR-163/MS";"Crescente";"Tombamento";0;0;1;0;0;0;0;0;0;0;0;1;0;0;0
"08/08/2025";"00:20:39";"5";"Com vítima";"548,871";"BR-163/MS";"Crescente";"Atropelamento de pedestre";0;0;0;0;0;0;0;0;0;1;5;0;0;0;1
"08/08/2025";"08:58:07";"82";"Sem vítima";"92,293";"BR-163/MS";"Crescente";"Tombamento";0;0;0;0;0;0;0;0;0;1;2;0;0;0;0
"08/08/2025";"13:58:30";"148";"Sem vítima";"466,451";"BR-163/MS";"Crescente";"Colisão transversal";0;0;0;0;0;2;0;0;0;1;2;0;0;0;0
"08/08/2025";"16:43:58";"181";"Com vítima";"407,785";"BR-163/MS";"Crescente";"Colisão transversal";1;0;2;0;0;2;0;0;0;0;2;0;1;0;0
"08/08/2025";"16:45:11";"182";"Sem vítima";"215,557";"BR-163/MS";"Decrescente";"Colisão traseira";0;0;2;0;0;3;0;0;0;0;2;0;0;0;0
"08/08/2025";"17:03:20";"185";"Sem vítima";"415,959";"BR-163/MS";"Crescente";"Acidentes de outra natureza";0;0;0;0;0;0;0;0;0;1;2;0;0;0;0
"08/08/2025";"17:05:20";"186";"Sem vítima";"486,517";"BR-163/MS";"Crescente";"Colisão transversal";1;0;0;0;0;0;0;0;0;1;4;0;0;0;0
"08/08/2025";"18:39:07";"198";"Sem vítima";"484,337";"BR-163/MS";"Crescente";"Colisão lateral no mesmo sentido";0;0;1;0;0;0;0;0;0;1;4;0;0;0;0
"08/08/2025";"21:36:35";"221";"Com vítima";"472,476";"BR-163/MS";"Crescente";"Colisão transversal";1;0;0;1;0;0;0;0;0;0;1;0;0;1;0
"09/08/2025";"02:38:08";"15";"Sem vítima";"270,500";"BR-163/MS";"Crescente";"Atropelamento de animal";0;0;0;0;0;0;0;0;0;1;1;0;0;0;0
"09/08/2025";"05:41:53";"34";"Sem vítima";"243,123";"BR-163/MS";"Crescente";"Acidentes de outra natureza";1;0;0;0;0;0;0;0;0;0;1;0;0;0;0
"09/08/2025";"06:24:29";"38";"Sem vítima";"745,935";"BR-163/MS";"Crescente";"Atropelamento de animal";0;0;0;0;0;0;0;0;0;1;4;0;0;0;0
"09/08/2025";"10:04:24";"94";"Sem vítima";"487,529";"BR-163/MS";"Crescente";"Colisão lateral no mesmo sentido";0;0;1;1;0;0;0;0;0;0;3;0;0;0;0
"09/08/2025";"14:55:02";"141";"Sem vítima";"83,000";"BR-163/MS";"Decrescente";"Engavetamento";2;0;1;0;0;1;0;0;0;0;4;0;0;0;0
"09/08/2025";"15:59:46";"158";"Com vítima";"13,200";"BR-163/MS";"Decrescente";"Colisão traseira";1;0;0;0;0;0;0;0;0;1;0;2;0;0;0
"09/08/2025";"16:29:54";"165";"Sem vítima";"124,500";"BR-163/MS";"Decrescente";"Tombamento";0;0;1;0;0;1;0;0;0;0;1;0;0;0;0
"09/08/2025";"18:38:05";"188";"Sem vítima";"387,767";"BR-163/MS";"Crescente";"Acidentes de outra natureza";1;0;0;0;0;0;0;0;0;0;3;0;0;0;0
"09/08/2025";"19:24:42";"195";"Com vítima";"726,186";"BR-163/MS";"Crescente";"Colisão transversal";0;0;1;1;0;1;0;0;0;0;1;0;0;0;1
"09/08/2025";"21:55:29";"215";"Com vítima";"12,715";"BR-163/MS";"Crescente";"Queda de moto";0;0;0;1;0;0;0;0;0;0;0;1;0;0;0
"09/08/2025";"23:13:55";"225";"Sem vítima";"224,379";"BR-163/MS";"Decrescente";"Choque";1;0;0;0;0;0;0;0;0;0;0;0;0;0;0
"10/08/2025";"02:03:16";"13";"Com vítima";"776,329";"BR-163/MS";"Decrescente";"Atropelamento de animal";0;0;1;0;0;1;0;0;0;0;0;0;1;0;0
"10/08/2025";"04:21:30";"23";"Sem vítima";"28,793";"BR-163/MS";"Decrescente";"Choque";1;0;0;0;0;0;0;0;0;0;1;0;0;0;0
"10/08/2025";"05:16:02";"24";"Com vítima";"776,174";"BR-163/MS";"Decrescente";"Acidentes de outra natureza";0;0;0;0;0;0;0;0;0;1;3;0;1;0;0
"10/08/2025";"17:48:57";"166";"Sem vítima";"283,712";"BR-163/MS";"Crescente";"Colisão traseira";0;0;0;1;0;0;0;0;0;1;2;0;0;0;0
"10/08/2025";"21:46:38";"197";"Com vítima";"81,448";"BR-163/MS";"Decrescente";"Queda de moto";0;0;0;1;0;0;0;0;0;0;0;1;0;0;0
"10/08/2025";"21:56:24";"199";"Com vítima";"498,548";"BR-163/MS";"Crescente";"Colisão traseira";2;0;0;0;0;0;0;0;0;0;3;2;0;0;0
"11/08/2025";"09:50:13";"119";"Sem vítima";"359,495";"BR-163/MS";"Decrescente";"Choque";0;0;0;0;0;0;0;0;0;1;1;0;0;0;0
"11/08/2025";"15:12:15";"174";"Sem vítima";"485,216";"BR-163/MS";"Decrescente";"Colisão transversal";1;0;0;0;0;0;0;0;0;1;2;0;0;0;0
"11/08/2025";"15:41:36";"182";"Sem vítima";"722,945";"BR-163/MS";"Crescente";"Acidentes de outra natureza";0;0;1;0;0;1;0;0;0;0;1;0;0;0;0
"12/08/2025";"00:27:48";"3";"Sem vítima";"157,300";"BR-163/MS";"Crescente";"Colisão lateral no mesmo sentido";0;0;2;0;0;2;0;0;0;0;2;0;0;0;0
"12/08/2025";"04:57:06";"25";"Sem vítima";"809,813";"BR-163/MS";"Crescente";"Colisão lateral no mesmo sentido";1;0;0;0;0;5;0;0;0;0;1;0;0;0;0
"12/08/2025";"13:56:08";"152";"Com vítima";"763,755";"BR-163/MS";"Decrescente";"Colisão traseira";1;0;0;0;0;1;0;0;0;0;2;1;0;0;0
"12/08/2025";"17:55:48";"192";"Com vítima";"821,955";"BR-163/MS";"Crescente";"Atropelamento de animal";0;0;0;1;0;0;0;0;0;0;0;1;0;0;0
"12/08/2025";"19:49:13";"209";"Sem vítima";"749,882";"BR-163/MS";"Crescente";"Atropelamento de animal";0;0;0;0;0;0;0;0;0;1;2;0;0;0;0