data;horario;n_da_ocorrencia;tipo_de_ocorrencia;km;trecho;sentido;tipo_de_acidente;automovel;bicicleta;caminhao;moto;onibus;outros;tracao_animal;transporte_de_cargas_especiais;trator_maquinas;utilitarios;ilesos;levemente_feridos;moderadamente_feridos;gravemente_feridos;mortos
"12/08/2025";"22:39:14";"229";"Sem vítima";"129,200";"BR-163/MS";"Crescente";"Colisão lateral no mesmo sentido";1;0;0;0;0;0;0;0;0;0;1;0;0;0;0
"13/08/2025";"19:05:36";"208";"Sem vítima";"470,790";"BR-163/MS";"Crescente";"Colisão transversal";1;0;0;0;0;1;0;0;0;0;2;0;0;0;0
"13/08/2025";"19:53:28";"220";"Sem vítima";"742,000";"BR-163/MS";"Crescente";"Atropelamento de animal";0;0;1;0;0;0;0;0;0;0;1;0;0;0;0
"14/08/2025";"06:22:24";"40";"Sem vítima";"228,385";"BR-163/MS";"Decrescente";"Colisão lateral no mesmo sentido";1;0;0;0;0;0;0;0;0;0;2;0;0;0;0
"14/08/2025";"11:38:00";"138";"Com vítima";"636,149";"BR-163/MS";"Decrescente";"Choque";1;0;0;0;0;0;0;0;0;0;0;0;0;1;0
"14/08/2025";"17:45:57";"211";"Sem vítima";"121,973";"BR-163/MS";"Crescente";"Colisão lateral no mesmo sentido";0;0;1;0;0;0;0;0;0;0;1;0;0;0;0
"14/08/2025";"23:01:45";"237";"Sem vítima";"8,522";"BR-163/MS";"Crescente";"Acidentes de outra natureza";1;0;0;0;0;0;0;0;0;0;2;0;0;0;0
"15/08/2025";"09:40:29";"117";"Sem vítima";"5,500";"BR-163/MS";"Decrescente";"Colisão traseira";0;0;0;0;0;0;0;0;0;2;2;0;0;0;0
"15/08/2025";"15:51:31";"216";"Com vítima";"256,870";"BR-163/MS";"Decrescente";"Engavetamento";0;0;0;0;0;0;0;0;0;4;5;1;0;0;0
"15/08/2025";"20:16:40";"270";"Sem vítima";"615,774";"BR-163/MS";"Crescente";"Colisão transversal";1;0;0;0;0;0;0;0;0;1;4;0;0;0;0
"16/08/2025";"04:49:42";"10";"Com vítima";"668,501";"BR-163/MS";"Crescente";"Colisão transversal";1;0;0;0;0;0;0;0;0;1;1;1;0;0;0
"16/08/2025";"12:05:30";"100";"Com vítima";"147,360";"BR-163/MS";"Decrescente";"Queda de moto";0;0;0;1;0;0;0;0;0;0;0;1;0;0;0
"16/08/2025";"13:19:55";"111";"Com vítima";"275,990";"BR-163/MS";"Decrescente";"Acidentes de outra natureza";0;0;0;0;0;0;0;0;0;1;4;1;0;0;0
"16/08/2025";"14:01:16";"119";"Sem vítima";"10,500";"BR-163/MS";"Crescente";"Colisão transversal";2;0;0;0;0;0;0;0;0;0;5;0;0;0;0
"16/08/2025";"20:16:18";"176";"Sem vítima";"633,243";"BR-163/MS";"Crescente";"Atropelamento de animal";0;0;0;0;0;0;0;0;0;1;1;0;0;0;0
"17/08/2025";"02:08:28";"14";"Sem vítima";"552,307";"BR-163/MS";"Crescente";"Atropelamento de animal";1;0;0;0;0;0;0;0;0;0;2;0;0;0;0
"17/08/2025";"03:59:36";"23";"Com vítima";"475,793";"BR-163/MS";"Decrescente";"Queda de moto";0;0;0;1;0;0;0;0;0;0;0;1;0;0;0
"17/08/2025";"06:14:43";"36";"Com vítima";"832,793";"BR-163/MS";"Decrescente";"Tombamento";0;0;1;0;0;1;0;0;0;0;0;1;0;0;0
"17/08/2025";"09:08:55";"74";"Sem vítima";"809,502";"BR-163/MS";"Decrescente";"Tombamento";0;0;0;0;0;3;0;0;0;0;0;0;0;0;0
"17/08/2025";"14:22:17";"118";"Com vítima";"11,980";"BR-163/MS";"Crescente";"Queda de moto";0;0;1;0;0;1;0;0;0;0;0;1;0;0;0
"17/08/2025";"20:12:01";"171";"Sem vítima";"345,970";"BR-163/MS";"Crescente";"Atropelamento de animal";0;0;0;0;0;0;0;0;0;1;1;0;0;0;0
"18/08/2025";"04:33:12";"19";"Sem vítima";"11,362";"BR-163/MS";"Crescente";"Colisão traseira";1;0;0;0;0;1;0;0;0;0;2;0;0;0;0
"18/08/2025";"12:05:17";"134";"Com vítima";"576,211";"BR-163/MS";"Decrescente";"Acidentes de outra natureza";0;0;1;0;0;0;0;0;0;0;0;1;0;0;0
"18/08/2025";"12:56:39";"140";"Sem vítima";"533,824";"BR-163/MS";"Crescente";"Colisão lateral no mesmo sentido";0;0;1;0;0;0;0;0;0;1;2;0;0;0;0
"18/08/2025";"22:22:20";"222";"Com vítima";"264,000";"BR-163/MS";"Crescente";"Atropelamento de animal";0;0;0;1;0;0;0;0;0;0;0;1;0;0;0
"19/08/2025";"11:29:45";"97";"Com vítima";"615,699";"BR-163/MS";"Crescente";"Colisão lateral no mesmo sentido";0;0;0;2;0;0;0;0;0;0;0;2;0;0;0
"20/08/2025";"09:18:49";"102";"Com vítima";"722,000";"BR-163/MS";"Decrescente";"Queda de moto";0;0;0;1;0;0;0;0;0;0;0;2;0;0;0
"20/08/2025";"16:45:07";"190";"Com vítima";"463,300";"BR-163/MS";"Decrescente";"Queda de moto";0;0;0;1;0;0;0;0;0;0;0;0;1;0;0
"20/08/2025";"18:18:19";"202";"Com vítima";"626,587";"BR-163/MS";"Crescente";"Tombamento";0;0;1;0;0;2;0;0;0;0;0;1;0;0;0
"21/08/2025";"04:12:22";"18";"Sem vítima";"434,771";"BR-163/MS";"Crescente";"Atropelamento de animal";0;0;0;0;0;0;0;0;0;1;1;0;0;0;0
"21/08/2025";"07:27:25";"68";"Com vítima";"490,622";"BR-163/MS";"Crescente";"Colisão transversal";1;0;0;1;0;0;0;0;0;0;1;1;0;0;0
"21/08/2025";"10:09:10";"129";"Com vítima";"249,620";"BR-163/MS";"Crescente";"Colisão lateral no mesmo sentido";1;0;0;0;0;0;0;0;0;1;2;1;0;0;0
"21/08/2025";"11:21:55";"141";"Sem vítima";"473,214";"BR-163/MS";"Crescente";"Choque";0;0;2;0;0;0;0;0;0;0;1;0;0;0;0
"22/08/2025";"05:51:59";"35";"Com vítima";"272,888";"BR-163/MS";"Decrescente";"Colisão traseira";0;0;1;0;0;1;0;0;0;0;0;1;0;0;0
"22/08/2025";"12:34:13";"159";"Sem vítima";"423,986";"BR-163/MS";"Decrescente";"Colisão traseira";1;0;1;0;0;1;0;0;0;0;6;0;0;0;0
"22/08/2025";"19:22:46";"239";"Sem vítima";"481,600";"BR-163/MS";"Decrescente";"Colisão traseira";1;0;0;0;0;0;0;0;0;1;2;0;0;0;0
"22/08/2025";"21:09:07";"251";"Sem vítima";"86,358";"BR-163/MS";"Crescente";"Acidentes de outra natureza";0;0;0;0;0;2;0;0;0;0;0;0;0;0;0
"23/08/2025";"05:33:40";"42";"Com vítima";"384,744";"BR-163/MS";"Decrescente";"Tombamento";0;0;1;0;0;2;0;0;0;0;0;1;0;0;0
"23/08/2025";"06:54:14";"54";"Sem vítima";"466,000";"BR-163/MS";"Crescente";"Queda de moto";0;0;0;1;0;0;0;0;0;0;0;0;0;0;0
"23/08/2025";"15:53:23";"151";"Sem vítima";"213,307";"BR-163/MS";"Decrescente";"Capotamento";1;0;0;0;0;0;0;0;0;0;1;0;0;0;0
"23/08/2025";"18:14:35";"168";"Com vítima";"486,400";"BR-163/MS";"Crescente";"Colisão traseira";0;0;0;1;0;0;0;0;0;1;2;1;0;0;0
"23/08/2025";"18:58:26";"175";"Com vítima";"420,932";"BR-163/MS";"Decrescente";"Atropelamento de pedestre";1;0;0;0;0;0;0;0;0;0;1;0;0;1;0
"24/08/2025";"18:47:54";"132";"Sem vítima";"617,335";"BR-163/MS";"Decrescente";"Colisão traseira";0;0;1;0;0;1;0;0;0;0;1;0;0;0;0
"25/08/2025";"15:31:36";"155";"Sem vítima";"510,600";"BR-163/MS";"Crescente";"Colisão traseira";1;0;1;0;0;0;0;0;0;0;0;0;0;0;0
"26/08/2025";"13:24:36";"143";"Sem vítima";"93,461";"BR-163/MS";"Crescente";"Colisão traseira";1;0;0;0;0;0;0;0;0;1;2;0;0;0;0
"26/08/2025";"23:02:51";"233";"Com vítima";"369,537";"BR-163/MS";"Crescente";"Atropelamento de pedestre";1;0;0;0;0;0;0;0;0;0;3;0;0;1;0
"27/08/2025";"00:05:00";"2";"Sem vítima";"479,846";"BR-163/MS";"Crescente";"Colisão traseira";1;0;0;0;0;0;0;0;0;1;2;0;0;0;0
"27/08/2025";"06:59:58";"53";"Sem vítima";"56,563";"BR-163/MS";"Crescente";"Colisão traseira";0;0;1;0;0;0;0;0;0;1;2;0;0;0;0
"27/08/2025";"07:08:24";"54";"Sem vítima";"90,374";"BR-163/MS";"Decrescente";"Colisão lateral no mesmo sentido";0;0;0;0;0;2;0;0;0;1;1;0;0;0;0
"27/08/2025";"09:08:25";"98";"Sem vítima";"442,000";"BR-163/MS";"Crescente";"Colisão traseira";0;0;1;0;0;1;0;0;0;1;4;0;0;0;0
"28/08/2025";"10:41:23";"138";"Sem vítima";"252,615";"BR-163/MS";"Crescente";"Colisão lateral no mesmo sentido";1;0;1;0;0;0;0;0;0;0;3;0;0;0;0
"28/08/2025";"13:16:46";"161";"Sem vítima";"405,145";"BR-163/MS";"Crescente";"Colisão traseira";0;0;0;0;0;2;0;0;0;0;2;0;0;0;0
"29/08/2025";"09:25:48";"110";"Sem vítima";"485,600";"BR-163/MS";"Crescente";"Colisão traseira";1;0;0;0;0;0;0;0;0;1;5;0;0;0;0
"29/08/2025";"13:28:34";"159";"Com vítima";"474,000";"BR-163/MS";"Crescente";"Colisão lateral no mesmo sentido";0;0;0;0;0;0;0;0;0;2;1;2;0;0;0
"29/08/2025";"17:13:37";"196";"Com vítima";"486,325";"BR-163/MS";"Decrescente";"Colisão transversal";0;0;0;1;0;0;0;0;0;1;1;0;0;1;0
"29/08/2025";"19:06:12";"209";"Com vítima";"462,000";"BR-163/MS";"Crescente";"Colisão traseira";0;0;0;2;0;0;0;0;0;0;0;2;1;0;0
"30/08/2025";"18:23:37";"161";"Com vítima";"255,641";"BR-163/MS";"Crescente";"Colisão traseira";1;0;0;0;0;0;0;0;0;1;3;1;0;0;0
"30/08/2025";"21:07:54";"187";"Com vítima";"85,308";"BR-163/MS";"Crescente";"Queda de moto";0;0;0;1;0;0;0;0;0;0;1;1;0;0;0
"31/08/2025";"17:07:33";"151";"Sem vítima";"668,500";"BR-163/MS";"Decrescente";"Tombamento";0;0;0;0;0;2;0;0;0;0;0;0;0;0;0
"31/08/2025";"18:23:18";"164";"Com vítima";"662,372";"BR-163/MS";"Decrescente";"Colisão transversal";0;0;0;1;0;3;0;0;0;0;0;1;0;0;0
"31/08/2025";"18:34:40";"169";"Com vítima";"505,838";"BR-163/MS";"Decrescente";"Colisão traseira";1;0;0;1;0;0;0;0;0;0;0;1;0;0;1
"01/09/2025";"04:41:57";"20";"Sem vítima";"487,672";"BR-163/MS";"Decrescente";"Acidentes de outra natureza";1;0;0;0;0;0;0;0;0;0;1;0;0;0;0
"01/09/2025";"05:24:49";"25";"Sem vítima";"183,310";"BR-163/MS";"Decrescente";"Colisão lateral no mesmo sentido";0;0;1;0;0;0;0;0;0;0;1;0;0;0;0
"01/09/2025";"16:05:42";"166";"Com vítima";"613,809";"BR-163/MS";"Crescente";"Tombamento";0;0;1;0;0;1;0;0;0;0;0;1;0;0;0
"01/09/2025";"16:42:01";"169";"Com vítima";"731,518";"BR-163/MS";"Crescente";"Queda de moto";0;0;0;1;0;0;0;0;0;0;0;1;0;0;0
"01/09/2025";"17:05:52";"171";"Sem vítima";"256,844";"BR-163/MS";"Crescente";"Acidentes de outra natureza";0;0;0;0;0;0;0;0;0;1;1;0;0;0;0
"01/09/2025";"18:04:49";"176";"Com vítima";"0,266";"BR-163/MS";"Decrescente";"Tombamento";0;0;0;0;0;2;0;0;0;0;0;0;0;0;0
"02/09/2025";"15:09:04";"165";"Sem vítima";"97,253";"BR-163/MS";"Crescente";"Colisão traseira";1;0;1;0;0;0;0;0;0;0;3;0;0;0;0
"02/09/2025";"18:44:16";"204";"Sem vítima";"442,286";"BR-163/MS";"Crescente";"Atropelamento de animal";1;0;0;0;0;0;0;0;0;0;3;0;0;0;0
"02/09/2025";"20:37:19";"218";"Sem vítima";"456,825";"BR-163/MS";"Decrescente";"Atropelamento de animal";1;0;0;0;0;0;0;0;0;0;2;0;0;0;0
"02/09/2025";"22:23:38";"232";"Sem vítima";"207,168";"BR-163/MS";"Decrescente";"Choque";0;0;0;0;0;2;0;0;0;0;0;0;0;0;0
"03/09/2025";"05:28:14";"23";"Sem vítima";"148,772";"BR-163/MS";"Decrescente";"Colisão traseira";0;0;1;0;0;0;0;0;0;1;1;0;0;0;0
"03/09/2025";"05:47:05";"25";"Com vítima";"11,382";"BR-163/MS";"Crescente";"Queda de moto";0;0;0;1;0;0;0;0;0;0;0;2;0;0;0
"03/09/2025";"09:56:55";"120";"Com vítima";"515,283";"BR-163/MS";"Crescente";"Queda de moto";0;0;0;1;0;0;0;0;0;0;0;1;0;0;0
"03/09/2025";"12:46:45";"150";"Sem vítima";"424,500";"BR-163/MS";"Decrescente";"Colisão traseira";1;0;0;0;0;0;0;0;0;1;4;0;0;0;0
"03/09/2025";"15:01:41";"175";"Sem vítima";"64,614";"BR-163/MS";"Crescente";"Colisão traseira";0;0;0;0;0;4;0;0;0;0;0;0;0;0;0
"03/09/2025";"15:23:03";"179";"Sem vítima";"17,850";"BR-163/MS";"Crescente";"Acidentes de outra natureza";1;0;0;0;0;0;0;0;0;0;1;0;0;0;0
"03/09/2025";"18:16:55";"204";"Com vítima";"286,362";"BR-163/MS";"Decrescente";"Atropelamento de pedestre";0;0;1;0;0;0;0;0;0;1;1;0;1;0;0
"03/09/2025";"19:31:18";"217";"Sem vítima";"221,672";"BR-163/MS";"Crescente";"Atropelamento de animal";0;0;0;0;0;0;0;0;0;1;2;0;0;0;0
"04/09/2025";"06:05:04";"27";"Sem vítima";"466,543";"BR-163/MS";"Decrescente";"Queda de moto";0;0;0;1;0;0;0;0;0;0;1;0;0;0;0
"04/09/2025";"06:15:19";"28";"Com vítima";"139,307";"BR-163/MS";"Decrescente";"Tombamento";0;0;0;0;0;2;0;0;0;0;0;0;0;0;0
"04/09/2025";"09:15:34";"109";"Sem vítima";"253,856";"BR-163/MS";"Decrescente";"Tombamento";0;0;1;0;0;0;0;0;0;0;2;0;0;0;0
"04/09/2025";"16:25:19";"214";"Com vítima";"376,377";"BR-163/MS";"Decrescente";"Engavetamento";0;0;2;0;1;2;0;0;0;0;12;0;2;1;0
"04/09/2025";"20:11:50";"245";"Sem vítima";"471,445";"BR-163/MS";"Decrescente";"Colisão traseira";1;0;0;0;0;0;0;0;0;1;0;0;0;0;0
"05/09/2025";"01:35:21";"10";"Sem vítima";"391,315";"BR-163/MS";"Decrescente";"Choque";0;0;0;0;0;0;0;0;0;1;1;0;0;0;0
"05/09/2025";"09:36:07";"110";"Sem vítima";"487,459";"BR-163/MS";"Crescente";"Colisão frontal";0;0;2;0;0;1;0;0;0;1;5;0;0;0;0
"05/09/2025";"16:58:40";"189";"Com vítima";"484,410";"BR-163/MS";"Crescente";"Colisão transversal";0;0;0;1;0;2;0;0;0;0;0;0;1;0;0
"05/09/2025";"18:44:37";"206";"Sem vítima";"758,513";"BR-163/MS";"Crescente";"Choque";1;0;0;0;0;0;0;0;0;0;1;0;0;0;0
"05/09/2025";"23:15:27";"234";"Com vítima";"482,693";"BR-163/MS";"Crescente";"Queda de moto";0;0;0;1;0;0;0;0;0;0;0;1;1;0;0
"06/09/2025";"05:09:18";"32";"Sem vítima";"655,635";"BR-163/MS";"Decrescente";"Choque";0;0;1;0;0;1;0;0;0;0;2;0;0;0;0
"06/09/2025";"11:12:45";"85";"Sem vítima";"68,456";"BR-163/MS";"Decrescente";"Colisão traseira";2;0;0;0;0;0;0;0;0;0;4;0;0;0;0
"06/09/2025";"18:37:01";"149";"Sem vítima";"785,270";"BR-163/MS";"Crescente";"Colisão traseira";0;0;2;0;0;0;0;0;0;0;2;0;0;0;0
"06/09/2025";"20:44:52";"160";"Com vítima";"484,380";"BR-163/MS";"Crescente";"Colisão transversal";0;1;0;1;0;0;0;0;0;0;0;1;1;0;0
"07/09/2025";"00:52:01";"5";"Sem vítima";"88,856";"BR-163/MS";"Crescente";"Atropelamento de animal";1;0;0;0;0;0;0;0;0;0;1;0;0;0;0
"07/09/2025";"04:08:06";"14";"Sem vítima";"32,720";"BR-163/MS";"Decrescente";"Atropelamento de animal";0;0;0;0;0;0;0;0;0;1;2;0;0;0;0
"07/09/2025";"05:04:50";"19";"Com vítima";"364,662";"BR-163/MS";"Decrescente";"Queda de moto";0;0;0;1;0;0;0;0;0;0;0;1;0;0;0
"08/09/2025";"06:50:00";"47";"Com vítima";"490,543";"BR-163/MS";"Decrescente";"Queda de moto";1;0;0;1;0;0;0;0;0;0;1;2;0;0;0
"08/09/2025";"07:48:01";"69";"Com vítima";"468,622";"BR-163/MS";"Crescente";"Tombamento";2;0;1;1;0;3;0;0;0;1;4;0;0;1;0
"08/09/2025";"12:20:38";"144";"Sem vítima";"92,346";"BR-163/MS";"Crescente";"Capotamento";0;0;0;0;0;0;0;0;0;1;3;0;0;0;0
"09/09/2025";"10:45:02";"133";"Sem vítima";"485,630";"BR-163/MS";"Decrescente";"Choque";1;0;0;0;0;0;0;0;0;1;2;0;0;0;0
"09/09/2025";"12:31:53";"150";"Sem vítima";"475,105";"BR-163/MS";"Crescente";"Colisão transversal";1;0;1;0;0;0;0;0;0;0;5;0;0;0;0
"09/09/2025";"14:13:38";"177";"Sem vítima";"514,326";"BR-163/MS";"Crescente";"Acidentes de outra natureza";0;0;0;0;0;0;0;0;0;1;2;0;0;0;0
"09/09/2025";"16:47:29";"211";"Sem vítima";"609,684";"BR-163/MS";"Crescente";"Colisão traseira";0;0;0;0;0;2;0;0;0;0;0;0;0;0;0
"09/09/2025";"22:56:43";"256";"Com vítima";"22,482";"BR-163/MS";"Crescente";"Atropelamento de pedestre";0;0;0;1;0;0;0;0;0;0;0;2;0;0;0
"10/09/2025";"00:29:08";"4";"Sem vítima";"306,436";"BR-163/MS";"Crescente";"Atropelamento de animal";0;0;0;0;0;0;0;0;0;1;1;0;0;0;0
"10/09/2025";"03:30:43";"17";"Sem vítima";"302,429";"BR-163/MS";"Crescente";"Atropelamento de animal";1;0;0;0;0;0;0;0;0;0;2;0;0;0;0
"10/09/2025";"05:07:03";"26";"Com vítima";"239,194";"BR-163/MS";"Crescente";"Colisão lateral no mesmo sentido";0;0;2;0;0;2;0;0;0;0;0;2;0;0;0
"10/09/2025";"10:12:11";"133";"Sem vítima";"430,321";"BR-163/MS";"Decrescente";"Colisão traseira";0;0;2;0;0;2;0;0;0;0;2;0;0;0;0
"10/09/2025";"13:21:40";"174";"Sem vítima";"13,642";"BR-163/MS";"Decrescente";"Colisão traseira";1;0;0;0;0;0;0;0;0;1;3;0;0;0;0
"10/09/2025";"16:42:22";"215";"Com vítima";"267,858";"BR-163/MS";"Crescente";"Queda de moto";0;0;1;1;0;0;0;0;0;0;2;0;1;0;0
"11/09/2025";"04:30:30";"22";"Sem vítima";"655,592";"BR-163/MS";"Decrescente";"Acidentes de outra natureza";0;0;1;0;0;1;0;0;0;0;1;0;0;0;0
"11/09/2025";"06:33:25";"54";"Sem vítima";"313,725";"BR-163/MS";"Crescente";"Colisão traseira";0;0;1;0;0;0;0;0;0;1;2;0;0;0;0
"11/09/2025";"18:07:00";"226";"Com vítima";"482,427";"BR-163/MS";"Crescente";"Colisão lateral no mesmo sentido";1;0;0;1;0;0;0;0;0;0;1;1;0;0;0
"11/09/2025";"18:44:56";"230";"Sem vítima";"486,559";"BR-163/MS";"Decrescente";"Colisão traseira";1;0;0;0;0;0;0;0;0;0;1;0;0;0;0
"12/09/2025";"07:01:31";"53";"Sem vítima";"93,413";"BR-163/MS";"Crescente";"Colisão traseira";1;0;1;0;0;0;0;0;0;0;5;0;0;0;0
"12/09/2025";"09:54:56";"103";"Sem vítima";"153,564";"BR-163/MS";"Crescente";"Colisão lateral no mesmo sentido";0;0;1;0;0;0;0;0;0;1;2;0;0;0;0
"12/09/2025";"15:55:29";"190";"Com vítima";"475,000";"BR-163/MS";"Crescente";"Engavetamento";0;0;3;0;0;3;0;0;0;0;3;0;0;0;0
"12/09/2025";"17:36:19";"203";"Com vítima";"717,500";"BR-163/MS";"Decrescente";"Tombamento";0;0;1;0;0;0;0;0;0;0;0;1;0;0;0
"12/09/2025";"18:28:11";"216";"Com vítima";"744,415";"BR-163/MS";"Decrescente";"Atropelamento de animal";0;0;0;0;0;0;0;0;0;1;0;1;0;0;0
"12/09/2025";"18:31:48";"217";"Sem vítima";"479,150";"BR-163/MS";"Crescente";"Colisão transversal";1;0;0;0;0;0;0;0;0;1;2;0;0;0;0
"12/09/2025";"18:36:13";"219";"Sem vítima";"482,311";"BR-163/MS";"Crescente";"Colisão traseira";0;0;0;1;0;0;0;0;0;1;2;0;0;0;0
"12/09/2025";"22:27:47";"265";"Com vítima";"247,739";"BR-163/MS";"Decrescente";"Queda de moto";0;0;1;1;0;0;0;0;0;0;0;1;0;0;0
"13/09/2025";"03:41:58";"16";"Com vítima";"649,500";"BR-163/MS";"Decrescente";"Queda de moto";0;0;0;1;0;0;0;0;0;0;0;1;1;0;0
"13/09/2025";"15:08:49";"144";"Com vítima";"412,456";"BR-163/MS";"Crescente";"Queda de moto";0;0;0;1;0;0;0;0;0;0;0;1;1;0;0
"13/09/2025";"22:32:47";"211";"Com vítima";"12,168";"BR-163/MS";"Crescente";"Queda de moto";0;0;0;1;0;0;0;0;0;0;0;1;0;0;0
"14/09/2025";"06:24:01";"31";"Com vítima";"124,359";"BR-163/MS";"Decrescente";"Tombamento";0;0;0;0;0;2;0;0;0;0;0;0;0;0;0
"14/09/2025";"20:34:11";"186";"Com vítima";"726,775";"BR-163/MS";"Crescente";"Colisão lateral no mesmo sentido";1;0;0;0;0;0;0;0;0;1;6;1;0;0;0
"15/09/2025";"08:07:09";"80";"Com vítima";"25,806";"BR-163/MS";"Crescente";"Colisão transversal";0;0;1;0;0;0;0;0;0;1;1;0;1;0;0
"15/09/2025";"10:13:46";"124";"Com vítima";"209,676";"BR-163/MS";"Decrescente";"Capotamento";1;0;0;0;0;0;0;0;0;1;1;2;0;0;0
"15/09/2025";"12:41:00";"151";"Com vítima";"476,000";"BR-163/MS";"Crescente";"Queda de moto";0;0;0;1;0;0;0;0;0;0;0;2;0;0;0
"15/09/2025";"22:06:31";"232";"Sem vítima";"373,706";"BR-163/MS";"Crescente";"Acidentes de outra natureza";1;0;0;0;0;0;0;0;0;0;4;0;0;0;0
"16/09/2025";"09:23:58";"101";"Sem vítima";"485,652";"BR-163/MS";"Crescente";"Colisão traseira";1;0;0;0;0;0;0;0;0;1;4;0;0;0;0
"16/09/2025";"14:37:24";"182";"Sem vítima";"644,753";"BR-163/MS";"Crescente";"Capotamento";0;0;0;0;0;0;0;0;0;1;2;0;0;0;0
"16/09/2025";"16:08:56";"194";"Com vítima";"661,100";"BR-163/MS";"Crescente";"Acidentes de outra natureza";0;0;1;0;0;0;0;0;0;0;0;1;0;0;0
"17/09/2025";"16:59:29";"210";"Com vítima";"487,386";"BR-163/MS";"Crescente";"Tombamento";0;0;0;0;0;2;0;0;0;0;0;0;0;0;0
"18/09/2025";"05:51:32";"31";"Com vítima";"336,483";"BR-163/MS";"Crescente";"Colisão frontal";0;0;1;1;0;1;0;0;0;0;1;0;0;0;1
"18/09/2025";"09:00:51";"99";"Com vítima";"212,202";"BR-163/MS";"Crescente";"Colisão traseira";0;0;0;1;0;0;0;0;0;1;2;0;1;0;0
"19/09/2025";"15:59:07";"178";"Com vítima";"21,535";"BR-163/MS";"Crescente";"Colisão lateral no mesmo sentido";1;0;0;1;0;0;0;0;0;0;1;1;0;0;0
"19/09/2025";"17:21:44";"190";"Sem vítima";"701,000";"BR-163/MS";"Decrescente";"Colisão traseira";0;0;0;0;0;2;0;0;0;1;3;0;0;0;0
"19/09/2025";"17:37:28";"193";"Com vítima";"492,286";"BR-163/MS";"Crescente";"Colisão transversal";1;0;0;1;0;0;0;0;0;0;2;1;1;0;0
"19/09/2025";"19:02:41";"204";"Com vítima";"261,500";"BR-163/MS";"Decrescente";"Atropelamento de pedestre";0;0;0;0;0;0;0;0;0;1;2;0;0;0;1
"19/09/2025";"19:57:12";"212";"Sem vítima";"123,669";"BR-163/MS";"Crescente";"Colisão transversal";1;0;1;0;0;0;0;0;0;0;1;0;0;0;0
"20/09/2025";"06:42:06";"36";"Sem vítima";"680,405";"BR-163/MS";"Decrescente";"Colisão traseira";0;0;0;0;0;0;0;0;0;1;1;0;0;0;0
"20/09/2025";"07:23:11";"48";"Com vítima";"654,793";"BR-163/MS";"Decrescente";"Capotamento";1;0;0;0;0;0;0;0;0;0;0;0;0;1;0
"21/09/2025";"07:04:01";"34";"Sem vítima";"697,500";"BR-163/MS";"Decrescente";"Colisão transversal";0;0;0;0;0;0;0;0;0;2;2;0;0;0;0
"21/09/2025";"15:58:13";"131";"Sem vítima";"150,115";"BR-163/MS";"Crescente";"Colisão traseira";0;0;0;0;0;4;0;0;0;0;0;0;0;0;0
"21/09/2025";"16:55:14";"140";"Com vítima";"1,609";"BR-163/MS";"Decrescente";"Colisão transversal";1;0;0;0;0;0;0;0;0;0;4;0;0;1;0
"22/09/2025";"06:18:11";"44";"Com vítima";"260,000";"BR-163/MS";"Decrescente";"Capotamento";0;0;0;0;0;0;0;0;0;1;1;0;1;0;0
"22/09/2025";"08:04:07";"88";"Com vítima";"305,396";"BR-163/MS";"Crescente";"Colisão frontal";1;0;1;0;0;1;0;0;0;0;0;1;0;0;1
"22/09/2025";"09:04:16";"102";"Sem vítima";"399,000";"BR-163/MS";"Decrescente";"Acidentes de outra natureza";0;0;0;0;0;1;0;0;0;1;4;0;0;0;0
"22/09/2025";"10:08:59";"114";"Sem vítima";"304,952";"BR-163/MS";"Crescente";"Colisão traseira";0;0;2;0;0;0;0;0;0;0;2;0;0;0;0
"23/09/2025";"20:46:07";"256";"Com vítima";"476,398";"BR-163/MS";"Crescente";"Atropelamento de animal";0;0;0;1;0;0;0;0;0;0;0;1;0;0;0
"25/09/2025";"02:06:10";"11";"Sem vítima";"721,470";"BR-163/MS";"Crescente";"Choque";0;0;1;0;0;0;0;0;0;0;2;0;0;0;0
"25/09/2025";"10:12:59";"127";"Sem vítima";"564,234";"BR-163/MS";"Crescente";"Tombamento";0;0;1;0;0;2;0;0;0;0;1;0;0;0;0
"26/09/2025";"19:05:58";"233";"Com vítima";"175,307";"BR-163/MS";"Crescente";"Capotamento";1;0;0;0;0;0;0;0;0;0;0;0;1;0;0
"26/09/2025";"23:49:22";"271";"Sem vítima";"248,461";"BR-163/MS";"Crescente";"Choque";0;0;0;0;0;0;0;0;0;1;2;0;0;0;0
"28/09/2025";"05:04:16";"24";"Com vítima";"492,776";"BR-163/MS";"Decrescente";"Choque";2;0;0;0;0;0;0;0;0;0;2;3;0;0;0
"28/09/2025";"14:29:06";"100";"Sem vítima";"669,265";"BR-163/MS";"Decrescente";"Capotamento";0;0;0;0;0;0;0;0;0;1;4;0;0;0;0