data;horario;n_da_ocorrencia;tipo_de_ocorrencia;km;trecho;sentido;tipo_de_acidente;automovel;bicicleta;caminhao;moto;onibus;outros;tracao_animal;transporte_de_cargas_especiais;trator_maquinas;utilitarios;ilesos;levemente_feridos;moderadamente_feridos;gravemente_feridos;mortos
"30/09/2025";"19:38:44";"245";"Sem vítima";"426,427";"BR-163/MS";"Decrescente";"Choque";0;0;0;0;1;1;0;0;0;0;57;0;0;0;0
"02/10/2025";"06:09:43";"35";"Sem vítima";"225,568";"BR-163/MS";"Decrescente";"Colisão traseira";2;0;0;0;0;0;0;0;0;0;7;0;0;0;0
"04/10/2025";"19:22:02";"175";"Com vítima";"258,500";"BR-163/MS";"Crescente";"Atropelamento de pedestre";1;0;0;0;0;0;0;0;0;0;2;2;0;0;0
"05/10/2025";"08:24:22";"32";"Sem vítima";"574,994";"BR-163/MS";"Decrescente";"Colisão traseira";0;0;0;0;0;1;0;0;0;2;5;0;0;0;0
"06/10/2025";"05:57:39";"33";"Sem vítima";"501,990";"BR-163/MS";"Crescente";"Colisão lateral no mesmo sentido";1;0;0;0;0;0;0;0;0;1;7;0;0;0;0
"06/10/2025";"18:16:29";"241";"Sem vítima";"113,253";"BR-163/MS";"Decrescente";"Colisão traseira";1;0;0;0;0;0;0;0;0;1;2;0;0;0;0
"06/10/2025";"18:44:22";"246";"Sem vítima";"335,705";"BR-163/MS";"Crescente";"Acidentes de outra natureza";1;0;0;0;0;0;0;0;0;0;1;0;0;0;0
"06/10/2025";"18:51:26";"247";"Com vítima";"594,225";"BR-163/MS";"Decrescente";"Acidentes de outra natureza";1;0;0;0;0;0;0;0;0;1;4;1;0;0;0
"06/10/2025";"21:41:06";"264";"Com vítima";"615,579";"BR-163/MS";"Decrescente";"Atropelamento de pedestre";0;0;0;0;1;0;0;0;0;0;0;1;0;0;0
"08/10/2025";"10:02:43";"157";"Com vítima";"348,810";"BR-163/MS";"Crescente";"Tombamento";0;0;0;0;0;2;0;0;0;0;0;0;0;0;0
"09/10/2025";"16:50:49";"207";"Com vítima";"74,493";"BR-163/MS";"Crescente";"Atropelamento de pedestre";0;0;1;0;0;1;0;0;0;0;1;0;0;1;0
"10/10/2025";"13:15:09";"174";"Sem vítima";"502,212";"BR-163/MS";"Crescente";"Acidentes de outra natureza";0;0;0;0;0;0;0;0;0;1;1;0;0;0;0
"12/10/2025";"07:18:49";"48";"Sem vítima";"98,400";"BR-163/MS";"Decrescente";"Colisão traseira";2;0;0;0;0;0;0;0;0;0;6;0;0;0;0
"12/10/2025";"09:36:50";"70";"Sem vítima";"266,994";"BR-163/MS";"Crescente";"Engavetamento";1;0;0;0;0;0;0;0;0;2;8;0;0;0;0
"12/10/2025";"12:24:00";"95";"Sem vítima";"272,395";"BR-163/MS";"Decrescente";"Colisão transversal";1;0;1;0;0;1;0;0;0;0;4;0;0;0;0
"12/10/2025";"20:55:45";"173";"Sem vítima";"537,413";"BR-163/MS";"Decrescente";"Atropelamento de animal";0;0;0;0;0;0;0;0;0;1;2;0;0;0;0
"13/10/2025";"01:08:22";"6";"Com vítima";"261,701";"BR-163/MS";"Crescente";"Capotamento";2;0;0;0;0;0;0;0;0;0;1;0;0;2;0
"15/10/2025";"08:04:41";"80";"Sem vítima";"260,149";"BR-163/MS";"Crescente";"Colisão traseira";1;0;0;0;0;0;0;0;0;0;1;0;0;0;0
"15/10/2025";"10:26:09";"129";"Sem vítima";"215,369";"BR-163/MS";"Decrescente";"Acidentes de outra natureza";0;0;1;0;0;1;0;0;0;0;1;0;0;0;0
"15/10/2025";"14:29:57";"185";"Com vítima";"243,616";"BR-163/MS";"Crescente";"Choque";1;0;0;0;0;0;0;0;0;0;0;0;1;0;0
"15/10/2025";"19:32:18";"248";"Com vítima";"65,392";"BR-163/MS";"Decrescente";"Colisão transversal";0;0;1;0;0;3;0;0;0;0;0;0;0;0;1
"16/10/2025";"06:34:13";"52";"Sem vítima";"65,456";"BR-163/MS";"Crescente";"Colisão traseira";0;0;0;0;0;4;0;0;0;0;0;0;0;0;0
"16/10/2025";"12:12:39";"149";"Com vítima";"480,438";"BR-163/MS";"Crescente";"Colisão traseira";2;0;0;0;0;0;0;0;0;0;3;1;0;0;0
"16/10/2025";"16:12:11";"194";"Sem vítima";"191,518";"BR-163/MS";"Decrescente";"Tombamento";0;0;0;0;0;2;0;0;0;0;0;0;0;0;0
"16/10/2025";"17:20:47";"211";"Sem vítima";"22,900";"BR-163/MS";"Decrescente";"Colisão traseira";1;0;0;0;0;0;0;0;0;1;2;0;0;0;0
"17/10/2025";"00:22:04";"6";"Sem vítima";"30,957";"BR-163/MS";"Decrescente";"Atropelamento de animal";0;0;0;0;0;1;0;0;0;1;3;0;0;0;0
"17/10/2025";"10:08:37";"162";"Com vítima";"242,500";"BR-163/MS";"Crescente";"Colisão frontal";3;0;1;0;0;1;0;0;0;0;5;2;0;0;0
"17/10/2025";"15:18:41";"218";"Com vítima";"371,567";"BR-163/MS";"Decrescente";"Capotamento";1;0;0;0;0;0;0;0;0;0;0;1;0;0;0
"17/10/2025";"20:14:49";"269";"Sem vítima";"371,130";"BR-163/MS";"Decrescente";"Atropelamento de animal";1;0;0;0;0;0;0;0;0;0;2;0;0;0;0
"18/10/2025";"12:52:35";"132";"Sem vítima";"411,252";"BR-163/MS";"Crescente";"Acidentes de outra natureza";1;0;0;0;0;0;0;0;0;0;2;0;0;0;0
"18/10/2025";"14:57:30";"152";"Sem vítima";"621,834";"BR-163/MS";"Crescente";"Acidentes de outra natureza";1;0;0;0;0;0;0;0;0;0;2;0;0;0;0
"19/10/2025";"00:11:49";"2";"Com vítima";"307,266";"BR-163/MS";"Decrescente";"Atropelamento de pedestre";0;0;0;0;0;0;0;0;0;0;0;0;0;1;0
"20/10/2025";"11:12:53";"158";"Sem vítima";"140,300";"BR-163/MS";"Decrescente";"Acidentes de outra natureza";1;0;0;0;0;0;0;0;0;0;0;0;0;0;0
"20/10/2025";"12:47:15";"173";"Sem vítima";"208,276";"BR-163/MS";"Decrescente";"Engavetamento";1;0;2;0;0;0;0;0;0;0;7;0;0;0;0
"20/10/2025";"15:12:53";"205";"Sem vítima";"564,594";"BR-163/MS";"Crescente";"Engavetamento";0;0;3;0;0;0;0;0;0;0;3;0;0;0;0
"20/10/2025";"16:40:01";"218";"Sem vítima";"71,516";"BR-163/MS";"Decrescente";"Tombamento";0;0;0;0;0;1;0;0;0;0;0;0;0;0;0
"20/10/2025";"18:18:52";"227";"Com vítima";"468,632";"BR-163/MS";"Crescente";"Colisão transversal";1;0;0;1;0;0;0;0;0;0;1;1;0;0;0
"21/10/2025";"07:11:07";"74";"Com vítima";"176,172";"BR-163/MS";"Crescente";"Capotamento";1;0;0;0;0;0;0;0;0;0;0;1;0;0;0
"21/10/2025";"09:16:38";"116";"Com vítima";"164,694";"BR-163/MS";"Crescente";"Colisão traseira";1;0;2;0;0;2;0;0;0;1;2;1;1;0;1
"21/10/2025";"16:10:25";"177";"Com vítima";"617,703";"BR-163/MS";"Decrescente";"Acidentes de outra natureza";0;0;1;0;0;1;0;0;0;1;4;2;0;0;0
"22/10/2025";"06:34:39";"65";"Com vítima";"248,100";"BR-163/MS";"Decrescente";"Queda de moto";0;0;0;1;0;0;0;0;0;0;0;2;0;0;0
"22/10/2025";"15:59:34";"242";"Com vítima";"479,177";"BR-163/MS";"Crescente";"Queda de moto";0;0;0;1;0;0;0;0;0;0;0;1;0;0;0
"23/10/2025";"07:27:10";"79";"Sem vítima";"484,480";"BR-163/MS";"Crescente";"Engavetamento";1;0;1;0;0;2;0;0;0;0;3;0;0;0;0
"24/10/2025";"06:00:50";"38";"Com vítima";"95,945";"BR-163/MS";"Crescente";"Colisão traseira";1;0;0;0;0;0;0;0;0;1;4;1;1;0;0
"24/10/2025";"08:52:05";"100";"Com vítima";"732,559";"BR-163/MS";"Crescente";"Colisão frontal";1;0;0;0;0;1;0;0;0;0;0;0;0;0;1
"24/10/2025";"13:00:51";"150";"Sem vítima";"203,200";"BR-163/MS";"Decrescente";"Acidentes de outra natureza";1;0;0;0;0;0;0;0;0;0;2;0;0;0;0
"25/10/2025";"10:18:39";"123";"Com vítima";"191,832";"BR-163/MS";"Decrescente";"Colisão lateral no mesmo sentido";0;0;0;1;0;2;0;0;0;0;0;1;0;0;0
"25/10/2025";"14:20:30";"161";"Sem vítima";"485,288";"BR-163/MS";"Crescente";"Colisão traseira";0;0;0;1;0;0;0;0;0;1;1;0;0;0;0
"25/10/2025";"20:06:00";"219";"Com vítima";"727,000";"BR-163/MS";"Crescente";"Colisão lateral no mesmo sentido";1;0;0;1;0;0;0;0;0;0;2;1;0;0;0
"25/10/2025";"22:02:25";"231";"Com vítima";"257,185";"BR-163/MS";"Crescente";"Acidentes de outra natureza";1;0;0;0;0;0;0;0;0;0;0;1;0;0;0
"28/10/2025";"14:29:07";"174";"Sem vítima";"168,683";"BR-163/MS";"Decrescente";"Acidentes de outra natureza";1;0;0;0;0;0;0;0;0;0;2;0;0;0;0
"28/10/2025";"18:45:04";"220";"Sem vítima";"699,891";"BR-163/MS";"Crescente";"Atropelamento de animal";0;0;0;0;0;0;0;0;0;1;2;0;0;0;0
"28/10/2025";"18:50:09";"221";"Com vítima";"267,603";"BR-163/MS";"Crescente";"Atropelamento de pedestre";1;0;0;1;0;0;0;0;0;0;3;0;0;1;0
"30/10/2025";"21:34:49";"258";"Sem vítima";"160,000";"BR-163/MS";"Decrescente";"Acidentes de outra natureza";0;0;1;0;0;0;0;0;0;0;1;0;0;0;0
"31/10/2025";"10:56:50";"130";"Sem vítima";"2,147";"BR-163/MS";"Crescente";"Colisão traseira";1;0;0;0;0;0;0;0;0;1;5;0;0;0;0
"31/10/2025";"18:40:50";"209";"Sem vítima";"667,000";"BR-163/MS";"Crescente";"Atropelamento de animal";1;0;0;0;0;0;0;0;0;0;1;0;0;0;0
"01/11/2025";"09:56:15";"77";"Sem vítima";"520,654";"BR-163/MS";"Crescente";"Colisão lateral no mesmo sentido";1;0;0;0;0;2;0;0;0;0;1;0;0;0;0
"01/11/2025";"11:21:09";"91";"Sem vítima";"5,500";"BR-163/MS";"Crescente";"Engavetamento";1;0;0;0;0;0;0;0;0;2;3;0;0;0;0
"01/11/2025";"16:00:59";"129";"Sem vítima";"679,500";"BR-163/MS";"Decrescente";"Queda de moto";0;0;0;1;0;0;0;0;0;0;1;0;0;0;0
"01/11/2025";"20:19:32";"168";"Com vítima";"500,207";"BR-163/MS";"Crescente";"Atropelamento de animal";0;0;0;1;0;0;0;0;0;0;0;1;0;0;0
"01/11/2025";"23:30:29";"180";"Sem vítima";"798,346";"BR-163/MS";"Crescente";"Atropelamento de animal";1;0;0;0;0;0;0;0;0;0;3;0;0;0;0
"02/11/2025";"05:43:47";"11";"Sem vítima";"132,546";"BR-163/MS";"Decrescente";"Acidentes de outra natureza";0;0;1;0;0;0;0;0;0;0;1;0;0;0;0
"02/11/2025";"18:33:15";"95";"Com vítima";"482,701";"BR-163/MS";"Crescente";"Queda de moto";0;0;0;1;0;0;0;0;0;0;0;2;0;0;0
"02/11/2025";"19:57:43";"111";"Com vítima";"525,365";"BR-163/MS";"Decrescente";"Acidentes de outra natureza";0;0;0;0;0;0;0;0;0;1;0;1;0;0;0
"03/11/2025";"06:47:22";"53";"Sem vítima";"572,580";"BR-163/MS";"Crescente";"Atropelamento de animal";0;0;0;0;0;0;0;0;0;1;1;0;0;0;0
"03/11/2025";"18:34:23";"188";"Sem vítima";"609,649";"BR-163/MS";"Decrescente";"Atropelamento de animal";0;0;0;0;0;0;0;0;0;1;2;0;0;0;0
"04/11/2025";"04:46:37";"23";"Com vítima";"813,295";"BR-163/MS";"Crescente";"Queda de moto";1;0;0;1;0;0;0;0;0;0;0;0;1;0;0
"04/11/2025";"11:59:22";"161";"Com vítima";"304,808";"BR-163/MS";"Decrescente";"Colisão lateral no mesmo sentido";1;0;0;0;1;0;0;0;0;0;3;2;0;0;0
"04/11/2025";"20:06:38";"241";"Com vítima";"191,000";"BR-163/MS";"Crescente";"Acidentes de outra natureza";0;0;0;0;0;0;0;0;0;1;1;1;1;0;0
"04/11/2025";"23:34:49";"255";"Sem vítima";"545,350";"BR-163/MS";"Crescente";"Atropelamento de animal";1;0;0;0;0;0;0;0;0;0;1;0;0;0;0
"05/11/2025";"16:48:21";"207";"Sem vítima";"829,150";"BR-163/MS";"Crescente";"Capotamento";0;0;0;0;0;0;0;0;0;1;1;0;0;0;0
"05/11/2025";"18:26:27";"233";"Sem vítima";"622,000";"BR-163/MS";"Crescente";"Colisão traseira";0;0;1;0;0;0;0;0;0;1;2;0;0;0;0
"05/11/2025";"18:39:52";"237";"Com vítima";"20,733";"BR-163/MS";"Crescente";"Queda de moto";0;0;0;1;0;0;0;0;0;0;0;1;0;0;0
"06/11/2025";"16:56:19";"221";"Sem vítima";"89,764";"BR-163/MS";"Decrescente";"Capotamento";1;0;0;0;0;0;0;0;0;0;1;0;0;0;0
"06/11/2025";"18:18:10";"230";"Com vítima";"24,394";"BR-163/MS";"Decrescente";"Queda de moto";0;0;0;1;0;0;0;0;0;0;0;1;0;0;0
"06/11/2025";"19:42:53";"243";"Sem vítima";"709,837";"BR-163/MS";"Decrescente";"Atropelamento de animal";0;0;1;0;0;1;0;0;0;0;1;0;0;0;0
"06/11/2025";"22:03:19";"258";"Sem vítima";"712,568";"BR-163/MS";"Crescente";"Atropelamento de animal";0;0;1;0;0;0;0;0;0;0;1;0;0;0;0
"06/11/2025";"22:49:00";"259";"Sem vítima";"113,247";"BR-163/MS";"Decrescente";"Acidentes de outra natureza";0;0;1;0;0;1;0;0;0;0;1;0;0;0;0
"07/11/2025";"06:45:00";"46";"Com vítima";"617,303";"BR-163/MS";"Decrescente";"Colisão lateral no mesmo sentido";1;0;0;1;0;0;0;0;0;0;1;0;2;0;0
"07/11/2025";"12:59:08";"163";"Com vítima";"257,183";"BR-163/MS";"Decrescente";"Choque";1;0;0;1;0;0;0;0;0;0;0;1;0;0;0
"07/11/2025";"23:31:54";"261";"Com vítima";"681,388";"BR-163/MS";"Crescente";"Queda de moto";0;0;0;1;0;0;0;0;0;0;0;1;0;0;0
"08/11/2025";"06:42:24";"39";"Sem vítima";"117,922";"BR-163/MS";"Crescente";"Choque";1;0;0;0;0;0;0;0;0;0;1;0;0;0;0
"08/11/2025";"14:50:09";"145";"Sem vítima";"776,150";"BR-163/MS";"Decrescente";"Capotamento";1;0;0;0;0;0;0;0;0;0;4;0;0;0;0
"09/11/2025";"07:54:25";"50";"Sem vítima";"468,225";"BR-163/MS";"Crescente";"Choque";0;0;0;0;0;0;0;0;0;1;3;0;0;0;0
"09/11/2025";"18:20:11";"131";"Sem vítima";"601,000";"BR-163/MS";"Crescente";"Acidentes de outra natureza";0;0;1;0;0;0;0;0;0;0;1;0;0;0;0
"09/11/2025";"21:54:08";"167";"Com vítima";"682,000";"BR-163/MS";"Crescente";"Colisão traseira";2;0;0;0;0;0;0;0;0;0;2;2;0;0;0
"09/11/2025";"23:19:30";"173";"Sem vítima";"343,954";"BR-163/MS";"Decrescente";"Atropelamento de animal";0;0;0;0;0;0;0;0;0;1;3;0;0;0;0
"10/11/2025";"06:51:10";"67";"Com vítima";"33,996";"BR-163/MS";"Decrescente";"Acidentes de outra natureza";1;0;0;0;0;0;0;0;0;0;0;1;0;0;0
"10/11/2025";"09:15:02";"109";"Com vítima";"473,822";"BR-163/MS";"Crescente";"Atropelamento de pedestre";0;0;0;0;0;0;0;0;0;1;1;0;1;0;0
"10/11/2025";"11:04:04";"138";"Sem vítima";"424,884";"BR-163/MS";"Crescente";"Colisão traseira";1;0;1;0;0;0;0;0;0;0;2;0;0;0;0
"10/11/2025";"18:38:43";"223";"Sem vítima";"389,000";"BR-163/MS";"Decrescente";"Choque";1;0;0;0;0;0;0;0;0;0;1;0;0;0;0
"10/11/2025";"19:04:52";"228";"Sem vítima";"387,000";"BR-163/MS";"Crescente";"Atropelamento de animal";1;0;0;0;0;0;0;0;0;0;1;0;0;0;0
"10/11/2025";"19:22:50";"232";"Com vítima";"408,406";"BR-163/MS";"Crescente";"Capotamento";1;0;0;0;0;0;0;0;0;0;0;1;0;0;0
"11/11/2025";"14:02:46";"187";"Sem vítima";"235,569";"BR-163/MS";"Crescente";"Acidentes de outra natureza";1;0;0;0;0;0;0;0;0;0;1;0;0;0;0
"11/11/2025";"15:49:19";"207";"Sem vítima";"125,330";"BR-163/MS";"Crescente";"Colisão traseira";0;0;1;0;0;2;0;0;0;0;1;0;0;0;0
"11/11/2025";"18:28:04";"229";"Com vítima";"615,759";"BR-163/MS";"Decrescente";"Colisão transversal";1;0;0;1;0;0;0;0;0;0;1;1;0;0;0
"11/11/2025";"18:43:08";"232";"Sem vítima";"747,795";"BR-163/MS";"Crescente";"Atropelamento de animal";0;0;1;0;0;1;0;0;0;0;0;0;0;0;0
"12/11/2025";"08:43:27";"121";"Com vítima";"461,000";"BR-163/MS";"Crescente";"Acidentes de outra natureza";1;0;0;0;0;0;0;0;0;0;1;1;0;0;0
"12/11/2025";"17:02:54";"225";"Sem vítima";"6,713";"BR-163/MS";"Crescente";"Acidentes de outra natureza";0;0;0;0;0;0;0;0;0;1;2;0;0;0;0
"13/11/2025";"08:13:42";"93";"Sem vítima";"244,298";"BR-163/MS";"Decrescente";"Acidentes de outra natureza";1;0;0;0;0;0;0;0;0;0;1;0;0;0;0
"13/11/2025";"12:31:51";"160";"Sem vítima";"10,381";"BR-163/MS";"Decrescente";"Choque";0;0;1;0;0;1;0;0;0;0;1;0;0;0;0
"13/11/2025";"16:41:25";"194";"Com vítima";"150,123";"BR-163/MS";"Crescente";"Capotamento";1;0;0;0;0;0;0;0;0;0;0;1;0;0;0
"13/11/2025";"22:31:44";"241";"Sem vítima";"259,746";"BR-163/MS";"Decrescente";"Atropelamento de animal";1;0;0;0;0;0;0;0;0;0;1;0;0;0;0
"14/11/2025";"07:22:31";"83";"Sem vítima";"149,000";"BR-163/MS";"Crescente";"Acidentes de outra natureza";1;0;0;0;0;0;0;0;0;0;0;0;0;0;0
"14/11/2025";"08:37:54";"122";"Com vítima";"78,500";"BR-163/MS";"Crescente";"Acidentes de outra natureza";1;0;0;0;0;0;0;0;0;0;0;1;0;0;0
"14/11/2025";"15:02:44";"197";"Com vítima";"464,738";"BR-163/MS";"Crescente";"Colisão traseira";1;0;1;0;0;0;0;0;0;0;1;1;0;0;0
"14/11/2025";"19:51:07";"230";"Sem vítima";"238,000";"BR-163/MS";"Crescente";"Colisão traseira";2;0;0;0;0;0;0;0;0;1;4;0;0;0;0
"14/11/2025";"22:51:47";"252";"Sem vítima";"248,490";"BR-163/MS";"Decrescente";"Choque";1;0;0;0;0;0;0;0;0;0;1;0;0;0;0
"15/11/2025";"04:52:56";"14";"Com vítima";"181,367";"BR-163/MS";"Crescente";"Colisão frontal";2;0;0;0;0;0;0;0;0;0;0;1;5;0;0
"15/11/2025";"14:17:51";"143";"Com vítima";"542,635";"BR-163/MS";"Crescente";"Acidentes de outra natureza";0;0;1;0;0;1;0;0;0;0;0;1;0;0;0
"15/11/2025";"14:29:12";"145";"Sem vítima";"812,619";"BR-163/MS";"Crescente";"Colisão traseira";0;0;1;0;0;0;0;0;0;1;5;0;0;0;0
"15/11/2025";"19:03:08";"182";"Com vítima";"681,200";"BR-163/MS";"Crescente";"Colisão transversal";0;1;0;1;0;0;0;0;0;0;0;1;0;0;0
"17/11/2025";"06:24:19";"50";"Com vítima";"604,462";"BR-163/MS";"Decrescente";"Choque";0;0;0;0;0;0;0;0;0;1;1;1;0;0;0
"17/11/2025";"09:17:35";"101";"Sem vítima";"397,000";"BR-163/MS";"Decrescente";"Acidentes de outra natureza";0;0;0;0;0;0;0;0;0;1;0;0;0;0;0
"17/11/2025";"14:59:43";"131";"Sem vítima";"570,608";"BR-163/MS";"Crescente";"Colisão lateral no mesmo sentido";0;0;1;0;0;0;0;0;0;1;2;0;0;0;0
"17/11/2025";"17:53:13";"148";"Sem vítima";"23,000";"BR-163/MS";"Decrescente";"Colisão transversal";0;0;1;0;0;0;0;0;0;1;0;0;0;0;0
"17/11/2025";"18:33:02";"151";"Sem vítima";"771,500";"BR-163/MS";"Crescente";"Atropelamento de animal";1;0;0;0;0;1;0;0;0;0;2;0;0;0;0
"17/11/2025";"19:45:38";"164";"Com vítima";"469,608";"BR-163/MS";"Crescente";"Colisão lateral no mesmo sentido";1;0;2;0;0;2;0;0;0;0;2;0;1;0;0
"17/11/2025";"23:34:11";"179";"Sem vítima";"302,600";"BR-163/MS";"Crescente";"Queda de moto";0;0;0;1;0;0;0;0;0;0;0;0;0;0;0
"18/11/2025";"12:05:59";"155";"Com vítima";"258,000";"BR-163/MS";"Decrescente";"Colisão traseira";2;0;0;0;0;0;0;0;0;0;1;2;0;0;0
"18/11/2025";"14:40:18";"192";"Com vítima";"442,215";"BR-163/MS";"Decrescente";"Engavetamento";1;0;2;0;0;0;0;0;0;0;4;1;0;1;0
"18/11/2025";"17:52:25";"227";"Com vítima";"18,000";"BR-163/MS";"Crescente";"Colisão lateral no mesmo sentido";1;0;0;1;0;0;0;0;0;0;0;2;0;0;0
"19/11/2025";"09:51:03";"113";"Sem vítima";"249,000";"BR-163/MS";"Decrescente";"Choque";0;0;1;0;0;0;0;0;0;0;1;0;0;0;0
"19/11/2025";"13:21:10";"149";"Com vítima";"271,850";"BR-163/MS";"Crescente";"Choque";0;0;1;0;0;0;0;0;0;0;0;1;0;0;0
"19/11/2025";"19:23:16";"222";"Sem vítima";"26,000";"BR-163/MS";"Crescente";"Colisão traseira";2;0;0;0;0;0;0;0;0;0;1;0;0;0;0
"20/11/2025";"12:37:15";"103";"Sem vítima";"674,000";"BR-163/MS";"Crescente";"Colisão traseira";0;0;1;0;0;0;0;0;0;1;0;0;0;0;0
"20/11/2025";"15:10:24";"121";"Com vítima";"39,000";"BR-163/MS";"Decrescente";"Colisão lateral no mesmo sentido";1;0;0;1;0;0;0;0;0;0;4;0;0;1;0
"20/11/2025";"18:01:24";"147";"Com vítima";"272,000";"BR-163/MS";"Decrescente";"Colisão traseira";1;0;0;1;0;0;0;0;0;0;0;1;0;0;0
"21/11/2025";"07:34:01";"51";"Sem vítima";"2,500";"BR-163/MS";"Crescente";"Engavetamento";2;0;0;0;0;0;0;0;0;1;0;0;0;0;0
"21/11/2025";"15:19:53";"134";"Sem vítima";"706,000";"BR-163/MS";"Crescente";"Choque";1;0;0;0;0;0;0;0;0;0;2;0;0;0;0
"21/11/2025";"16:16:03";"140";"Sem vítima";"471,000";"BR-163/MS";"Crescente";"Colisão traseira";1;0;0;0;0;0;0;0;0;0;0;0;0;0;0
"22/11/2025";"16:36:28";"148";"Sem vítima";"485,000";"BR-163/MS";"Crescente";"Choque";1;0;0;0;0;0;0;0;0;0;1;0;0;0;0
"22/11/2025";"18:50:48";"163";"Com vítima";"815,000";"BR-163/MS";"Decrescente";"Tombamento";0;0;0;0;0;0;0;0;0;0;0;0;0;0;0
"22/11/2025";"19:51:58";"171";"Com vítima";"484,000";"BR-163/MS";"Crescente";"Colisão transversal";1;0;0;1;0;0;0;0;0;0;1;1;0;0;0
"22/11/2025";"19:58:57";"172";"Sem vítima";"371,000";"BR-163/MS";"Crescente";"Atropelamento de animal";1;0;0;0;0;0;0;0;0;0;1;0;0;0;0
"23/11/2025";"11:32:41";"81";"Com vítima";"548,365";"BR-163/MS";"Crescente";"Colisão frontal";1;0;0;1;0;0;0;0;0;0;2;0;1;0;0
"23/11/2025";"11:54:34";"82";"Com vítima";"492,402";"BR-163/MS";"Crescente";"Acidentes de outra natureza";1;0;0;0;0;0;0;0;0;0;0;1;3;0;0
"23/11/2025";"14:43:28";"102";"Com vítima";"416,500";"BR-163/MS";"Crescente";"Colisão transversal";1;0;0;1;0;0;0;0;0;0;2;1;0;0;0
"23/11/2025";"16:02:39";"116";"Com vítima";"49,500";"BR-163/MS";"Crescente";"Capotamento";1;0;0;0;0;0;0;0;0;0;1;2;0;0;0
"23/11/2025";"16:39:51";"120";"Sem vítima";"493,000";"BR-163/MS";"Decrescente";"Queda de moto";0;0;0;1;0;0;0;0;0;0;1;0;0;0;0
"23/11/2025";"17:53:51";"135";"Sem vítima";"143,000";"BR-163/MS";"Crescente";"Capotamento";1;0;0;0;0;1;0;0;0;0;1;0;0;0;0
"23/11/2025";"19:24:00";"152";"Sem vítima";"444,000";"BR-163/MS";"Crescente";"Atropelamento de animal";1;0;0;0;0;0;0;0;0;0;1;0;0;0;0
"24/11/2025";"03:21:40";"6";"Com vítima";"290,000";"BR-163/MS";"Crescente";"Colisão transversal";2;0;0;0;0;0;0;0;0;0;4;1;0;0;0
"24/11/2025";"06:32:10";"24";"Com vítima";"11,000";"BR-163/MS";"Crescente";"Queda de moto";0;0;0;1;0;0;0;0;0;0;0;1;0;0;0
"24/11/2025";"07:29:59";"42";"Com vítima";"206,631";"BR-163/MS";"Crescente";"Colisão traseira";0;0;1;0;0;0;0;0;0;1;3;1;2;0;0
"24/11/2025";"13:21:26";"124";"Sem vítima";"18,500";"BR-163/MS";"Crescente";"Colisão lateral no mesmo sentido";1;0;0;0;0;0;0;0;0;0;1;0;0;0;0
"24/11/2025";"15:32:57";"161";"Sem vítima";"190,840";"BR-163/MS";"Decrescente";"Colisão traseira";1;0;0;0;0;0;0;0;0;1;6;0;0;0;0
"24/11/2025";"22:48:12";"205";"Com vítima";"453,000";"BR-163/MS";"Decrescente";"Acidentes de outra natureza";1;0;0;0;0;1;0;0;0;0;1;0;0;0;0
"25/11/2025";"06:24:50";"27";"Sem vítima";"268,000";"BR-163/MS";"Crescente";"Colisão lateral no mesmo sentido";0;0;1;0;0;0;0;0;0;1;1;0;0;0;0
"25/11/2025";"07:06:25";"43";"Sem vítima";"803,940";"BR-163/MS";"Decrescente";"Acidentes de outra natureza";0;0;1;0;0;0;0;0;0;0;0;0;0;0;0
"25/11/2025";"10:33:58";"96";"Com vítima";"565,900";"BR-163/MS";"Crescente";"Colisão traseira";1;0;0;0;0;0;0;0;0;1;0;2;0;0;0
"25/11/2025";"18:14:20";"153";"Com vítima";"65,000";"BR-163/MS";"Crescente";"Colisão lateral no mesmo sentido";0;0;0;0;0;0;0;0;0;2;1;1;0;0;0
"26/11/2025";"05:03:27";"12";"Sem vítima";"498,000";"BR-163/MS";"Crescente";"Atropelamento de animal";0;0;0;0;0;0;0;0;0;1;1;0;0;0;0
"26/11/2025";"06:53:26";"26";"Sem vítima";"25,800";"BR-163/MS";"Decrescente";"Queda de moto";0;0;0;1;0;0;0;0;0;0;1;0;0;0;0
"26/11/2025";"11:11:49";"97";"Sem vítima";"618,302";"BR-163/MS";"Crescente";"Colisão traseira";0;0;0;0;0;0;0;0;0;2;2;0;0;0;0
"26/11/2025";"11:33:00";"103";"Sem vítima";"290,487";"BR-163/MS";"Crescente";"Acidentes de outra natureza";1;0;0;0;0;0;0;0;0;0;0;0;0;0;0
"26/11/2025";"15:44:14";"131";"Com vítima";"144,000";"BR-163/MS";"Crescente";"Tombamento";0;0;1;0;0;0;0;0;0;0;0;1;0;0;0