data;horario;n_da_ocorrencia;tipo_de_ocorrencia;km;trecho;sentido;tipo_de_acidente;automovel;bicicleta;caminhao;moto;onibus;outros;tracao_animal;transporte_de_cargas_especiais;trator_maquinas;utilitarios;ilesos;levemente_feridos;moderadamente_feridos;gravemente_feridos;mortos
"26/11/2025";"17:47:22";"146";"Sem vítima";"254,000";"BR-163/MS";"Crescente";"Engavetamento";1;0;0;0;0;1;0;0;0;1;2;0;0;0;0
"26/11/2025";"19:13:45";"158";"Sem vítima";"494,000";"BR-163/MS";"Crescente";"Colisão transversal";0;0;2;0;0;0;0;0;0;0;2;0;0;0;0
"26/11/2025";"23:16:41";"178";"Sem vítima";"650,000";"BR-163/MS";"Crescente";"Atropelamento de animal";1;0;0;0;0;0;0;0;0;0;3;0;0;0;0
"27/11/2025";"13:19:12";"126";"Sem vítima";"226,000";"BR-163/MS";"Decrescente";"Colisão lateral no mesmo sentido";0;0;2;0;1;1;0;0;0;0;18;0;0;0;0
"27/11/2025";"16:41:58";"149";"Com vítima";"227,000";"BR-163/MS";"Crescente";"Colisão traseira";0;0;2;0;0;0;0;0;0;0;1;0;1;0;0
"27/11/2025";"19:12:58";"164";"Sem vítima";"443,000";"BR-163/MS";"Crescente";"Atropelamento de animal";1;0;0;0;0;0;0;0;0;0;1;0;0;0;0
"27/11/2025";"19:35:32";"166";"Com vítima";"834,000";"BR-163/MS";"Crescente";"Colisão frontal";2;0;1;0;0;0;0;0;0;0;1;2;1;1;0
"28/11/2025";"18:55:29";"198";"Sem vítima";"390,000";"BR-163/MS";"Crescente";"Colisão lateral no mesmo sentido";1;0;1;0;0;1;0;0;0;0;2;0;0;0;0
"29/11/2025";"02:25:05";"5";"Sem vítima";"715,300";"BR-163/MS";"Decrescente";"Acidentes de outra natureza";1;0;0;0;0;0;0;0;0;0;1;0;0;0;0
"29/11/2025";"03:59:44";"7";"Sem vítima";"22,000";"BR-163/MS";"Crescente";"Colisão lateral no mesmo sentido";1;0;0;0;0;0;0;0;0;1;1;0;0;0;0
"29/11/2025";"04:57:59";"13";"Com vítima";"260,500";"BR-163/MS";"Decrescente";"Queda de moto";0;0;0;1;0;0;0;0;0;0;0;0;0;0;1
"29/11/2025";"06:20:09";"31";"Sem vítima";"310,000";"BR-163/MS";"Decrescente";"Acidentes de outra natureza";1;0;0;0;0;0;0;0;0;0;0;0;0;0;0
"29/11/2025";"08:31:04";"51";"Sem vítima";"485,000";"BR-163/MS";"Crescente";"Capotamento";1;0;0;0;0;0;0;0;0;0;0;0;0;0;0
"29/11/2025";"08:58:17";"55";"Sem vítima";"486,000";"BR-163/MS";"Crescente";"Acidentes de outra natureza";0;0;0;0;0;0;0;0;0;1;0;0;0;0;0
"29/11/2025";"16:41:32";"112";"Sem vítima";"705,000";"BR-163/MS";"Crescente";"Acidentes de outra natureza";1;0;0;0;0;0;0;0;0;0;1;0;0;0;0
"29/11/2025";"19:33:36";"135";"Sem vítima";"616,000";"BR-163/MS";"Decrescente";"Colisão traseira";1;0;0;1;0;0;0;0;0;0;1;0;0;0;0
"30/11/2025";"00:36:33";"4";"Sem vítima";"309,000";"BR-163/MS";"Crescente";"Colisão traseira";2;0;0;0;0;0;0;0;0;0;1;0;0;0;0
"30/11/2025";"04:23:41";"12";"Sem vítima";"262,995";"BR-163/MS";"Crescente";"Acidentes de outra natureza";1;0;0;0;0;0;0;0;0;0;1;0;0;0;0
"30/11/2025";"04:50:18";"16";"Sem vítima";"97,000";"BR-163/MS";"Decrescente";"Acidentes de outra natureza";1;0;0;0;0;0;0;0;0;0;1;0;0;0;0
"30/11/2025";"06:09:56";"24";"Sem vítima";"91,000";"BR-163/MS";"Crescente";"Choque";0;0;0;0;0;0;0;0;0;1;2;0;0;0;0
"30/11/2025";"08:29:57";"40";"Com vítima";"841,950";"BR-163/MS";"Decrescente";"Tombamento";0;0;1;0;0;1;0;0;0;0;0;1;0;0;0
"30/11/2025";"15:28:13";"84";"Sem vítima";"491,000";"BR-163/MS";"Decrescente";"Colisão traseira";1;0;0;0;0;0;0;0;0;1;5;0;0;0;0
"30/11/2025";"18:04:50";"102";"Sem vítima";"841,000";"BR-163/MS";"Decrescente";"Engavetamento";2;0;0;0;0;0;0;0;0;1;6;0;0;0;0
"30/11/2025";"19:23:23";"109";"Sem vítima";"374,000";"BR-163/MS";"Crescente";"Capotamento";1;0;0;0;0;0;0;0;0;0;1;0;0;0;0
"30/11/2025";"20:51:51";"121";"Sem vítima";"834,000";"BR-163/MS";"Crescente";"Atropelamento de animal";1;0;0;0;0;0;0;0;0;0;1;0;0;0;0
"30/11/2025";"21:44:31";"127";"Sem vítima";"350,000";"BR-163/MS";"Decrescente";"Colisão lateral no mesmo sentido";2;0;0;0;0;0;0;0;0;0;7;0;0;0;0
"01/12/2025";"06:20:46";"41";"Com vítima";"225,000";"BR-163/MS";"Decrescente";"Queda de moto";0;0;0;1;0;0;0;0;0;0;0;1;0;0;0
"01/12/2025";"17:22:59";"145";"Com vítima";"476,000";"BR-163/MS";"Crescente";"Colisão frontal";0;0;1;1;0;0;0;0;0;0;0;1;1;0;0
"01/12/2025";"18:48:37";"155";"Sem vítima";"432,000";"BR-163/MS";"Crescente";"Acidentes de outra natureza";1;0;0;0;0;0;0;0;0;0;0;0;0;0;0
"01/12/2025";"20:45:45";"172";"Com vítima";"243,000";"BR-163/MS";"Decrescente";"Colisão frontal";2;0;0;0;0;0;0;0;0;0;3;1;0;0;0
"02/12/2025";"05:15:40";"9";"Com vítima";"478,000";"BR-163/MS";"Crescente";"Colisão lateral no mesmo sentido";0;0;0;1;0;0;0;0;0;1;1;1;0;0;0
"02/12/2025";"12:04:20";"122";"Com vítima";"544,000";"BR-163/MS";"Crescente";"Colisão traseira";1;0;0;0;0;0;0;0;0;1;2;1;0;0;0
"02/12/2025";"15:32:33";"152";"Sem vítima";"661,000";"BR-163/MS";"Crescente";"Colisão transversal";1;0;0;0;0;1;0;0;0;0;2;0;0;0;0
"02/12/2025";"16:26:29";"160";"Sem vítima";"5,500";"BR-163/MS";"Crescente";"Colisão traseira";0;0;0;0;0;0;0;0;0;1;4;0;0;0;0
"03/12/2025";"06:48:40";"41";"Sem vítima";"20,000";"BR-163/MS";"Crescente";"Colisão lateral no mesmo sentido";1;0;0;1;0;0;0;0;0;0;1;0;0;0;0
"03/12/2025";"08:07:17";"62";"Com vítima";"561,000";"BR-163/MS";"Crescente";"Colisão lateral no mesmo sentido";2;0;1;0;0;0;0;0;0;0;0;4;0;0;0
"03/12/2025";"12:38:53";"117";"Sem vítima";"562,000";"BR-163/MS";"Decrescente";"Colisão traseira";1;0;0;0;0;1;0;0;0;0;4;0;0;0;0
"03/12/2025";"13:05:12";"120";"Sem vítima";"2,500";"BR-163/MS";"Decrescente";"Colisão traseira";0;0;0;0;0;0;0;0;0;2;2;0;0;0;0
"03/12/2025";"13:57:08";"126";"Com vítima";"127,500";"BR-163/MS";"Decrescente";"Queda de moto";0;0;0;1;0;0;0;0;0;0;0;1;0;0;0
"04/12/2025";"05:10:02";"15";"Com vítima";"843,000";"BR-163/MS";"Crescente";"Tombamento";0;0;1;0;0;0;0;0;0;0;0;1;0;0;0
"04/12/2025";"15:09:17";"119";"Sem vítima";"242,000";"BR-163/MS";"Decrescente";"Colisão lateral no mesmo sentido";1;0;0;0;0;0;0;0;0;0;0;0;0;0;0
"04/12/2025";"16:04:56";"128";"Com vítima";"243,000";"BR-163/MS";"Crescente";"Colisão lateral no mesmo sentido";0;0;1;0;0;0;0;0;0;1;1;1;0;0;0
"05/12/2025";"10:41:41";"80";"Sem vítima";"74,000";"BR-163/MS";"Crescente";"Colisão traseira";0;0;0;0;0;0;0;0;0;2;0;0;0;0;0
"05/12/2025";"13:35:26";"110";"Com vítima";"543,000";"BR-163/MS";"Crescente";"Engavetamento";3;0;0;0;0;0;0;0;0;0;0;3;0;0;0
"05/12/2025";"15:10:46";"120";"Sem vítima";"548,000";"BR-163/MS";"Decrescente";"Colisão transversal";0;0;3;0;0;0;0;0;0;0;0;0;0;0;0
"05/12/2025";"16:47:59";"124";"Sem vítima";"220,000";"BR-163/MS";"Decrescente";"Colisão traseira";2;0;0;0;0;1;0;0;0;0;3;0;0;0;0
"06/12/2025";"14:52:55";"120";"Sem vítima";"674,179";"BR-163/MS";"Decrescente";"Capotamento";1;0;0;0;0;0;0;0;0;0;1;0;0;0;0
"06/12/2025";"17:12:16";"147";"Sem vítima";"255,000";"BR-163/MS";"Decrescente";"Choque";1;0;0;0;0;0;0;0;0;0;1;0;0;0;0
"06/12/2025";"17:54:18";"164";"Com vítima";"237,000";"BR-163/MS";"Decrescente";"Choque";1;0;0;0;0;0;0;0;0;0;1;0;0;0;0
"06/12/2025";"20:32:34";"186";"Sem vítima";"501,000";"BR-163/MS";"Decrescente";"Atropelamento de animal";0;0;0;0;0;0;0;0;0;1;1;0;0;0;0
"07/12/2025";"04:00:51";"15";"Com vítima";"577,900";"BR-163/MS";"Crescente";"Queda de moto";0;0;0;1;0;0;0;0;0;0;0;0;1;0;0
"07/12/2025";"11:54:14";"92";"Sem vítima";"554,000";"BR-163/MS";"Decrescente";"Colisão traseira";1;0;0;0;0;0;0;0;0;1;2;0;0;0;0
"07/12/2025";"16:57:05";"141";"Sem vítima";"335,000";"BR-163/MS";"Crescente";"Colisão lateral no mesmo sentido";0;0;1;0;0;0;0;0;0;1;4;0;0;0;0
"08/12/2025";"03:31:26";"9";"Com vítima";"376,000";"BR-163/MS";"Decrescente";"Queda de moto";0;0;0;1;0;1;0;0;0;0;0;1;0;0;0
"08/12/2025";"06:43:02";"28";"Sem vítima";"534,677";"BR-163/MS";"Decrescente";"Colisão traseira";2;0;0;0;0;0;0;0;0;0;2;0;0;0;0
"08/12/2025";"17:00:47";"153";"Sem vítima";"487,000";"BR-163/MS";"Crescente";"Colisão lateral no mesmo sentido";1;0;1;0;0;0;0;0;0;0;2;0;0;0;0
"08/12/2025";"17:55:57";"164";"Sem vítima";"249,000";"BR-163/MS";"Decrescente";"Acidentes de outra natureza";1;0;0;0;0;0;0;0;0;0;1;0;0;0;0
"08/12/2025";"20:06:10";"184";"Com vítima";"526,000";"BR-163/MS";"Decrescente";"Tombamento";0;0;1;0;0;0;0;0;0;0;0;1;0;0;0
"09/12/2025";"10:36:36";"85";"Sem vítima";"492,500";"BR-163/MS";"Crescente";"Colisão traseira";1;0;0;0;0;0;0;0;0;0;1;0;0;0;0
"09/12/2025";"11:21:00";"94";"Com vítima";"483,000";"BR-163/MS";"Crescente";"Colisão traseira";1;0;0;0;0;0;0;0;0;0;0;0;1;0;0
"09/12/2025";"11:57:06";"101";"Com vítima";"192,000";"BR-163/MS";"Decrescente";"Tombamento";0;0;1;0;0;0;0;0;0;0;0;1;0;0;0
"09/12/2025";"13:17:40";"111";"Sem vítima";"526,000";"BR-163/MS";"Crescente";"Tombamento";0;0;1;0;0;0;0;0;0;0;0;0;0;0;0
"10/12/2025";"10:42:51";"92";"Sem vítima";"775,000";"BR-163/MS";"Decrescente";"Acidentes de outra natureza";0;0;0;0;0;0;0;0;0;1;1;0;0;0;0
"10/12/2025";"11:38:21";"101";"Com vítima";"382,000";"BR-163/MS";"Crescente";"Atropelamento de pedestre";1;0;1;0;0;0;0;0;0;0;3;0;0;0;0
"11/12/2025";"08:12:45";"54";"Sem vítima";"28,500";"BR-163/MS";"Crescente";"Colisão lateral no mesmo sentido";1;0;0;0;0;0;0;0;0;0;2;0;0;0;0
"11/12/2025";"14:54:25";"164";"Com vítima";"823,000";"BR-163/MS";"Decrescente";"Tombamento";0;0;0;0;0;0;0;0;1;0;0;0;0;0;0
"11/12/2025";"17:46:07";"194";"Sem vítima";"454,000";"BR-163/MS";"Crescente";"Colisão lateral no mesmo sentido";0;0;1;0;0;0;0;0;0;0;0;0;0;0;0
"11/12/2025";"19:01:06";"213";"Sem vítima";"527,000";"BR-163/MS";"Crescente";"Choque";0;0;2;0;0;0;0;0;0;0;2;0;0;0;0
"12/12/2025";"11:48:49";"116";"Com vítima";"526,000";"BR-163/MS";"Crescente";"Colisão traseira";2;0;0;0;0;0;0;0;0;0;3;1;0;0;0
"12/12/2025";"14:57:13";"149";"Sem vítima";"80,967";"BR-163/MS";"Decrescente";"Capotamento";1;0;0;0;0;0;0;0;0;0;3;0;0;0;0
"12/12/2025";"19:23:44";"191";"Com vítima";"289,000";"BR-163/MS";"Crescente";"Colisão frontal";0;0;0;0;0;0;0;0;0;2;2;0;1;0;0
"12/12/2025";"22:04:38";"210";"Sem vítima";"363,000";"BR-163/MS";"Decrescente";"Acidentes de outra natureza";1;0;0;0;0;0;0;0;0;0;1;0;0;0;0
"13/12/2025";"00:08:45";"1";"Sem vítima";"263,000";"BR-163/MS";"Crescente";"Acidentes de outra natureza";0;0;0;0;0;0;0;0;0;1;0;0;0;0;0
"13/12/2025";"01:19:18";"10";"Com vítima";"83,000";"BR-163/MS";"Crescente";"Capotamento";1;0;0;0;0;0;0;0;0;0;0;1;0;0;0
"13/12/2025";"06:45:12";"27";"Sem vítima";"703,000";"BR-163/MS";"Crescente";"Choque";0;0;2;0;0;0;0;0;0;0;0;0;0;0;0
"13/12/2025";"07:31:13";"33";"Sem vítima";"437,800";"BR-163/MS";"Crescente";"Acidentes de outra natureza";0;0;0;0;0;0;0;0;0;1;2;0;0;0;0
"13/12/2025";"08:09:17";"39";"Com vítima";"758,000";"BR-163/MS";"Crescente";"Tombamento";0;0;1;0;0;0;0;0;0;1;1;1;0;0;0
"13/12/2025";"08:45:08";"42";"Sem vítima";"5,100";"BR-163/MS";"Crescente";"Colisão traseira";1;0;0;0;0;0;0;0;0;1;0;0;0;0;0
"13/12/2025";"11:43:45";"70";"Sem vítima";"149,000";"BR-163/MS";"Crescente";"Choque";3;0;0;0;0;0;0;0;0;0;0;0;0;0;0
"13/12/2025";"13:13:01";"77";"Sem vítima";"185,000";"BR-163/MS";"Decrescente";"Tombamento";0;0;1;0;0;0;0;0;0;0;0;0;0;0;0
"13/12/2025";"13:54:52";"82";"Com vítima";"498,000";"BR-163/MS";"Crescente";"Acidentes de outra natureza";1;0;0;0;0;0;0;0;0;0;1;1;0;0;0
"13/12/2025";"19:46:25";"149";"Sem vítima";"494,000";"BR-163/MS";"Decrescente";"Engavetamento";0;0;3;0;0;0;0;0;0;0;0;0;0;0;0
"13/12/2025";"21:50:15";"172";"Com vítima";"488,000";"BR-163/MS";"Crescente";"Queda de moto";0;0;0;1;0;0;0;0;0;0;0;1;0;0;0
"14/12/2025";"04:52:05";"21";"Com vítima";"275,000";"BR-163/MS";"Decrescente";"Queda de moto";0;0;0;1;0;0;0;0;0;0;0;1;0;0;0
"14/12/2025";"05:50:14";"25";"Com vítima";"595,000";"BR-163/MS";"Crescente";"Acidentes de outra natureza";1;0;0;0;0;0;0;0;0;0;0;1;0;0;0
"14/12/2025";"06:48:52";"29";"Sem vítima";"411,000";"BR-163/MS";"Decrescente";"Tombamento";0;0;1;0;0;0;0;0;0;0;0;0;0;0;0
"14/12/2025";"09:48:03";"50";"Sem vítima";"572,000";"BR-163/MS";"Crescente";"Acidentes de outra natureza";1;0;0;0;0;0;0;0;0;0;0;0;0;0;0
"14/12/2025";"16:31:03";"102";"Sem vítima";"113,253";"BR-163/MS";"Decrescente";"Colisão traseira";1;0;0;1;0;0;0;0;0;0;0;0;0;0;0
"15/12/2025";"11:09:34";"121";"Sem vítima";"835,000";"BR-163/MS";"Decrescente";"Acidentes de outra natureza";1;0;0;0;0;0;0;0;0;0;0;0;0;0;0
"15/12/2025";"22:28:10";"200";"Sem vítima";"331,000";"BR-163/MS";"Decrescente";"Atropelamento de animal";1;0;0;0;0;0;0;0;0;0;2;0;0;0;0
"17/12/2025";"07:03:52";"55";"Sem vítima";"392,000";"BR-163/MS";"Crescente";"Colisão traseira";1;0;1;0;0;0;0;0;0;0;4;0;0;0;0
"17/12/2025";"08:32:41";"82";"Com vítima";"681,000";"BR-163/MS";"Crescente";"Colisão lateral no mesmo sentido";1;0;0;0;0;0;0;0;0;0;0;1;0;0;0
"17/12/2025";"09:27:50";"98";"Com vítima";"426,000";"BR-163/MS";"Crescente";"Colisão lateral no mesmo sentido";1;0;0;0;0;0;0;0;0;1;3;2;0;0;0
"17/12/2025";"17:43:52";"183";"Sem vítima";"481,000";"BR-163/MS";"Crescente";"Choque";1;0;0;0;0;1;0;0;0;0;3;0;0;0;0
"18/12/2025";"02:10:46";"6";"Com vítima";"186,000";"BR-163/MS";"Crescente";"Tombamento";0;0;1;0;0;0;0;0;0;1;0;1;0;0;0
"18/12/2025";"21:19:09";"178";"Sem vítima";"370,000";"BR-163/MS";"Crescente";"Atropelamento de animal";1;0;0;0;0;0;0;0;0;0;0;0;0;0;0
"19/12/2025";"00:12:55";"2";"Com vítima";"685,000";"BR-163/MS";"Crescente";"Choque";0;0;0;0;0;0;0;0;0;1;0;1;0;0;0
"20/12/2025";"01:24:35";"2";"Com vítima";"288,000";"BR-163/MS";"Decrescente";"Colisão traseira";2;0;0;0;0;0;0;0;0;0;3;1;0;0;0
"20/12/2025";"04:30:22";"9";"Com vítima";"193,000";"BR-163/MS";"Crescente";"Capotamento";1;0;0;0;0;0;0;0;0;0;0;1;0;0;0
"20/12/2025";"10:28:41";"70";"Sem vítima";"26,500";"BR-163/MS";"Decrescente";"Capotamento";1;0;0;0;0;0;0;0;0;0;1;0;0;0;0
"20/12/2025";"10:38:42";"74";"Sem vítima";"690,000";"BR-163/MS";"Crescente";"Acidentes de outra natureza";0;0;1;0;0;0;0;0;0;0;1;0;0;0;0
"20/12/2025";"12:19:30";"91";"Sem vítima";"475,000";"BR-163/MS";"Crescente";"Colisão transversal";1;0;0;0;0;0;0;0;0;0;2;0;0;0;0
"20/12/2025";"15:43:42";"136";"Sem vítima";"724,000";"BR-163/MS";"Crescente";"Acidentes de outra natureza";0;0;0;0;0;0;0;0;0;0;0;0;0;0;0
"20/12/2025";"16:26:22";"144";"Sem vítima";"774,000";"BR-163/MS";"Crescente";"Tombamento";0;0;1;0;0;0;0;0;0;0;1;0;0;0;0
"21/12/2025";"03:27:29";"14";"Com vítima";"793,000";"BR-163/MS";"Decrescente";"Colisão traseira";0;0;1;0;0;0;0;0;0;1;0;9;2;1;1
"21/12/2025";"08:24:02";"50";"Sem vítima";"793,000";"BR-163/MS";"Decrescente";"Colisão lateral no mesmo sentido";3;0;0;0;0;0;0;0;0;0;5;0;0;0;0
"21/12/2025";"09:13:54";"61";"Com vítima";"178,000";"BR-163/MS";"Decrescente";"Acidentes de outra natureza";1;0;0;0;0;0;0;0;0;0;0;1;0;0;0
"21/12/2025";"12:03:10";"102";"Com vítima";"844,000";"BR-163/MS";"Crescente";"Acidentes de outra natureza";1;0;0;0;0;0;0;0;0;0;0;1;0;0;0
"21/12/2025";"13:27:52";"111";"Sem vítima";"748,000";"BR-163/MS";"Crescente";"Acidentes de outra natureza";1;0;0;0;0;0;0;0;0;0;1;0;0;0;0
"21/12/2025";"15:24:55";"134";"Sem vítima";"545,000";"BR-163/MS";"Decrescente";"Colisão traseira";1;0;0;0;0;0;0;0;0;1;1;0;0;0;0
"21/12/2025";"17:48:45";"156";"Sem vítima";"394,800";"BR-163/MS";"Decrescente";"Colisão traseira";1;0;0;0;0;1;0;0;0;0;5;0;0;0;0
"21/12/2025";"20:52:55";"188";"Com vítima";"508,000";"BR-163/MS";"Decrescente";"Acidentes de outra natureza";1;0;1;0;0;0;0;0;0;0;1;1;0;0;0
"21/12/2025";"22:32:42";"202";"Com vítima";"9,000";"BR-163/MS";"Decrescente";"Atropelamento de animal";1;0;0;0;0;0;0;0;0;0;0;1;0;0;0
"22/12/2025";"01:03:03";"4";"Sem vítima";"678,000";"BR-163/MS";"Crescente";"Atropelamento de animal";1;0;0;0;0;0;0;0;0;0;2;0;0;0;0
"22/12/2025";"09:17:35";"60";"Sem vítima";"117,000";"BR-163/MS";"Decrescente";"Tombamento";1;0;0;0;0;0;0;0;0;0;0;0;0;0;0
"22/12/2025";"22:41:05";"203";"Sem vítima";"693,000";"BR-163/MS";"Crescente";"Queda de moto";0;0;0;1;0;0;0;0;0;0;2;0;0;0;0
"23/12/2025";"19:50:41";"162";"Com vítima";"6,000";"BR-163/MS";"Crescente";"Colisão traseira";2;0;0;0;0;0;0;0;0;0;2;0;2;0;0
"23/12/2025";"20:24:48";"172";"Sem vítima";"344,000";"BR-163/MS";"Crescente";"Colisão frontal";1;0;0;0;0;0;0;0;0;0;4;0;0;0;0
"23/12/2025";"22:14:16";"180";"Com vítima";"626,000";"BR-163/MS";"Crescente";"Capotamento";0;0;0;0;0;0;0;0;0;1;0;2;0;0;0
"24/12/2025";"02:23:11";"6";"Sem vítima";"531,000";"BR-163/MS";"Crescente";"Colisão frontal";1;0;0;0;0;0;0;0;0;0;6;0;0;0;0
"24/12/2025";"02:41:59";"7";"Sem vítima";"560,000";"BR-163/MS";"Decrescente";"Atropelamento de animal";1;0;0;0;0;0;0;0;0;0;0;0;0;0;0
"24/12/2025";"10:09:36";"63";"Com vítima";"441,000";"BR-163/MS";"Crescente";"Engavetamento";2;0;0;0;0;1;0;0;0;0;1;4;0;0;0
"25/12/2025";"01:18:07";"3";"Com vítima";"490,000";"BR-163/MS";"Decrescente";"Choque";1;0;0;0;0;0;0;0;0;0;0;1;0;0;0
"25/12/2025";"01:25:35";"4";"Com vítima";"396,000";"BR-163/MS";"Crescente";"Queda de moto";0;0;0;1;0;0;0;0;0;0;0;0;2;0;0
"25/12/2025";"04:36:23";"11";"Com vítima";"488,000";"BR-163/MS";"Crescente";"Queda de moto";0;0;0;1;0;0;0;0;0;0;0;0;1;0;0
"25/12/2025";"06:55:10";"20";"Sem vítima";"439,000";"BR-163/MS";"Crescente";"Choque";1;0;0;0;0;0;0;0;0;0;2;0;0;0;0
"26/12/2025";"07:10:02";"13";"Sem vítima";"616,000";"BR-163/MS";"Decrescente";"Colisão transversal";1;0;0;0;0;1;0;0;0;0;10;0;0;0;0
"26/12/2025";"10:06:01";"55";"Sem vítima";"4,000";"BR-163/MS";"Crescente";"Engavetamento";4;0;0;0;0;0;0;0;0;0;10;0;0;0;0
"26/12/2025";"13:27:00";"93";"Com vítima";"772,000";"BR-163/MS";"Decrescente";"Acidentes de outra natureza";1;0;0;0;0;0;0;0;0;0;0;1;1;0;0
"26/12/2025";"16:18:29";"119";"Sem vítima";"159,000";"BR-163/MS";"Decrescente";"Colisão transversal";1;0;1;0;0;0;0;0;0;0;2;0;0;0;0
"26/12/2025";"21:00:30";"155";"Sem vítima";"545,000";"BR-163/MS";"Crescente";"Atropelamento de animal";1;0;0;0;0;0;0;0;0;0;2;0;0;0;0
"26/12/2025";"23:56:50";"167";"Sem vítima";"256,800";"BR-163/MS";"Decrescente";"Colisão traseira";2;0;0;0;0;0;0;0;0;0;2;0;0;0;0
"27/12/2025";"05:28:00";"10";"Com vítima";"485,000";"BR-163/MS";"Crescente";"Queda de moto";0;0;0;1;0;0;0;0;0;0;0;0;0;1;0
"27/12/2025";"12:46:38";"95";"Sem vítima";"682,900";"BR-163/MS";"Decrescente";"Colisão traseira";0;0;0;0;0;0;0;0;0;2;10;0;0;0;0
"28/12/2025";"01:27:20";"4";"Sem vítima";"389,000";"BR-163/MS";"Crescente";"Colisão frontal";1;0;1;0;0;0;0;0;0;0;8;0;0;0;0
"28/12/2025";"22:01:52";"146";"Com vítima";"478,000";"BR-163/MS";"Crescente";"Colisão traseira";2;0;0;0;0;0;0;0;0;0;1;3;0;0;0
"28/12/2025";"23:10:02";"149";"Sem vítima";"503,600";"BR-163/MS";"Crescente";"Atropelamento de animal";0;0;0;0;0;0;0;0;0;1;2;0;0;0;0
"29/12/2025";"18:58:42";"130";"Com vítima";"485,300";"BR-163/MS";"Crescente";"Atropelamento de pedestre";0;0;0;1;0;0;0;0;0;0;0;0;0;1;0
"30/12/2025";"02:34:39";"9";"Sem vítima";"374,000";"BR-163/MS";"Crescente";"Atropelamento de animal";0;0;0;0;0;0;0;0;0;1;0;0;0;0;0
"30/12/2025";"03:40:50";"10";"Com vítima";"761,000";"BR-163/MS";"Crescente";"Atropelamento de animal";1;0;0;0;0;0;0;0;0;0;0;1;0;0;0
"30/12/2025";"13:26:36";"118";"Com vítima";"466,000";"BR-163/MS";"Crescente";"Tombamento";0;0;0;1;0;0;0;0;0;0;0;2;0;0;0
"31/12/2025";"01:20:39";"5";"Com vítima";"76,000";"BR-163/MS";"Crescente";"Colisão traseira";1;0;0;0;0;0;1;0;0;0;1;0;0;0;0
"01/01/2026";"09:01:45";"24";"Com vítima";"739,000";"BR-163/MS";"Decrescente";"Queda de moto";0;0;0;1;0;0;0;0;0;0;0;1;0;0;0
"01/01/2026";"16:50:47";"73";"Com vítima";"395,900";"BR-163/MS";"Crescente";"Capotamento";1;0;0;0;0;0;0;0;0;0;0;2;0;0;0
"01/01/2026";"19:55:53";"100";"Sem vítima";"223,000";"BR-163/MS";"Crescente";"Colisão lateral no mesmo sentido";1;0;1;0;0;0;0;0;0;0;4;0;0;0;0
"01/01/2026";"20:45:08";"105";"Com vítima";"653,000";"BR-163/MS";"Crescente";"Choque";1;0;1;1;0;0;0;0;0;0;0;5;0;2;0
"02/01/2026";"04:57:44";"16";"Com vítima";"491,000";"BR-163/MS";"Decrescente";"Colisão traseira";0;0;1;0;0;0;0;0;0;1;10;2;0;0;0
"02/01/2026";"19:36:10";"128";"Com vítima";"396,000";"BR-163/MS";"Crescente";"Atropelamento de animal";1;0;0;0;0;0;0;0;0;0;0;5;0;0;0
"03/01/2026";"07:26:52";"11";"Sem vítima";"2,000";"BR-163/MS";"Crescente";"Colisão lateral no mesmo sentido";2;0;0;0;0;0;0;0;0;0;16;0;0;0;0
"03/01/2026";"08:29:13";"27";"Sem vítima";"553,000";"BR-163/MS";"Decrescente";"Colisão lateral no mesmo sentido";1;0;0;0;0;0;0;0;0;1;6;0;0;0;0
"03/01/2026";"15:33:33";"84";"Com vítima";"470,790";"BR-163/MS";"Crescente";"Colisão frontal";1;0;0;0;0;0;0;0;0;1;0;1;1;2;0
"03/01/2026";"18:57:09";"120";"Com vítima";"807,000";"BR-163/MS";"Crescente";"Colisão traseira";1;0;1;0;0;0;0;0;0;0;2;1;0;0;0
"03/01/2026";"21:24:10";"138";"Sem vítima";"754,000";"BR-163/MS";"Crescente";"Atropelamento de animal";1;0;0;0;0;0;0;0;0;0;2;0;0;0;0
"04/01/2026";"05:35:24";"15";"Sem vítima";"786,000";"BR-163/MS";"Crescente";"Acidentes de outra natureza";1;0;0;0;0;0;0;0;0;0;4;0;0;0;0
"04/01/2026";"06:07:41";"17";"Com vítima";"675,000";"BR-163/MS";"Decrescente";"Queda de moto";0;0;0;1;0;0;0;0;0;0;0;2;0;0;0
"04/01/2026";"16:08:46";"123";"Com vítima";"653,000";"BR-163/MS";"Decrescente";"Queda de moto";0;0;0;1;0;0;0;0;0;0;1;0;1;0;0
"05/01/2026";"01:49:17";"11";"Sem vítima";"623,000";"BR-163/MS";"Crescente";"Atropelamento de animal";1;0;0;0;0;0;0;0;0;0;1;0;0;0;0
"05/01/2026";"12:29:24";"132";"Com vítima";"209,000";"BR-163/MS";"Crescente";"Colisão traseira";0;0;0;1;0;0;0;0;0;1;4;1;1;0;0