data;horario;n_da_ocorrencia;tipo_de_ocorrencia;km;trecho;sentido;tipo_de_acidente;automovel;bicicleta;caminhao;moto;onibus;outros;tracao_animal;transporte_de_cargas_especiais;trator_maquinas;utilitarios;ilesos;levemente_feridos;moderadamente_feridos;gravemente_feridos;mortos
"05/01/2026";"19:44:08";"201";"Com vítima";"742,000";"BR-163/MS";"Crescente";"Acidentes de outra natureza";0;0;1;0;0;0;0;0;0;0;0;2;0;0;0
"06/01/2026";"17:27:09";"147";"Com vítima";"334,000";"BR-163/MS";"Crescente";"Colisão frontal";1;0;0;0;0;0;0;0;0;1;2;0;1;0;0
"06/01/2026";"17:43:08";"150";"Sem vítima";"245,000";"BR-163/MS";"Decrescente";"Acidentes de outra natureza";1;0;0;0;0;0;0;0;0;0;6;0;0;0;0
"07/01/2026";"14:17:07";"116";"Com vítima";"32,500";"BR-163/MS";"Decrescente";"Colisão traseira";0;0;0;1;0;0;0;0;0;1;3;0;0;2;0
"07/01/2026";"21:23:22";"176";"Com vítima";"1,000";"BR-163/MS";"Decrescente";"Capotamento";0;0;0;0;0;0;0;0;0;0;0;0;0;0;0
"08/01/2026";"07:39:23";"44";"Com vítima";"483,000";"BR-163/MS";"Crescente";"Colisão traseira";0;0;0;1;0;1;0;0;0;0;2;2;0;0;0
"08/01/2026";"09:29:28";"68";"Com vítima";"466,000";"BR-163/MS";"Decrescente";"Colisão lateral no mesmo sentido";0;0;2;0;0;0;0;0;0;0;1;1;0;0;0
"08/01/2026";"10:59:25";"101";"Sem vítima";"613,000";"BR-163/MS";"Decrescente";"Acidentes de outra natureza";0;0;1;0;0;0;0;0;0;0;1;0;0;0;0
"08/01/2026";"14:09:28";"135";"Sem vítima";"366,000";"BR-163/MS";"Crescente";"Colisão traseira";2;0;0;0;0;0;0;0;0;0;10;0;0;0;0
"08/01/2026";"19:21:51";"198";"Sem vítima";"258,000";"BR-163/MS";"Decrescente";"Colisão traseira";0;0;1;0;0;0;0;0;0;1;1;0;0;0;0
"08/01/2026";"21:08:42";"208";"Sem vítima";"533,824";"BR-163/MS";"Crescente";"Choque";0;0;1;0;0;0;0;0;0;0;6;0;0;0;0
"08/01/2026";"22:10:16";"215";"Sem vítima";"764,000";"BR-163/MS";"Crescente";"Atropelamento de animal";1;0;0;0;0;0;0;0;0;0;4;0;0;0;0
"08/01/2026";"23:35:28";"220";"Com vítima";"685,000";"BR-163/MS";"Crescente";"Atropelamento de animal";1;0;0;0;0;0;0;0;0;0;0;1;0;0;0
"09/01/2026";"12:57:22";"113";"Sem vítima";"359,000";"BR-163/MS";"Crescente";"Colisão traseira";2;0;0;0;0;0;0;0;0;0;14;0;0;0;0
"09/01/2026";"16:47:21";"155";"Sem vítima";"515,000";"BR-163/MS";"Crescente";"Colisão traseira";0;0;0;0;0;0;0;0;0;0;0;0;0;0;0
"09/01/2026";"20:23:52";"182";"Com vítima";"623,000";"BR-163/MS";"Crescente";"Choque";1;0;0;0;0;0;0;0;0;0;0;1;1;0;0
"09/01/2026";"22:40:00";"196";"Sem vítima";"118,000";"BR-163/MS";"Decrescente";"Acidentes de outra natureza";1;0;0;0;0;1;0;0;0;0;4;0;0;0;0
"11/01/2026";"06:00:31";"13";"Sem vítima";"203,699";"BR-163/MS";"Decrescente";"Tombamento";0;0;1;0;0;0;0;0;0;0;1;0;0;0;0
"11/01/2026";"17:04:16";"73";"Sem vítima";"575,000";"BR-163/MS";"Decrescente";"Colisão lateral no mesmo sentido";1;0;1;0;0;0;0;0;0;0;2;0;0;0;0
"12/01/2026";"07:45:23";"36";"Sem vítima";"298,000";"BR-163/MS";"Crescente";"Choque";1;0;0;0;0;0;0;0;0;0;1;0;0;0;0
"12/01/2026";"15:02:00";"111";"Com vítima";"560,000";"BR-163/MS";"Crescente";"Engavetamento";0;0;1;0;0;0;0;0;0;1;2;4;0;0;0
"12/01/2026";"19:19:03";"144";"Sem vítima";"277,000";"BR-163/MS";"Decrescente";"Colisão traseira";1;0;1;0;0;0;0;0;0;0;1;0;0;0;0
"13/01/2026";"03:24:17";"7";"Com vítima";"328,000";"BR-163/MS";"Decrescente";"Acidentes de outra natureza";0;0;0;0;0;0;0;0;0;0;0;0;0;0;0
"13/01/2026";"14:09:32";"135";"Com vítima";"266,000";"BR-163/MS";"Crescente";"Queda de moto";0;0;0;1;0;0;0;0;0;0;0;0;1;0;0
"13/01/2026";"16:23:10";"162";"Sem vítima";"348,000";"BR-163/MS";"Decrescente";"Acidentes de outra natureza";1;0;0;0;0;0;0;0;0;0;2;0;0;0;0
"13/01/2026";"17:12:52";"175";"Com vítima";"490,000";"BR-163/MS";"Decrescente";"Colisão traseira";2;0;0;1;0;0;0;0;0;0;4;2;0;0;0
"13/01/2026";"22:40:01";"206";"Sem vítima";"577,000";"BR-163/MS";"Crescente";"Atropelamento de animal";1;0;0;0;0;0;0;0;0;0;4;0;0;0;0
"14/01/2026";"07:58:02";"46";"Com vítima";"485,000";"BR-163/MS";"Crescente";"Colisão traseira";0;0;0;1;0;0;0;0;0;1;1;1;0;0;0
"14/01/2026";"13:37:13";"126";"Com vítima";"479,000";"BR-163/MS";"Crescente";"Acidentes de outra natureza";0;0;0;1;0;0;0;0;0;0;0;2;0;0;0
"14/01/2026";"20:38:15";"191";"Sem vítima";"42,000";"BR-163/MS";"Crescente";"Colisão lateral no mesmo sentido";0;0;0;0;0;0;0;0;0;1;1;0;0;0;0
"14/01/2026";"22:49:14";"202";"Sem vítima";"239,300";"BR-163/MS";"Crescente";"Tombamento";0;0;1;0;0;0;0;0;0;0;1;0;0;0;0
"15/01/2026";"10:23:59";"97";"Com vítima";"495,000";"BR-163/MS";"Crescente";"Queda de moto";0;0;0;1;0;0;0;0;0;0;0;0;0;1;0
"15/01/2026";"14:55:41";"135";"Sem vítima";"18,900";"BR-163/MS";"Decrescente";"Colisão lateral no mesmo sentido";1;0;0;0;0;0;0;0;0;1;14;0;0;0;0
"16/01/2026";"17:28:40";"130";"Sem vítima";"763,000";"BR-163/MS";"Decrescente";"Atropelamento de animal";1;0;0;0;0;0;0;0;0;0;0;0;0;0;0
"16/01/2026";"20:30:25";"160";"Sem vítima";"478,000";"BR-163/MS";"Crescente";"Colisão lateral no mesmo sentido";1;0;1;0;0;0;0;0;0;0;3;0;0;0;0
"16/01/2026";"23:16:03";"170";"Sem vítima";"835,000";"BR-163/MS";"Crescente";"Atropelamento de animal";1;0;0;0;0;0;0;0;0;0;1;0;0;0;0
"17/01/2026";"14:18:21";"125";"Com vítima";"107,200";"BR-163/MS";"Crescente";"Queda de moto";0;0;0;1;0;0;0;0;0;0;2;2;0;0;0
"18/01/2026";"01:39:06";"11";"Sem vítima";"146,000";"BR-163/MS";"Crescente";"Tombamento";0;0;1;0;0;0;0;0;0;0;1;0;0;0;0
"18/01/2026";"12:18:17";"109";"Com vítima";"106,000";"BR-163/MS";"Decrescente";"Acidentes de outra natureza";1;0;0;0;0;0;0;0;0;0;2;2;0;0;0
"18/01/2026";"22:00:14";"204";"Sem vítima";"344,000";"BR-163/MS";"Crescente";"Choque";1;0;0;0;0;0;0;0;0;0;0;0;0;0;0
"19/01/2026";"12:35:56";"146";"Sem vítima";"461,000";"BR-163/MS";"Decrescente";"Colisão traseira";0;0;0;0;0;1;0;0;0;1;2;0;0;0;0
"19/01/2026";"20:26:09";"230";"Sem vítima";"817,000";"BR-163/MS";"Crescente";"Acidentes de outra natureza";1;0;0;0;0;0;0;0;0;0;3;0;0;0;0
"19/01/2026";"22:14:37";"240";"Sem vítima";"394,000";"BR-163/MS";"Crescente";"Atropelamento de animal";1;0;0;0;0;0;0;0;0;0;4;0;0;0;0
"20/01/2026";"09:20:56";"80";"Com vítima";"315,000";"BR-163/MS";"Decrescente";"Queda de moto";1;0;0;0;0;0;0;0;0;0;0;1;0;0;0
"20/01/2026";"12:08:47";"106";"Sem vítima";"263,000";"BR-163/MS";"Decrescente";"Colisão traseira";2;0;0;0;0;0;0;0;0;0;0;0;0;0;0
"20/01/2026";"17:06:59";"141";"Sem vítima";"160,000";"BR-163/MS";"Crescente";"Acidentes de outra natureza";0;0;1;0;0;0;0;0;0;0;1;0;0;0;0
"21/01/2026";"18:39:40";"174";"Sem vítima";"500,500";"BR-163/MS";"Decrescente";"Acidentes de outra natureza";0;0;0;0;0;0;0;0;0;1;2;0;0;0;0
"22/01/2026";"10:21:15";"62";"Com vítima";"245,000";"BR-163/MS";"Decrescente";"Colisão traseira";1;0;0;0;1;0;0;0;0;0;6;2;0;0;0
"22/01/2026";"15:34:14";"154";"Sem vítima";"675,000";"BR-163/MS";"Decrescente";"Colisão traseira";1;0;1;0;0;0;0;0;0;0;2;0;0;0;0
"22/01/2026";"18:07:29";"179";"Sem vítima";"117,000";"BR-163/MS";"Crescente";"Colisão traseira";0;0;2;0;0;0;0;0;0;0;2;0;0;0;0
"23/01/2026";"11:23:48";"118";"Sem vítima";"557,000";"BR-163/MS";"Decrescente";"Acidentes de outra natureza";0;0;1;0;0;0;0;0;0;0;2;0;0;0;0
"23/01/2026";"14:20:54";"153";"Sem vítima";"435,300";"BR-163/MS";"Decrescente";"Acidentes de outra natureza";0;0;0;0;0;0;0;0;0;1;1;0;0;0;0
"23/01/2026";"21:57:50";"234";"Sem vítima";"139,000";"BR-163/MS";"Decrescente";"Atropelamento de animal";1;0;0;0;0;0;0;0;0;0;3;0;0;0;0
"24/01/2026";"13:56:18";"117";"Sem vítima";"681,000";"BR-163/MS";"Decrescente";"Colisão transversal";0;0;0;1;0;0;0;0;0;1;3;0;0;0;0
"24/01/2026";"20:25:26";"160";"Com vítima";"254,000";"BR-163/MS";"Crescente";"Atropelamento de pedestre";0;0;0;0;0;0;0;0;0;1;1;0;0;0;1
"25/01/2026";"09:16:07";"57";"Sem vítima";"188,200";"BR-163/MS";"Crescente";"Queda de moto";0;0;0;1;0;0;0;0;0;0;2;0;0;0;0
"26/01/2026";"11:33:16";"120";"Sem vítima";"828,000";"BR-163/MS";"Crescente";"Acidentes de outra natureza";0;0;0;0;0;0;0;0;0;1;4;0;0;0;0
"26/01/2026";"17:16:53";"157";"Sem vítima";"467,000";"BR-163/MS";"Crescente";"Colisão traseira";0;0;2;0;0;0;0;0;0;0;2;0;0;0;0
"26/01/2026";"22:52:11";"195";"Sem vítima";"368,000";"BR-163/MS";"Crescente";"Acidentes de outra natureza";1;0;0;0;0;0;0;0;0;0;1;0;0;0;0
"27/01/2026";"05:58:09";"24";"Sem vítima";"757,000";"BR-163/MS";"Crescente";"Acidentes de outra natureza";0;0;1;0;0;0;0;0;0;0;2;0;0;0;0
"27/01/2026";"15:49:43";"176";"Com vítima";"493,500";"BR-163/MS";"Decrescente";"Capotamento";0;0;0;0;0;0;0;0;0;1;0;1;0;0;0
"28/01/2026";"07:47:32";"61";"Com vítima";"487,000";"BR-163/MS";"Decrescente";"Colisão transversal";2;0;0;0;0;0;0;0;0;0;0;2;1;0;0
"28/01/2026";"09:52:29";"104";"Com vítima";"270,000";"BR-163/MS";"Decrescente";"Colisão traseira";0;0;0;1;0;1;0;0;0;0;0;1;0;0;0
"28/01/2026";"15:58:19";"178";"Sem vítima";"466,000";"BR-163/MS";"Decrescente";"Queda de moto";0;0;0;1;0;0;0;0;0;0;1;0;0;0;0
"28/01/2026";"17:35:41";"190";"Sem vítima";"267,000";"BR-163/MS";"Crescente";"Colisão traseira";0;0;0;0;0;1;0;0;0;1;1;0;0;0;0
"29/01/2026";"12:09:17";"124";"Sem vítima";"21,300";"BR-163/MS";"Decrescente";"Capotamento";1;0;0;0;0;0;0;0;0;0;0;0;0;0;0
"30/01/2026";"09:54:49";"92";"Sem vítima";"725,000";"BR-163/MS";"Crescente";"Colisão traseira";0;0;2;0;0;0;0;0;0;0;2;0;0;0;0
"30/01/2026";"14:06:09";"138";"Sem vítima";"510,000";"BR-163/MS";"Crescente";"Tombamento";0;0;1;0;0;0;0;0;0;0;1;0;0;0;0
"30/01/2026";"18:58:45";"178";"Com vítima";"615,500";"BR-163/MS";"Crescente";"Colisão transversal";0;0;0;1;0;0;0;0;0;1;1;1;0;0;0
"30/01/2026";"20:50:00";"194";"Com vítima";"834,300";"BR-163/MS";"Decrescente";"Colisão traseira";0;0;1;0;0;0;0;0;0;1;3;1;1;0;0
"31/01/2026";"10:21:11";"101";"Com vítima";"320,500";"BR-163/MS";"Decrescente";"Colisão frontal";1;0;0;0;0;0;0;0;0;1;1;1;1;0;0
"31/01/2026";"11:00:02";"109";"Com vítima";"502,000";"BR-163/MS";"Decrescente";"Atropelamento de pedestre";0;0;0;0;0;0;0;0;0;0;0;0;0;1;0
"31/01/2026";"16:21:55";"156";"Sem vítima";"686,500";"BR-163/MS";"Decrescente";"Colisão traseira";0;0;2;0;0;0;0;0;0;0;2;0;0;0;0
"31/01/2026";"16:50:09";"165";"Sem vítima";"739,000";"BR-163/MS";"Decrescente";"Colisão lateral no mesmo sentido";1;0;0;0;0;0;0;0;0;0;1;0;0;0;0
"31/01/2026";"23:54:35";"188";"Sem vítima";"307,000";"BR-163/MS";"Decrescente";"Queda de moto";0;0;0;1;0;0;0;0;0;1;0;0;0;0;0
"01/02/2026";"18:15:42";"129";"Sem vítima";"171,000";"BR-163/MS";"Crescente";"Choque";0;0;0;0;0;0;0;0;0;1;2;0;0;0;0
"01/02/2026";"19:42:40";"139";"Sem vítima";"495,000";"BR-163/MS";"Decrescente";"Acidentes de outra natureza";1;0;0;0;0;0;0;0;0;0;3;0;0;0;0
"02/02/2026";"10:27:29";"96";"Sem vítima";"477,000";"BR-163/MS";"Decrescente";"Colisão transversal";1;0;1;0;0;0;0;0;0;0;3;0;0;0;0
"02/02/2026";"14:05:24";"121";"Sem vítima";"475,000";"BR-163/MS";"Decrescente";"Colisão transversal";1;0;0;0;0;0;0;0;0;0;2;0;0;0;0
"02/02/2026";"19:51:37";"168";"Sem vítima";"778,000";"BR-163/MS";"Crescente";"Tombamento";0;0;1;0;0;0;0;0;0;0;1;0;0;0;0
"03/02/2026";"13:49:28";"109";"Sem vítima";"526,000";"BR-163/MS";"Decrescente";"Acidentes de outra natureza";1;0;0;0;0;0;0;0;0;0;1;0;0;0;0
"03/02/2026";"22:11:40";"164";"Sem vítima";"527,000";"BR-163/MS";"Crescente";"Acidentes de outra natureza";1;0;0;0;0;0;0;0;0;0;1;0;0;0;0
"04/02/2026";"03:00:53";"7";"Sem vítima";"587,000";"BR-163/MS";"Decrescente";"Tombamento";0;0;0;0;0;0;0;0;0;0;0;0;0;0;0
"04/02/2026";"08:00:26";"70";"Sem vítima";"711,000";"BR-163/MS";"Crescente";"Tombamento";0;0;0;0;0;0;0;0;0;1;0;0;0;0;0
"04/02/2026";"08:12:51";"75";"Sem vítima";"486,300";"BR-163/MS";"Crescente";"Colisão lateral no mesmo sentido";2;0;0;0;0;0;0;0;0;0;0;0;0;0;0
"04/02/2026";"16:25:29";"145";"Com vítima";"787,000";"BR-163/MS";"Crescente";"Colisão frontal";2;0;0;0;0;0;0;0;0;0;1;1;3;0;0
"04/02/2026";"17:05:46";"151";"Com vítima";"787,000";"BR-163/MS";"Crescente";"Colisão traseira";2;0;0;0;0;0;0;0;0;0;3;1;0;0;0
"05/02/2026";"03:33:19";"9";"Com vítima";"123,000";"BR-163/MS";"Crescente";"Colisão frontal";0;0;0;2;0;0;0;0;0;0;0;0;2;0;0
"05/02/2026";"13:39:10";"138";"Sem vítima";"317,000";"BR-163/MS";"Decrescente";"Tombamento";0;0;1;0;0;0;0;0;0;0;1;0;0;0;0
"05/02/2026";"23:05:19";"221";"Sem vítima";"707,000";"BR-163/MS";"Crescente";"Acidentes de outra natureza";0;0;1;0;0;0;0;0;0;0;1;0;0;0;0
"05/02/2026";"23:36:28";"224";"Sem vítima";"563,000";"BR-163/MS";"Crescente";"Colisão traseira";0;0;2;0;0;0;0;0;0;0;2;0;0;0;0
"06/02/2026";"03:45:47";"8";"Com vítima";"481,600";"BR-163/MS";"Crescente";"Colisão traseira";0;0;1;1;0;0;0;0;0;0;1;0;0;2;0
"06/02/2026";"15:38:15";"172";"Sem vítima";"486,000";"BR-163/MS";"Decrescente";"Colisão transversal";1;0;0;0;0;0;0;0;0;1;5;0;0;0;0
"06/02/2026";"17:13:15";"188";"Sem vítima";"201,000";"BR-163/MS";"Crescente";"Choque";0;0;1;0;0;0;0;0;0;0;1;0;0;0;0
"06/02/2026";"21:48:04";"235";"Com vítima";"489,000";"BR-163/MS";"Crescente";"Colisão traseira";0;0;0;1;0;1;0;0;0;0;0;2;0;0;0
"07/02/2026";"02:06:23";"6";"Sem vítima";"600,000";"BR-163/MS";"Decrescente";"Atropelamento de animal";1;0;0;0;0;0;0;0;0;0;2;0;0;0;0
"09/02/2026";"18:09:06";"187";"Sem vítima";"559,000";"BR-163/MS";"Crescente";"Atropelamento de animal";1;0;0;0;0;0;0;0;0;0;1;0;0;0;0
"10/02/2026";"06:06:51";"14";"Com vítima";"254,000";"BR-163/MS";"Decrescente";"Queda de moto";0;0;0;1;0;0;0;0;0;0;0;0;0;1;0
"10/02/2026";"15:00:28";"154";"Sem vítima";"11,200";"BR-163/MS";"Decrescente";"Colisão lateral no mesmo sentido";1;0;0;0;0;1;0;0;0;0;1;0;0;0;0
"10/02/2026";"16:17:09";"169";"Sem vítima";"806,000";"BR-163/MS";"Crescente";"Tombamento";0;0;1;0;0;0;0;0;0;0;1;0;0;0;0
"11/02/2026";"03:46:21";"5";"Sem vítima";"341,800";"BR-163/MS";"Decrescente";"Colisão lateral no mesmo sentido";1;0;1;0;0;0;0;0;0;0;3;0;0;0;0
"11/02/2026";"07:30:39";"61";"Sem vítima";"420,000";"BR-163/MS";"Crescente";"Colisão traseira";2;0;0;0;0;0;0;0;0;0;4;0;0;0;0
"11/02/2026";"16:57:14";"209";"Sem vítima";"65,500";"BR-163/MS";"Decrescente";"Colisão lateral no mesmo sentido";1;0;1;0;0;0;0;0;0;0;3;0;0;0;0
"11/02/2026";"21:09:44";"244";"Sem vítima";"748,400";"BR-163/MS";"Crescente";"Tombamento";0;0;0;0;0;0;0;0;0;1;1;0;0;0;0
"13/02/2026";"00:15:03";"2";"Sem vítima";"189,000";"BR-163/MS";"Decrescente";"Colisão lateral no mesmo sentido";1;0;0;0;0;0;0;0;0;0;2;0;0;0;0
"13/02/2026";"06:59:16";"27";"Com vítima";"468,000";"BR-163/MS";"Crescente";"Colisão lateral no mesmo sentido";0;0;0;0;0;0;0;0;0;1;0;1;0;0;0
"13/02/2026";"07:34:40";"44";"Sem vítima";"526,000";"BR-163/MS";"Decrescente";"Acidentes de outra natureza";0;0;0;0;0;0;0;0;0;1;1;0;0;0;0
"13/02/2026";"08:39:38";"66";"Com vítima";"499,000";"BR-163/MS";"Crescente";"Capotamento";1;0;0;0;0;0;0;0;0;0;0;2;0;0;0
"13/02/2026";"21:26:17";"232";"Sem vítima";"444,000";"BR-163/MS";"Decrescente";"Atropelamento de animal";1;0;0;0;0;0;0;0;0;0;1;0;0;0;0
"14/02/2026";"03:13:48";"9";"Sem vítima";"617,000";"BR-163/MS";"Crescente";"Colisão traseira";2;0;0;0;0;0;0;0;0;0;5;0;0;0;0
"14/02/2026";"11:18:08";"79";"Sem vítima";"206,000";"BR-163/MS";"Decrescente";"Colisão lateral no mesmo sentido";0;0;1;1;0;0;0;0;0;0;1;0;0;0;0
"14/02/2026";"12:28:20";"93";"Com vítima";"553,000";"BR-163/MS";"Crescente";"Colisão lateral no mesmo sentido";0;0;0;0;0;0;0;0;0;2;2;1;0;0;0
"14/02/2026";"17:32:23";"157";"Com vítima";"265,108";"BR-163/MS";"Crescente";"Queda de moto";0;0;0;1;0;0;0;0;0;0;0;1;0;0;0
"14/02/2026";"19:19:02";"176";"Sem vítima";"783,000";"BR-163/MS";"Crescente";"Atropelamento de animal";1;0;0;0;0;0;0;0;0;0;1;0;0;0;0
"15/02/2026";"17:16:37";"133";"Com vítima";"839,000";"BR-163/MS";"Decrescente";"Colisão traseira";2;0;0;0;0;0;0;0;0;0;3;1;0;0;0
"15/02/2026";"19:30:56";"159";"Sem vítima";"248,400";"BR-163/MS";"Crescente";"Queda de moto";0;0;0;1;0;0;0;0;0;0;1;0;0;0;0
"16/02/2026";"13:19:28";"158";"Sem vítima";"52,000";"BR-163/MS";"Crescente";"Colisão traseira";0;0;0;0;0;0;0;0;0;1;2;0;0;0;0
"16/02/2026";"17:21:59";"196";"Com vítima";"32,000";"BR-163/MS";"Decrescente";"Choque";0;0;0;1;0;0;0;0;0;0;0;1;0;0;0
"16/02/2026";"21:28:04";"227";"Com vítima";"251,300";"BR-163/MS";"Crescente";"Colisão traseira";0;0;0;1;0;0;0;0;0;1;1;0;0;1;0
"17/02/2026";"10:46:14";"111";"Sem vítima";"382,000";"BR-163/MS";"Decrescente";"Colisão traseira";1;0;0;0;0;0;0;0;0;0;0;0;0;0;0
"17/02/2026";"20:32:18";"204";"Sem vítima";"157,000";"BR-163/MS";"Crescente";"Atropelamento de animal";1;0;0;0;0;0;0;0;0;0;0;0;0;0;0
"18/02/2026";"16:09:57";"184";"Com vítima";"106,000";"BR-163/MS";"Crescente";"Capotamento";1;0;0;0;0;0;0;0;0;0;1;1;0;0;0
"18/02/2026";"19:35:13";"209";"Sem vítima";"625,000";"BR-163/MS";"Crescente";"Atropelamento de animal";1;0;0;0;0;0;0;0;0;0;3;0;0;0;0
"19/02/2026";"07:09:10";"61";"Com vítima";"547,000";"BR-163/MS";"Decrescente";"Tombamento";0;0;0;0;0;0;0;0;0;0;0;0;0;0;0
"19/02/2026";"10:27:49";"125";"Sem vítima";"14,000";"BR-163/MS";"Decrescente";"Colisão lateral no mesmo sentido";1;0;0;1;0;0;0;0;0;0;1;0;0;0;0
"19/02/2026";"20:10:11";"206";"Com vítima";"814,000";"BR-163/MS";"Crescente";"Colisão frontal";0;0;0;1;0;0;0;0;0;1;1;0;1;0;0
"20/02/2026";"17:49:58";"189";"Com vítima";"477,000";"BR-163/MS";"Crescente";"Colisão lateral no mesmo sentido";1;0;0;1;0;0;0;0;0;0;1;1;0;0;0
"20/02/2026";"18:03:11";"192";"Sem vítima";"24,200";"BR-163/MS";"Crescente";"Colisão lateral no mesmo sentido";2;0;0;0;0;0;0;0;0;0;3;0;0;0;0
"20/02/2026";"19:27:24";"213";"Sem vítima";"310,350";"BR-163/MS";"Crescente";"Choque";0;0;1;0;0;0;0;0;0;0;1;0;0;0;0
"21/02/2026";"17:15:58";"155";"Sem vítima";"19,000";"BR-163/MS";"Crescente";"Engavetamento";1;0;1;0;0;0;0;0;0;0;0;0;0;0;0
"21/02/2026";"18:12:15";"162";"Com vítima";"251,000";"BR-163/MS";"Decrescente";"Engavetamento";1;0;0;1;0;1;0;0;0;0;1;1;0;0;0
"21/02/2026";"18:59:01";"169";"Com vítima";"287,000";"BR-163/MS";"Crescente";"Colisão lateral no mesmo sentido";0;0;0;1;0;0;0;0;0;0;0;0;0;0;1
"21/02/2026";"19:59:21";"182";"Sem vítima";"510,000";"BR-163/MS";"Decrescente";"Atropelamento de animal";1;0;0;0;0;0;0;0;0;0;1;0;0;0;0
"22/02/2026";"19:06:50";"137";"Sem vítima";"484,000";"BR-163/MS";"Crescente";"Atropelamento de animal";1;0;0;0;0;1;0;0;0;0;4;0;0;0;0
"23/02/2026";"09:52:39";"100";"Sem vítima";"822,800";"BR-163/MS";"Crescente";"Choque";1;0;0;0;0;0;0;0;0;0;1;0;0;0;0
"23/02/2026";"13:51:40";"128";"Sem vítima";"661,800";"BR-163/MS";"Crescente";"Colisão traseira";1;0;1;0;0;0;0;0;0;0;0;0;0;0;0
"23/02/2026";"17:26:58";"154";"Com vítima";"578,500";"BR-163/MS";"Crescente";"Choque";0;0;1;0;0;0;0;0;0;1;1;1;0;0;0
"24/02/2026";"09:55:50";"97";"Com vítima";"23,000";"BR-163/MS";"Crescente";"Colisão lateral no mesmo sentido";0;0;0;1;0;0;0;0;0;1;2;0;0;1;0
"24/02/2026";"12:42:52";"130";"Com vítima";"490,000";"BR-163/MS";"Crescente";"Colisão lateral no mesmo sentido";1;0;0;1;0;0;0;0;0;0;0;0;1;0;0
"24/02/2026";"12:58:36";"134";"Com vítima";"538,000";"BR-163/MS";"Decrescente";"Engavetamento";2;0;0;0;0;0;0;0;0;2;5;2;0;0;0
"24/02/2026";"20:43:22";"187";"Sem vítima";"135,850";"BR-163/MS";"Decrescente";"Acidentes de outra natureza";0;0;0;0;0;0;0;0;0;0;0;0;0;0;0
"25/02/2026";"08:21:22";"78";"Sem vítima";"479,000";"BR-163/MS";"Decrescente";"Colisão traseira";1;0;0;1;0;0;0;0;0;0;0;0;0;0;0
"25/02/2026";"12:19:05";"131";"Sem vítima";"6,500";"BR-163/MS";"Crescente";"Engavetamento";1;0;0;0;0;1;0;0;0;0;1;0;0;0;0
"25/02/2026";"21:14:33";"211";"Sem vítima";"80,900";"BR-163/MS";"Decrescente";"Atropelamento de animal";1;0;0;0;0;0;0;0;0;0;0;0;0;0;0
"26/02/2026";"11:11:59";"143";"Sem vítima";"615,300";"BR-163/MS";"Crescente";"Colisão lateral no mesmo sentido";1;0;1;0;0;0;0;0;0;0;4;0;0;0;0
"26/02/2026";"19:20:57";"228";"Com vítima";"534,000";"BR-163/MS";"Decrescente";"Atropelamento de animal";1;0;0;0;0;0;0;0;0;0;0;2;0;0;0
"26/02/2026";"21:50:11";"250";"Com vítima";"265,000";"BR-163/MS";"Decrescente";"Colisão traseira";1;0;0;1;0;0;0;0;0;0;2;2;0;0;0
"27/02/2026";"01:26:37";"7";"Sem vítima";"221,000";"BR-163/MS";"Crescente";"Atropelamento de animal";1;0;0;0;0;0;0;0;0;0;4;0;0;0;0
"27/02/2026";"06:31:47";"42";"Com vítima";"484,000";"BR-163/MS";"Crescente";"Colisão traseira";1;0;0;1;0;0;0;0;0;0;2;2;0;0;0
"27/02/2026";"09:43:00";"116";"Sem vítima";"5,850";"BR-163/MS";"Crescente";"Colisão traseira";1;0;0;1;0;0;0;0;0;0;0;0;0;0;0
"27/02/2026";"16:25:47";"173";"Sem vítima";"454,000";"BR-163/MS";"Decrescente";"Engavetamento";5;0;0;0;0;0;0;0;0;0;0;0;0;0;0
"27/02/2026";"20:06:15";"206";"Com vítima";"488,000";"BR-163/MS";"Decrescente";"Colisão traseira";1;0;0;1;0;0;0;0;0;0;2;2;0;0;0
"28/02/2026";"00:30:32";"1";"Sem vítima";"304,000";"BR-163/MS";"Crescente";"Acidentes de outra natureza";1;0;0;0;0;0;0;0;0;0;1;0;0;0;0
"28/02/2026";"09:41:32";"89";"Com vítima";"240,300";"BR-163/MS";"Crescente";"Tombamento";1;0;0;0;0;0;0;0;0;0;0;2;0;0;0
"28/02/2026";"16:34:21";"173";"Com vítima";"486,000";"BR-163/MS";"Crescente";"Colisão transversal";1;0;0;1;0;0;0;0;0;0;2;2;0;0;0
"28/02/2026";"21:11:35";"211";"Sem vítima";"431,000";"BR-163/MS";"Decrescente";"Acidentes de outra natureza";1;0;0;0;0;0;0;0;0;0;6;0;0;0;0